time_s,temperature_C,pwm,heat_cool
0.12,38.9,213,1
0.24,38.86,213,1
0.37,38.83,213,1
0.49,38.81,213,1
0.61,38.79,213,1
0.73,38.79,213,1
0.85,38.78,213,1
0.98,38.81,213,1
1.1,38.82,213,1
1.22,38.87,213,1
1.34,38.91,213,1
1.47,38.96,213,1
1.59,39.03,213,1
1.71,39.11,213,1
1.83,39.2,213,1
1.96,39.28,213,1
2.08,39.39,213,1
2.2,39.49,213,1
2.32,39.61,213,1
2.44,39.72,213,1
2.57,39.84,213,1
2.69,39.97,213,1
2.81,40.1,213,1
2.93,40.25,213,1
3.06,40.39,214,1
3.18,40.54,213,1
3.3,40.69,213,1
3.42,40.86,213,1
3.55,41.02,213,1
3.67,41.18,11,1
3.79,41.35,42,1
3.91,41.52,91,1
4.04,41.7,91,1
4.16,41.86,91,1
4.28,42.04,91,1
4.4,42.2,91,1
4.53,42.36,91,1
4.65,42.51,91,1
4.77,42.67,91,1
4.89,42.81,91,1
5.01,42.96,91,1
5.14,43.09,91,1
5.26,43.24,91,1
5.38,43.37,91,1
5.5,43.51,91,1
5.62,43.64,91,1
5.75,43.78,91,1
5.87,43.9,91,1
5.99,44.03,91,1
6.11,44.15,105,1
6.24,44.28,127,1
6.36,44.4,140,1
6.48,44.52,140,1
6.6,44.63,140,1
6.73,44.76,140,1
6.85,44.87,140,1
6.97,44.99,140,1
7.09,45.11,140,1
7.22,45.24,140,1
7.34,45.37,140,1
7.46,45.49,140,1
7.58,45.61,140,1
7.7,45.74,140,1
7.83,45.88,140,1
7.95,45.99,140,1
8.07,46.14,140,1
8.19,46.26,140,1
8.31,46.39,140,1
8.44,46.5,140,1
8.56,46.64,140,1
8.68,46.77,140,1
8.8,46.91,140,1
8.93,47.02,140,1
9.05,47.17,140,1
9.17,47.28,140,1
9.29,47.43,140,1
9.41,47.55,140,1
9.54,47.68,140,1
9.66,47.81,140,1
9.78,47.95,140,1
9.9,48.07,140,1
10.02,48.21,140,1
10.15,48.33,140,1
10.27,48.47,140,1
10.39,48.59,140,1
10.51,48.72,140,1
10.64,48.85,140,1
10.76,48.99,140,1
10.88,49.1,140,1
11.0,49.24,140,1
11.12,49.37,140,1
11.25,49.51,140,1
11.37,49.63,140,1
11.49,49.77,140,1
11.61,49.9,140,1
11.74,50.02,140,1
11.86,50.15,140,1
11.98,50.27,140,1
12.1,50.4,140,1
12.22,50.53,140,1
12.35,50.66,140,1
12.47,50.78,140,1
12.59,50.92,140,1
12.71,51.04,140,1
12.84,51.17,140,1
12.96,51.29,140,1
13.08,51.42,140,1
13.2,51.53,140,1
13.32,51.67,140,1
13.45,51.8,140,1
13.57,51.92,140,1
13.69,52.04,140,1
13.81,52.16,140,1
13.94,52.28,140,1
14.06,52.41,140,1
14.18,52.53,140,1
14.3,52.64,140,1
14.42,52.76,140,1
14.55,52.9,140,1
14.67,53.0,140,1
14.79,53.14,140,1
14.91,53.24,140,1
15.03,53.37,140,1
15.16,53.48,140,1
15.28,53.6,140,1
15.4,53.71,140,1
15.52,53.85,140,1
15.65,53.95,140,1
15.77,54.08,140,1
15.89,54.19,140,1
16.01,54.31,140,1
16.13,54.4,140,1
16.26,54.53,140,1
16.38,54.63,140,1
16.5,54.76,140,1
16.62,54.85,140,1
16.75,54.98,140,1
16.87,55.09,140,1
16.99,55.2,140,1
17.11,55.31,140,1
17.23,55.43,140,1
17.36,55.53,140,1
17.48,55.64,140,1
17.6,55.76,140,1
17.72,55.86,140,1
17.85,55.97,140,1
17.97,56.08,140,1
18.09,56.19,140,1
18.21,56.3,140,1
18.33,56.41,140,1
18.46,56.51,140,1
18.58,56.62,140,1
18.7,56.73,140,1
18.82,56.84,140,1
18.95,56.93,140,1
19.07,57.03,140,1
19.19,57.14,140,1
19.31,57.25,140,1
19.43,57.35,140,1
19.56,57.47,140,1
19.68,57.56,140,1
19.8,57.64,140,1
19.92,57.77,140,1
20.04,57.85,141,0
20.17,57.96,142,0
20.29,58.05,157,0
20.42,58.16,173,0
20.54,58.27,184,0
20.66,58.36,184,0
20.78,58.44,184,0
20.9,58.48,184,0
21.03,58.55,184,0
21.15,58.58,184,0
21.27,58.62,184,0
21.39,58.63,184,0
21.52,58.66,184,0
21.64,58.65,184,0
21.76,58.67,184,0
21.88,58.64,184,0
22.0,58.63,184,0
22.13,58.6,184,0
22.25,58.58,184,0
22.37,58.51,184,0
22.49,58.51,184,0
22.61,58.43,184,0
22.74,58.4,184,0
22.86,58.33,184,0
22.98,58.28,184,0
23.1,58.2,184,0
23.23,58.14,184,0
23.35,58.06,184,0
23.47,58.0,184,0
23.59,57.92,184,0
23.71,57.83,184,0
23.84,57.73,184,0
23.96,57.65,184,0
24.08,57.55,184,0
24.2,57.47,184,0
24.33,57.36,184,0
24.45,57.26,184,0
24.57,57.16,184,0
24.69,57.07,184,0
24.81,56.95,184,0
24.94,56.86,184,0
25.06,56.73,190,0
25.18,56.64,190,0
25.3,56.52,185,0
25.43,56.4,175,0
25.55,56.28,161,0
25.67,56.18,157,0
25.8,56.04,157,0
25.92,55.94,157,0
26.04,55.82,157,0
26.16,55.7,157,0
26.28,55.58,157,0
26.41,55.45,157,0
26.53,55.35,157,0
26.65,55.21,157,0
26.77,55.11,157,0
26.9,54.98,157,0
27.02,54.86,157,0
27.14,54.73,157,0
27.26,54.61,157,0
27.38,54.48,157,0
27.51,54.38,157,0
27.63,54.25,157,0
27.75,54.14,157,0
27.87,54.01,157,0
28.0,53.9,157,0
28.12,53.77,157,0
28.24,53.65,157,0
28.36,53.53,157,0
28.48,53.41,157,0
28.61,53.29,157,0
28.73,53.17,157,0
28.85,53.05,157,0
28.97,52.92,157,0
29.09,52.81,157,0
29.22,52.68,157,0
29.34,52.57,157,0
29.46,52.44,157,0
29.58,52.33,157,0
29.71,52.21,157,0
29.83,52.1,157,0
29.95,51.97,157,0
30.07,51.86,157,0
30.19,51.73,157,0
30.32,51.62,157,0
30.44,51.48,157,0
30.56,51.38,157,0
30.68,51.25,157,0
30.81,51.15,157,0
30.93,51.02,157,0
31.05,50.92,157,0
31.17,50.79,157,0
31.29,50.68,157,0
31.42,50.56,157,0
31.54,50.46,157,0
31.66,50.33,157,0
31.78,50.23,157,0
31.91,50.11,157,0
32.03,50.01,157,0
32.15,49.89,157,0
32.27,49.79,157,0
32.4,49.67,157,0
32.52,49.55,157,0
32.64,49.45,157,0
32.76,49.34,157,0
32.88,49.22,157,0
33.01,49.12,157,0
33.13,49.0,157,0
33.25,48.89,157,0
33.37,48.79,157,0
33.5,48.69,157,0
33.62,48.57,157,0
33.74,48.48,157,0
33.86,48.36,157,0
33.98,48.26,157,0
34.11,48.15,157,0
34.23,48.06,157,0
34.35,47.95,157,0
34.47,47.85,157,0
34.59,47.74,157,0
34.72,47.64,157,0
34.84,47.54,157,0
34.96,47.43,157,0
35.08,47.33,157,0
35.21,47.23,157,0
35.33,47.13,157,0
35.45,47.03,157,0
35.57,46.94,157,0
35.69,46.84,157,0
35.82,46.74,157,0
35.94,46.63,157,0
36.06,46.54,157,0
36.18,46.44,157,0
36.31,46.35,157,0
36.43,46.24,157,0
36.55,46.17,157,0
36.67,46.06,157,0
36.79,45.97,157,0
36.92,45.86,157,0
37.04,45.77,157,0
37.16,45.67,157,0
37.28,45.58,157,0
37.4,45.49,157,0
37.53,45.39,157,0
37.65,45.29,157,0
37.77,45.21,157,0
37.89,45.1,157,0
38.02,45.02,157,0
38.14,44.92,157,0
38.26,44.84,157,0
38.38,44.74,157,0
38.5,44.66,157,0
38.63,44.56,157,0
38.75,44.48,157,0
38.87,44.38,157,0
38.99,44.3,157,0
39.12,44.21,157,0
39.24,44.12,157,0
39.36,44.02,157,0
39.48,43.94,157,0
39.6,43.85,157,0
39.73,43.77,157,0
39.85,43.68,157,0
39.97,43.59,157,0
40.09,43.51,157,0
40.22,43.44,157,0
40.34,43.34,157,0
40.46,43.26,157,0
40.58,43.17,157,0
40.7,43.09,157,0
40.83,43.0,157,0
40.95,42.92,157,0
41.07,42.83,157,0
41.19,42.76,157,0
41.31,42.67,157,0
41.44,42.59,157,0
41.56,42.49,157,0
41.68,42.42,157,0
41.8,42.33,157,0
41.93,42.25,157,0
42.05,42.17,157,0
42.17,42.09,157,0
42.29,42.0,157,0
42.41,41.93,157,0
42.54,41.84,157,0
42.66,41.77,157,0
42.78,41.69,157,0
42.9,41.6,157,0
43.03,41.52,157,0
43.15,41.45,157,0
43.27,41.36,157,0
43.39,41.29,157,0
43.51,41.21,157,0
43.64,41.14,157,0
43.76,41.05,157,0
43.88,40.98,157,0
44.0,40.89,157,0
44.13,40.83,157,0
44.25,40.74,157,0
44.37,40.67,157,0
44.49,40.6,157,0
44.61,40.52,157,0
44.74,40.44,157,0
44.86,40.37,157,0
44.98,40.28,157,0
45.1,40.22,157,0
45.22,40.14,157,0
45.35,40.06,157,0
45.47,39.99,157,0
45.59,39.92,157,0
45.71,39.83,157,0
45.84,39.77,157,0
45.96,39.69,157,0
46.08,39.63,157,0
46.2,39.55,157,0
46.32,39.49,157,0
46.45,39.41,157,0
46.57,39.33,157,0
46.69,39.26,157,0
46.81,39.18,157,0
46.94,39.12,157,0
47.06,39.05,157,0
47.18,38.98,157,0
47.3,38.91,157,0
47.43,38.84,157,0
47.55,38.76,157,0
47.67,38.7,157,0
47.79,38.62,157,0
47.91,38.55,157,0
48.04,38.48,157,0
48.16,38.42,157,0
48.28,38.34,157,0
48.4,38.28,157,0
48.53,38.21,157,0
48.65,38.14,157,0
48.77,38.08,157,0
48.89,38.01,157,0
49.01,37.93,157,0
49.14,37.87,157,0
49.26,37.8,157,0
49.38,37.73,157,0
49.5,37.66,157,0
49.63,37.6,157,0
49.75,37.52,157,0
49.87,37.47,157,0
49.99,37.39,157,0
50.11,37.33,157,0
50.24,37.26,157,0
50.36,37.19,157,0
50.48,37.13,157,0
50.6,37.06,157,0
50.72,37.0,157,0
50.85,36.93,157,0
50.97,36.87,157,0
51.09,36.8,157,0
51.21,36.74,157,0
51.34,36.67,157,0
51.46,36.61,157,1
51.58,36.54,157,1
51.7,36.48,157,1
51.83,36.41,157,1
51.95,36.36,157,1
52.07,36.32,157,1
52.19,36.28,157,1
52.31,36.26,157,1
52.44,36.25,157,1
52.56,36.26,157,1
52.68,36.27,157,1
52.8,36.29,157,1
52.93,36.32,157,1
53.05,36.36,157,1
53.17,36.41,157,1
53.29,36.47,157,1
53.41,36.52,157,1
53.54,36.59,157,1
53.66,36.66,157,1
53.78,36.75,157,1
53.9,36.82,157,1
54.03,36.91,157,1
54.15,37.0,157,1
54.27,37.1,157,1
54.39,37.2,157,1
54.51,37.32,157,1
54.64,37.42,157,1
54.76,37.54,157,1
54.88,37.65,157,1
55.0,37.77,157,1
55.12,37.9,157,1
55.25,38.02,157,1
55.37,38.15,157,1
55.49,38.28,157,1
55.61,38.41,157,1
55.74,38.55,157,1
55.86,38.69,157,1
55.98,38.82,157,1
56.1,38.97,157,1
56.22,39.11,157,1
56.35,39.25,157,1
56.47,39.4,157,1
56.59,39.55,157,1
56.71,39.7,157,1
56.84,39.84,157,1
56.96,40.0,157,1
57.08,40.15,157,1
57.2,40.31,157,1
57.33,40.46,157,1
57.45,40.62,157,1
57.57,40.78,157,1
57.69,40.94,157,1
57.81,41.11,157,1
57.94,41.25,157,1
58.06,41.41,157,1
58.18,41.57,157,1
58.3,41.74,157,1
58.43,41.9,157,1
58.55,42.07,157,1
58.67,42.22,157,1
58.79,42.4,157,1
58.91,42.56,157,1
59.04,42.73,157,1
59.16,42.88,157,1
59.28,43.05,157,1
59.4,43.21,157,1
59.53,43.38,157,1
59.65,43.54,157,1
59.77,43.7,157,1
59.89,43.87,157,1
60.01,44.03,157,1
60.13,44.2,157,1
60.26,44.36,157,1
60.38,44.53,157,1
60.5,44.67,157,1
60.62,44.85,157,1
60.75,45.01,157,1
60.87,45.17,157,1
60.99,45.34,157,1
61.11,45.5,157,1
61.24,45.66,157,1
61.36,45.83,157,1
61.48,45.99,157,1
61.6,46.15,157,1
61.72,46.31,157,1
61.85,46.46,157,1
61.97,46.63,157,1
62.09,46.78,157,1
62.21,46.96,157,1
62.33,47.1,157,1
62.46,47.28,157,1
62.58,47.42,157,1
62.7,47.59,157,1
62.82,47.74,157,1
62.95,47.9,157,1
63.07,48.06,157,1
63.19,48.21,157,1
63.31,48.37,157,1
63.43,48.52,157,1
63.56,48.67,157,1
63.68,48.83,157,1
63.8,48.99,157,1
63.92,49.14,157,1
64.04,49.3,157,1
64.17,49.44,157,1
64.29,49.61,157,1
64.41,49.75,157,1
64.53,49.92,157,1
64.66,50.05,157,1
64.78,50.21,157,1
64.9,50.35,157,1
65.02,50.51,157,1
65.14,50.65,157,1
65.27,50.81,157,1
65.39,50.95,157,1
65.51,51.1,157,1
65.63,51.25,157,1
65.76,51.4,157,1
65.88,51.55,157,1
66.0,51.7,157,1
66.12,51.84,157,1
66.24,52.0,157,1
66.37,52.13,157,1
66.49,52.28,157,1
66.61,52.41,157,1
66.73,52.56,157,1
66.86,52.7,157,1
66.98,52.84,157,1
67.1,52.98,157,1
67.22,53.13,157,1
67.34,53.25,157,1
67.47,53.41,157,1
67.59,53.53,157,1
67.71,53.68,157,1
67.83,53.81,157,1
67.95,53.95,157,1
68.08,54.09,157,1
68.2,54.24,157,1
68.32,54.35,157,1
68.44,54.5,157,1
68.57,54.62,157,1
68.69,54.76,157,1
68.81,54.89,157,1
68.93,55.02,157,1
69.05,55.16,157,1
69.18,55.28,157,1
69.3,55.43,157,1
69.42,55.56,157,1
69.54,55.68,157,1
69.67,55.82,157,1
69.79,55.93,157,1
69.91,56.06,157,1
70.03,56.19,157,1
70.15,56.32,157,1
70.28,56.46,157,1
70.4,56.57,157,1
70.52,56.71,157,1
70.64,56.81,157,1
70.77,56.96,157,1
70.89,57.07,157,1
71.01,57.21,157,1
71.13,57.32,157,1
71.26,57.45,157,1
71.38,57.57,157,1
71.5,57.71,157,1
71.62,57.81,157,1
71.74,57.95,157,1
71.87,58.06,157,1
71.99,58.19,157,1
72.11,58.3,157,1
72.23,58.43,157,1
72.36,58.53,157,1
72.48,58.67,157,1
72.6,58.78,157,1
72.72,58.91,157,1
72.84,59.02,157,1
72.97,59.14,157,1
73.09,59.25,157,1
73.21,59.37,157,1
73.33,59.47,157,1
73.45,59.6,157,1
73.58,59.7,157,1
73.7,59.83,157,1
73.82,59.94,157,1
73.94,60.06,157,1
74.06,60.17,157,1
74.19,60.29,157,1
74.31,60.4,157,1
74.43,60.5,157,1
74.55,60.62,157,1
74.68,60.73,157,1
74.8,60.85,157,1
74.92,60.96,157,1
75.04,61.08,157,1
75.16,61.17,157,1
75.29,61.29,157,1
75.41,61.39,157,1
75.53,61.52,157,1
75.65,61.61,157,1
75.78,61.75,157,1
75.9,61.84,157,1
76.02,61.95,157,1
76.14,62.06,157,1
76.26,62.17,157,1
76.39,62.26,157,1
76.51,62.36,157,1
76.63,62.47,157,1
76.75,62.58,157,1
76.87,62.69,157,1
77.0,62.79,157,1
77.12,62.9,157,1
77.24,63.01,157,1
77.36,63.11,157,1
77.49,63.2,157,1
77.61,63.32,157,1
77.73,63.4,157,1
77.85,63.53,157,1
77.97,63.61,157,1
78.1,63.73,157,1
78.22,63.81,157,1
78.34,63.92,157,1
78.46,64.03,157,1
78.59,64.12,157,1
78.71,64.23,157,1
78.83,64.32,157,1
78.95,64.44,157,1
79.07,64.53,157,1
79.2,64.65,157,1
79.32,64.74,157,1
79.44,64.85,157,1
79.56,64.93,157,1
79.68,65.04,157,1
79.81,65.13,157,1
79.93,65.23,157,1
80.05,65.32,157,1
80.18,65.42,157,1
80.3,65.52,157,1
80.42,65.61,157,1
80.54,65.71,157,1
80.66,65.8,157,1
80.79,65.9,157,1
80.91,65.99,157,1
81.03,66.11,157,1
81.15,66.17,157,1
81.27,66.29,157,1
81.4,66.38,157,1
81.52,66.48,157,1
81.64,66.56,157,1
81.76,66.67,157,1
81.88,66.75,157,1
82.01,66.86,157,1
82.13,66.94,157,1
82.25,67.04,157,1
82.37,67.12,157,1
82.5,67.23,157,1
82.62,67.31,157,1
82.74,67.4,157,1
82.86,67.49,157,1
82.98,67.58,157,1
83.11,67.67,157,1
83.23,67.77,157,1
83.35,67.87,157,1
83.47,67.94,157,1
83.6,68.05,157,1
83.72,68.11,157,1
83.84,68.23,157,1
83.96,68.3,157,1
84.08,68.4,157,1
84.21,68.48,157,1
84.33,68.57,157,1
84.45,68.66,157,1
84.57,68.74,157,1
84.7,68.82,157,1
84.82,68.91,157,1
84.94,69.01,157,1
85.06,69.07,157,1
85.18,69.19,157,1
85.31,69.24,157,1
85.43,69.36,157,1
85.55,69.42,157,1
85.67,69.52,157,1
85.79,69.6,157,1
85.92,69.68,157,1
86.04,69.78,157,1
86.16,69.85,157,1
86.28,69.96,157,1
86.41,70.01,157,1
86.53,70.13,157,1
86.65,70.2,157,1
86.77,70.28,157,1
86.89,70.36,157,1
87.02,70.44,157,1
87.14,70.54,157,1
87.26,70.6,157,1
87.38,70.71,157,1
87.51,70.76,157,1
87.63,70.87,157,1
87.75,70.93,157,1
87.87,71.02,157,1
88.0,71.11,157,1
88.12,71.16,157,1
88.24,71.27,157,1
88.36,71.35,157,1
88.48,71.44,157,1
88.61,71.51,157,1
88.73,71.61,157,1
88.85,71.67,157,1
88.97,71.75,157,1
89.09,71.84,157,1
89.22,71.91,157,1
89.34,71.99,157,1
89.46,72.06,157,1
89.58,72.17,157,1
89.71,72.22,157,1
89.83,72.33,157,1
89.95,72.39,157,1
90.07,72.45,157,1
90.19,72.54,157,1
90.32,72.6,157,1
90.44,72.69,157,1
90.56,72.75,157,1
90.68,72.87,157,1
90.81,72.91,157,1
90.93,73.0,157,1
91.05,73.07,157,1
91.17,73.16,157,1
91.29,73.23,157,1
91.42,73.29,157,1
91.54,73.38,157,1
91.66,73.44,157,1
91.78,73.54,157,1
91.91,73.6,157,1
92.03,73.68,157,1
92.15,73.76,157,1
92.27,73.83,157,1
92.39,73.92,157,1
92.52,73.98,157,1
92.64,74.07,157,1
92.76,74.12,157,1
92.88,74.23,157,1
93.01,74.29,157,1
93.13,74.36,157,1
93.25,74.45,157,1
93.37,74.51,157,1
93.5,74.6,157,1
93.62,74.65,157,1
93.74,74.74,157,1
93.86,74.79,157,1
93.98,74.9,157,1
94.11,74.96,157,1
94.23,75.02,157,1
94.35,75.12,157,1
94.47,75.16,157,1
94.59,75.25,157,1
94.72,75.3,157,1
94.84,75.4,157,1
94.96,75.47,157,1
95.08,75.53,157,1
95.21,75.62,157,1
95.33,75.69,157,1
95.45,75.78,157,1
95.57,75.84,157,1
95.69,75.94,157,1
95.82,75.97,157,1
95.94,76.04,157,1
96.06,76.08,157,1
96.18,76.14,157,1
96.31,76.27,157,1
96.43,76.31,157,1
96.55,76.43,157,1
96.67,76.44,157,1
96.79,76.53,157,1
96.92,76.58,157,1
97.04,76.65,157,1
97.16,76.77,157,1
97.28,76.82,157,1
97.4,76.89,157,1
97.53,76.94,157,1
97.65,77.01,157,1
97.77,77.11,157,1
97.89,77.15,157,1
98.02,77.24,157,1
98.14,77.27,157,1
98.26,77.36,157,1
98.38,77.42,157,1
98.5,77.5,157,1
98.63,77.55,157,1
98.75,77.6,157,1
98.87,77.7,157,1
98.99,77.75,157,1
99.12,77.81,157,1
99.24,77.88,157,1
99.36,77.95,157,1
99.48,78.0,157,1
99.6,78.07,157,1
99.73,78.13,157,1
99.85,78.2,157,1
99.97,78.29,157,1
100.09,78.32,157,1
100.21,78.41,157,1
100.34,78.47,157,1
100.46,78.55,157,1
100.58,78.6,157,1
100.7,78.66,157,1
100.83,78.74,157,1
100.95,78.79,157,1
101.07,78.88,157,1
101.19,78.91,157,1
101.31,79.0,157,1
101.44,79.04,157,1
101.56,79.11,157,1
101.68,79.18,157,1
101.8,79.25,157,1
101.93,79.33,157,1
102.05,79.36,157,1
102.17,79.44,157,1
102.29,79.48,157,1
102.41,79.58,157,1
102.54,79.62,157,1
102.66,79.67,157,1
102.78,79.72,157,1
102.9,79.82,157,1
103.03,79.89,157,1
103.15,79.93,157,1
103.27,79.99,157,1
103.39,80.06,157,1
103.51,80.15,157,1
103.64,80.16,157,1
103.76,80.26,157,1
103.88,80.3,157,1
104.0,80.36,157,1
104.13,80.41,157,1
104.25,80.51,157,1
104.37,80.56,157,1
104.49,80.6,157,1
104.61,80.68,157,1
104.74,80.73,157,1
104.86,80.8,157,1
104.98,80.83,157,1
105.1,80.94,157,1
105.23,80.97,157,1
105.35,81.07,157,1
105.47,81.1,157,1
105.59,81.17,157,1
105.71,81.22,157,1
105.84,81.27,157,1
105.96,81.34,157,1
106.08,81.4,157,1
106.2,81.45,157,1
106.33,81.51,157,1
106.45,81.6,157,1
106.57,81.63,157,1
106.69,81.7,157,1
106.81,81.74,157,1
106.94,81.82,157,1
107.06,81.87,157,1
107.18,81.95,157,1
107.3,81.98,157,1
107.43,82.07,157,1
107.55,82.12,157,1
107.67,82.16,157,1
107.79,82.25,157,1
107.91,82.26,157,1
108.04,82.35,157,1
108.16,82.37,157,1
108.28,82.47,157,1
108.4,82.51,157,1
108.53,82.59,157,1
108.65,82.6,157,1
108.77,82.69,157,1
108.89,82.74,157,1
109.01,82.81,157,1
109.14,82.87,157,1
109.26,82.9,157,1
109.38,82.96,157,1
109.5,83.04,157,1
109.63,83.11,157,1
109.75,83.12,157,1
109.87,83.21,157,1
109.99,83.22,157,1
110.11,83.29,157,1
110.24,83.35,157,1
110.36,83.4,157,1
110.48,83.45,157,1
110.6,83.54,157,1
110.73,83.58,157,1
110.85,83.61,157,1
110.97,83.68,157,1
111.09,83.72,157,1
111.21,83.79,157,1
111.34,83.84,157,1
111.46,83.92,157,1
111.58,83.93,157,1
111.7,84.01,157,1
111.82,84.06,157,1
111.95,84.13,157,1
112.07,84.16,157,1
112.19,84.21,157,1
112.31,84.27,157,1
112.44,84.31,157,1
112.56,84.4,157,1
112.68,84.42,157,1
112.8,84.51,157,1
112.93,84.53,157,1
113.05,84.6,157,1
113.17,84.65,157,1
113.29,84.7,157,1
113.41,84.75,157,1
113.54,84.81,157,1
113.66,84.87,157,1
113.78,84.89,157,1
113.9,84.97,157,1
114.03,85.01,157,1
114.15,85.08,157,1
114.27,85.09,157,1
114.39,85.17,157,1
114.51,85.21,157,1
114.64,85.27,157,1
114.76,85.31,157,1
114.88,85.38,157,1
115.0,85.41,157,1
115.13,85.47,157,1
115.25,85.53,157,1
115.37,85.56,157,1
115.49,85.63,157,1
115.61,85.66,157,1
115.74,85.72,157,1
115.86,85.74,157,1
115.98,85.81,157,1
116.1,85.87,157,1
116.23,85.89,157,1
116.35,85.96,157,1
116.47,85.99,157,1
116.59,86.06,157,1
116.71,86.11,157,1
116.84,86.17,157,1
116.96,86.2,157,1
117.08,86.26,157,1
117.2,86.29,157,1
117.32,86.34,157,1
117.45,86.4,157,1
117.57,86.42,157,1
117.69,86.51,157,1
117.81,86.52,157,1
117.94,86.6,157,1
118.06,86.61,157,1
118.18,86.68,157,1
118.3,86.69,157,1
118.43,86.75,157,1
118.55,86.82,157,1
118.67,86.84,157,1
118.79,86.9,157,1
118.91,86.94,157,1
119.04,86.99,157,1
119.16,87.03,157,1
119.28,87.07,157,1
119.4,87.17,157,1
119.53,87.17,157,1
119.65,87.23,157,1
119.77,87.25,157,1
119.89,87.31,157,1
120.01,87.35,157,1
120.14,87.39,157,1
120.26,87.45,157,1
120.38,87.48,157,1
120.5,87.52,157,1
120.63,87.54,157,1
120.75,87.59,157,1
120.87,87.64,157,1
120.99,87.71,157,1
121.11,87.76,157,1
121.24,87.75,157,1
121.36,87.86,157,1
121.48,87.89,157,1
121.6,87.93,157,1
121.72,87.97,157,1
121.85,87.98,157,1
121.97,88.05,157,1
122.09,88.09,157,1
122.21,88.13,157,1
122.34,88.18,157,1
122.46,88.23,157,1
122.58,88.27,157,1
122.7,88.28,157,1
122.82,88.34,158,1
122.95,88.36,63,1
123.07,88.36,0,1
123.19,88.49,0,1
123.32,88.53,0,1
123.44,88.56,0,1
123.56,88.66,0,1
123.68,88.59,0,1
123.8,88.69,0,1
123.93,88.67,0,1
124.05,88.65,0,1
124.17,88.7,0,1
124.29,88.66,0,1
124.42,88.63,0,1
124.54,88.62,0,1
124.66,88.59,0,1
124.78,88.6,0,1
124.9,88.53,0,1
125.03,88.52,0,1
125.15,88.47,0,1
125.27,88.4,0,1
125.39,88.38,0,1
125.51,88.3,0,1
125.64,88.23,0,1
125.76,88.18,0,1
125.88,88.08,0,1
126.0,88.06,0,1
126.13,87.91,0,1
126.25,87.88,0,1
126.37,87.82,0,1
126.49,87.72,0,1
126.61,87.65,0,1
126.74,87.54,0,1
126.86,87.44,0,1
126.98,87.39,0,1
127.1,87.23,0,1
127.22,87.19,0,1
127.35,87.06,0,1
127.47,86.98,0,1
127.59,86.89,0,1
127.71,86.76,0,1
127.84,86.66,0,1
127.96,86.58,0,1
128.08,86.46,0,1
128.2,86.4,0,1
128.33,86.25,0,1
128.45,86.13,0,1
128.57,86.07,0,1
128.69,85.9,0,1
128.81,85.83,0,1
128.94,85.72,0,1
129.06,85.58,0,1
129.18,85.52,0,1
129.3,85.38,0,1
129.42,85.25,0,1
129.55,85.16,0,1
129.67,85.0,0,1
129.79,84.92,0,1
129.91,84.84,0,1
130.04,84.67,0,1
130.16,84.59,0,1
130.28,84.42,0,1
130.4,84.32,0,1
130.52,84.24,0,1
130.65,84.09,0,1
130.77,83.95,0,1
130.89,83.87,0,1
131.01,83.73,0,1
131.13,83.64,0,1
131.26,83.5,0,1
131.38,83.37,0,1
131.5,83.26,0,1
131.62,83.15,0,1
131.75,83.03,0,1
131.87,82.95,0,1
131.99,82.81,0,1
132.11,82.71,0,1
132.23,82.58,0,1
132.36,82.46,0,1
132.48,82.37,0,1
132.6,82.22,0,1
132.72,82.14,0,1
132.85,81.96,0,1
132.97,81.86,0,1
133.09,81.78,0,1
133.21,81.65,0,1
133.33,81.51,0,1
133.46,81.42,0,1
133.58,81.25,0,1
133.7,81.19,0,1
133.82,81.06,0,1
133.94,80.94,0,1
134.07,80.83,0,1
134.19,80.74,0,1
134.31,80.57,0,1
134.43,80.5,0,1
134.55,80.35,0,1
134.68,80.25,0,1
134.8,80.15,0,1
134.92,80.02,0,1
135.04,79.92,0,1
135.16,79.78,0,1
135.29,79.69,0,1
135.41,79.61,0,1
135.53,79.47,0,1
135.65,79.35,0,1
135.78,79.27,0,1
135.9,79.13,0,1
136.02,79.01,0,1
136.14,78.93,0,1
136.27,78.8,0,1
136.39,78.71,0,1
136.51,78.62,0,1
136.63,78.49,0,1
136.75,78.39,0,1
136.88,78.27,0,1
137.0,78.16,0,1
137.12,78.09,0,1
137.24,77.95,0,1
137.37,77.85,0,1
137.49,77.77,0,1
137.61,77.64,0,1
137.73,77.52,0,1
137.85,77.44,0,1
137.98,77.32,0,1
138.1,77.23,0,1
138.22,77.13,0,1
138.34,77.01,0,1
138.46,76.94,0,1
138.59,76.83,0,1
138.71,76.71,0,1
138.83,76.63,0,1
138.95,76.52,0,1
139.08,76.4,0,1
139.2,76.32,0,1
139.32,76.18,0,1
139.44,76.11,0,1
139.56,76.01,0,1
139.69,75.89,0,1
139.81,75.81,0,1
139.93,75.7,0,1
140.05,75.61,0,1
140.17,75.5,0,1
140.3,75.37,0,1
140.42,75.28,0,1
140.54,75.24,0,1
140.66,75.1,0,1
140.79,75.02,0,1
140.91,74.92,0,1
141.03,74.84,0,1
141.15,74.75,0,1
141.27,74.65,0,1
141.4,74.56,0,1
141.52,74.48,0,1
141.64,74.34,0,1
141.76,74.26,0,1
141.88,74.19,0,1
142.01,74.06,0,1
142.13,73.99,0,1
142.25,73.9,0,1
142.37,73.79,0,1
142.5,73.71,0,1
142.62,73.62,0,1
142.74,73.53,0,1
142.86,73.45,0,1
142.98,73.36,0,1
143.11,73.23,0,1
143.23,73.18,0,1
143.35,73.06,0,1
143.47,73.0,0,1
143.6,72.91,0,1
143.72,72.81,0,1
143.84,72.74,0,1
143.96,72.66,0,1
144.08,72.55,0,1
144.21,72.49,0,1
144.33,72.38,0,1
144.45,72.29,0,1
144.57,72.22,0,1
144.69,72.15,0,1
144.82,72.04,0,1
144.94,71.97,0,1
145.06,71.88,0,1
145.18,71.79,0,1
145.3,71.72,0,1
145.43,71.63,0,1
145.55,71.54,0,1
145.67,71.46,0,1
145.79,71.38,0,1
145.91,71.28,0,1
146.04,71.21,0,1
146.16,71.15,0,1
146.28,71.04,0,1
146.4,70.97,0,1
146.53,70.89,0,1
146.65,70.82,0,1
146.77,70.74,0,1
146.89,70.66,0,1
147.02,70.57,0,1
147.14,70.51,0,1
147.26,70.41,0,1
147.38,70.34,0,1
147.5,70.27,0,1
147.63,70.19,0,1
147.75,70.08,0,1
147.87,70.04,0,1
147.99,69.96,0,1
148.11,69.88,0,1
148.24,69.79,0,1
148.36,69.72,0,1
148.48,69.64,0,1
148.6,69.58,0,1
148.73,69.49,0,1
148.85,69.41,0,1
148.97,69.36,0,1
149.09,69.26,0,1
149.21,69.18,0,1
149.34,69.14,0,1
149.46,69.03,0,1
149.58,68.97,0,1
149.7,68.91,0,1
149.83,68.83,0,1
149.95,68.75,0,1
150.07,68.69,0,1
150.19,68.61,0,1
150.31,68.54,0,1
150.44,68.5,0,1
150.56,68.39,0,1
150.68,68.33,0,1
150.8,68.28,0,1
150.92,68.19,0,1
151.05,68.11,0,1
151.17,68.06,0,1
151.29,67.95,0,1
151.41,67.89,0,1
151.54,67.84,0,1
151.66,67.73,0,1
151.78,67.68,0,1
151.9,67.63,0,1
152.02,67.53,0,1
152.15,67.47,0,1
152.27,67.4,0,1
152.39,67.32,0,1
152.51,67.26,0,1
152.63,67.2,0,1
152.76,67.12,0,1
152.88,67.06,0,1
153.0,66.98,0,1
153.12,66.9,0,1
153.25,66.85,0,1
153.37,66.79,0,1
153.49,66.7,0,1
153.61,66.65,0,1
153.73,66.57,0,1
153.86,66.5,0,1
153.98,66.46,0,1
154.1,66.37,0,1
154.22,66.31,0,1
154.34,66.25,0,1
154.47,66.16,0,1
154.59,66.1,0,1
154.71,66.05,0,1
154.83,65.96,0,1
154.96,65.92,0,1
155.08,65.84,0,1
155.2,65.77,0,1
155.32,65.71,0,1
155.44,65.63,0,1
155.57,65.57,0,1
155.69,65.51,0,1
155.81,65.44,0,1
155.93,65.38,0,1
156.05,65.33,0,1
156.18,65.24,0,1
156.3,65.21,0,1
156.42,65.14,0,1
156.54,65.06,0,1
156.66,65.03,0,1
156.79,64.95,0,1
156.91,64.88,0,1
157.03,64.83,0,1
157.15,64.76,0,1
157.28,64.68,0,1
157.4,64.63,0,1
157.52,64.56,0,1
157.64,64.51,0,1
157.77,64.44,0,1
157.89,64.37,0,1
158.01,64.32,0,1
158.13,64.25,0,1
158.25,64.18,0,1
158.38,64.14,0,1
158.5,64.06,0,1
158.62,64.0,0,1
158.74,63.96,0,1
158.86,63.88,0,1
158.99,63.83,0,1
159.11,63.78,0,1
159.23,63.69,0,1
159.35,63.64,0,1
159.48,63.59,0,1
159.6,63.52,0,1
159.72,63.47,0,1
159.84,63.41,0,1
159.96,63.34,0,1
160.09,63.29,0,1
160.21,63.23,0,1
160.33,63.15,0,1
160.45,63.11,0,1
160.57,63.06,0,1
160.7,62.97,0,1
160.82,62.96,0,1
160.94,62.85,0,1
161.06,62.84,0,1
161.19,62.75,0,1
161.31,62.69,0,1
161.43,62.68,0,1
161.55,62.61,0,1
161.67,62.5,0,1
161.8,62.48,0,1
161.92,62.41,0,1
162.04,62.36,0,1
162.16,62.32,0,1
162.29,62.24,0,1
162.41,62.16,0,1
162.53,62.15,0,1
162.65,62.07,0,1
162.77,62.02,0,1
162.9,61.97,0,1
163.02,61.9,0,1
163.14,61.86,0,1
163.26,61.81,0,1
163.38,61.74,0,1
163.51,61.68,0,1
163.63,61.63,0,1
163.75,61.57,0,1
163.87,61.52,0,1
164.0,61.46,0,1
164.12,61.4,0,1
164.24,61.36,0,1
164.36,61.29,0,1
164.48,61.23,0,1
164.61,61.2,0,1
164.73,61.12,0,1
164.85,61.07,0,1
164.97,61.02,0,1
165.09,60.96,0,1
165.22,60.91,0,1
165.34,60.86,0,1
165.46,60.79,0,1
165.58,60.75,0,1
165.71,60.69,0,1
165.83,60.63,0,1
165.95,60.59,0,1
166.07,60.53,0,1
166.19,60.47,0,1
166.32,60.43,0,1
166.44,60.37,0,1
166.56,60.31,0,1
166.68,60.27,0,1
166.8,60.21,0,1
166.93,60.16,0,1
167.05,60.11,0,1
167.17,60.05,0,1
167.29,60.0,0,1
167.41,59.96,0,1
167.54,59.89,0,1
167.66,59.85,0,1
167.78,59.8,0,1
167.9,59.73,0,1
168.03,59.69,0,1
168.15,59.63,0,1
168.27,59.58,0,1
168.39,59.53,0,1
168.52,59.47,0,1
168.64,59.43,0,1
168.76,59.39,0,1
168.88,59.33,0,1
169.0,59.29,0,1
169.13,59.25,0,1
169.25,59.18,0,1
169.37,59.15,0,1
169.49,59.09,0,1
169.61,59.03,0,1
169.74,59.0,0,1
169.86,58.94,0,1
169.98,58.89,0,1
170.1,58.85,0,1
170.23,58.78,0,1
170.35,58.74,0,1
170.47,58.69,0,1
170.59,58.64,0,1
170.71,58.6,0,1
170.84,58.54,0,1
170.96,58.49,0,1
171.08,58.46,0,1
171.2,58.39,0,1
171.32,58.35,0,1
171.45,58.31,0,1
171.57,58.25,0,1
171.69,58.21,0,1
171.81,58.17,0,1
171.94,58.1,0,1
172.06,58.06,0,1
172.18,58.02,0,1
172.3,57.97,0,1
172.42,57.93,0,1
172.55,57.87,0,1
172.67,57.82,0,1
172.79,57.79,0,1
172.91,57.73,0,1
173.03,57.69,0,1
173.16,57.66,0,1
173.28,57.59,0,1
173.4,57.54,0,1
173.52,57.51,0,1
173.65,57.45,0,1
173.77,57.42,0,1
173.89,57.37,0,1
174.01,57.32,0,1
174.13,57.29,0,1
174.26,57.23,0,1
174.38,57.18,0,1
174.5,57.16,0,1
174.62,57.08,0,1
174.75,57.06,0,1
174.87,57.01,0,1
174.99,56.96,0,1
175.11,56.93,0,1
175.23,56.87,0,1
175.36,56.84,0,1
175.48,56.8,0,1
175.6,56.75,0,1
175.72,56.71,0,1
175.84,56.67,0,1
175.97,56.62,0,1
176.09,56.59,0,1
176.21,56.54,0,1
176.33,56.49,0,1
176.46,56.46,0,1
176.58,56.41,0,1
176.7,56.37,0,1
176.82,56.34,0,1
176.94,56.28,0,1
177.07,56.25,0,1
177.19,56.2,0,1
177.31,56.15,0,1
177.43,56.12,0,1
177.55,56.07,0,1
177.68,56.03,0,1
177.8,55.99,0,1
177.92,55.94,0,1
178.04,55.9,0,1
178.16,55.87,0,1
178.29,55.81,0,1
178.41,55.78,0,1
178.53,55.74,0,1
178.65,55.69,0,1
178.78,55.66,0,1
178.9,55.61,0,1
179.02,55.57,0,1
179.14,55.54,0,1
179.26,55.48,0,1
179.39,55.45,0,1
179.51,55.41,0,1
179.63,55.36,0,1
179.75,55.33,0,1
179.88,55.29,0,1
180.0,55.24,0,1
180.12,55.21,0,1
180.24,55.16,0,1
180.36,55.12,0,1
180.49,55.09,0,1
180.61,55.04,0,1
180.73,55.0,0,1
180.85,54.97,0,1
180.98,54.92,0,1
181.1,54.89,0,1
181.22,54.85,0,1
181.34,54.79,0,1
181.46,54.77,0,1
181.59,54.71,0,1
181.71,54.69,0,1
181.83,54.65,0,1
181.95,54.59,0,1
182.07,54.56,0,1
182.2,54.53,0,1
182.32,54.48,0,1
182.44,54.46,0,1
182.56,54.41,0,1
182.69,54.37,0,1
182.81,54.34,0,1
182.93,54.29,0,1
183.05,54.26,0,1
183.17,54.22,0,1
183.3,54.17,0,1
183.42,54.14,0,1
183.54,54.09,0,1
183.66,54.07,0,1
183.78,54.03,0,1
183.91,53.98,0,1
184.03,53.94,0,1
184.15,53.91,0,1
184.27,53.86,0,1
184.4,53.83,0,1
184.52,53.78,0,1
184.64,53.75,0,1
184.76,53.71,0,1
184.88,53.67,0,1
185.01,53.64,0,1
185.13,53.6,0,1
185.25,53.56,0,1
185.37,53.52,0,1
185.49,53.48,0,1
185.62,53.45,0,1
185.74,53.4,0,1
185.86,53.36,0,1
185.98,53.32,0,1
186.11,53.27,0,1
186.23,53.26,0,1
186.35,53.21,0,1
186.47,53.16,0,1
186.59,53.14,0,1
186.72,53.13,0,1
186.84,53.08,0,1
186.96,53.05,0,1
187.08,52.98,0,1
187.21,52.98,0,1
187.33,52.95,0,1
187.45,52.91,0,1
187.57,52.86,0,1
187.69,52.83,0,1
187.82,52.77,0,1
187.94,52.75,0,1
188.06,52.7,0,1
188.18,52.68,0,1
188.3,52.63,0,1
188.43,52.59,0,1
188.55,52.56,0,1
188.67,52.53,0,1
188.79,52.51,0,1
188.91,52.48,0,1
189.04,52.41,0,1
189.16,52.39,0,1
189.28,52.35,0,1
189.4,52.31,0,1
189.53,52.28,0,1
189.65,52.24,0,1
189.77,52.21,0,1
189.89,52.18,0,1
190.01,52.14,0,1
190.14,52.11,0,1
190.26,52.07,0,1
190.38,52.04,0,1
190.5,52.0,0,1
190.63,51.97,0,1
190.75,51.94,0,1
190.87,51.9,0,1
190.99,51.86,0,1
191.11,51.84,0,1
191.24,51.79,0,1
191.36,51.76,0,1
191.48,51.73,0,1
191.6,51.69,0,1
191.72,51.66,0,1
191.85,51.61,0,1
191.97,51.59,0,1
192.09,51.56,0,1
192.21,51.52,0,1
192.34,51.5,0,1
192.46,51.45,0,1
192.58,51.42,0,1
192.7,51.39,0,1
192.82,51.35,0,1
192.95,51.32,0,1
193.07,51.28,0,1
193.19,51.25,0,1
193.31,51.22,0,1
193.44,51.18,0,1
193.56,51.16,0,1
193.68,51.12,0,1
193.8,51.09,0,1
193.92,51.06,0,1
194.05,51.03,0,1
194.17,50.99,0,1
194.29,50.96,0,1
194.41,50.92,0,1
194.53,50.9,0,1
194.66,50.86,2,1
194.78,50.82,17,1
194.9,50.8,37,1
195.03,50.76,65,1
195.15,50.73,75,1
195.27,50.7,81,1
195.4,50.67,81,1
195.52,50.65,81,1
195.64,50.63,81,1
195.76,50.61,81,1
195.88,50.58,81,1
196.01,50.58,81,1
196.13,50.57,81,1
196.25,50.57,81,1
196.37,50.57,81,1
196.5,50.57,81,1
196.62,50.58,81,1
196.74,50.58,81,1
196.86,50.6,81,1
196.98,50.61,81,1
197.11,50.63,81,1
197.23,50.66,81,1
197.35,50.67,81,1
197.47,50.7,81,1
197.6,50.72,81,1
197.72,50.74,81,1
197.84,50.78,81,1
197.96,50.81,81,1
198.08,50.84,81,1
198.21,50.88,81,1
198.33,50.91,81,1
198.45,50.95,81,1
198.57,50.99,81,1
198.69,51.02,81,1
198.82,51.06,81,1
198.94,51.1,81,1
199.06,51.15,81,1
199.18,51.19,81,1
199.31,51.23,81,1
199.43,51.28,81,1
199.55,51.31,81,1
199.67,51.37,81,1
199.79,51.42,81,1
199.92,51.46,81,1
200.04,51.52,81,1
200.16,51.55,81,1
200.28,51.61,81,1
200.41,51.65,81,1
200.53,51.71,81,1
200.65,51.77,81,1
200.77,51.81,81,1
200.89,51.87,81,1
201.02,51.92,81,1
201.14,51.97,81,1
201.26,52.03,81,1
201.38,52.07,81,1
201.51,52.13,81,1
201.63,52.18,81,1
201.75,52.23,81,1
201.87,52.29,81,1
202.0,52.33,81,1
202.12,52.4,81,1
202.24,52.44,81,1
202.36,52.5,81,1
202.48,52.56,81,1
202.61,52.61,81,1
202.73,52.67,81,1
202.85,52.72,81,1
202.97,52.77,81,1
203.1,52.83,81,1
203.22,52.87,81,1
203.34,52.94,81,1
203.46,52.99,81,1
203.58,53.04,81,1
203.71,53.1,81,1
203.83,53.15,81,1
203.95,53.21,81,1
204.07,53.26,81,1
204.19,53.31,81,1
204.32,53.38,81,1
204.44,53.42,81,1
204.56,53.48,81,1
204.68,53.53,81,1
204.8,53.58,81,1
204.93,53.65,81,1
205.05,53.69,81,1
205.17,53.75,81,1
205.29,53.8,81,1
205.42,53.84,81,1
205.54,53.91,81,1
205.66,53.96,81,1
205.78,54.02,81,1
205.91,54.07,81,1
206.03,54.11,81,1
206.15,54.18,81,1
206.27,54.22,81,1
206.39,54.28,81,1
206.52,54.33,81,1
206.64,54.37,81,1
206.76,54.43,81,1
206.88,54.47,79,0
207.01,54.53,140,0
207.13,54.57,140,0
207.25,54.62,140,0
207.37,54.67,140,0
207.5,54.71,140,0
207.62,54.73,140,0
207.74,54.76,140,0
207.86,54.77,140,0
207.98,54.8,140,0
208.11,54.78,140,0
208.23,54.8,140,0
208.35,54.77,140,0
208.47,54.75,140,0
208.6,54.75,140,0
208.72,54.71,140,0
208.84,54.7,140,0
208.96,54.66,140,0
209.08,54.63,140,0
209.21,54.6,140,0
209.33,54.55,140,0
209.45,54.52,140,0
209.57,54.46,140,0
209.7,54.41,140,0
209.82,54.37,140,0
209.94,54.29,140,0
210.06,54.26,140,0
210.18,54.18,140,0
210.31,54.1,140,0
210.43,54.06,140,0
210.55,53.96,140,0
210.67,53.91,140,0
210.8,53.83,140,0
210.92,53.75,140,0
211.04,53.7,140,0
211.16,53.58,140,0
211.28,53.53,140,0
211.41,53.46,140,0
211.53,53.36,140,0
211.65,53.27,140,0
211.77,53.18,140,0
211.9,53.11,140,0
212.02,53.04,140,0
212.14,52.94,140,0
212.26,52.85,140,0
212.38,52.78,140,0
212.51,52.66,140,0
212.63,52.59,140,0
212.75,52.49,140,0
212.87,52.41,140,0
213.0,52.33,140,0
213.12,52.2,140,0
213.24,52.12,140,0
213.36,52.03,140,0
213.48,51.93,140,0
213.61,51.85,140,0
213.73,51.74,140,0
213.85,51.63,140,0
213.97,51.56,140,0
214.1,51.45,140,0
214.22,51.35,140,0
214.34,51.25,140,0
214.46,51.15,140,0
214.58,51.06,140,0
214.71,50.95,140,0
214.83,50.86,140,0
214.95,50.78,140,0
215.07,50.67,140,0
215.2,50.58,140,0
215.32,50.46,140,0
215.44,50.37,140,0
215.56,50.29,140,0
215.68,50.19,140,0
215.81,50.08,140,0
215.93,49.99,140,0
216.05,49.9,140,0
216.17,49.8,140,0
216.3,49.71,140,0
216.42,49.61,140,0
216.54,49.51,140,0
216.66,49.41,140,0
216.78,49.31,140,0
216.91,49.22,140,0
217.03,49.12,140,0
217.15,49.03,140,0
217.27,48.93,140,0
217.4,48.85,140,0
217.52,48.75,140,0
217.64,48.65,140,0
217.76,48.57,140,0
217.88,48.47,140,0
218.01,48.38,140,0
218.13,48.28,140,0
218.25,48.19,140,0
218.37,48.11,140,0
218.5,48.01,140,0
218.62,47.92,140,0
218.74,47.83,140,0
218.86,47.73,140,0
218.98,47.65,140,0
219.11,47.53,140,0
219.23,47.47,140,0
219.35,47.38,140,0
219.47,47.27,140,0
219.6,47.19,140,0
219.72,47.11,140,0
219.84,47.0,140,0
219.96,46.93,140,0
220.08,46.84,140,0
220.21,46.74,140,0
220.33,46.65,140,0
220.45,46.57,140,0
220.57,46.48,140,0
220.7,46.4,140,0
220.82,46.31,140,0
220.94,46.22,140,0
221.06,46.14,140,0
221.18,46.05,140,0
221.31,45.97,140,0
221.43,45.88,140,0
221.55,45.8,140,0
221.67,45.71,140,0
221.8,45.62,140,0
221.92,45.53,140,0
222.04,45.45,140,0
222.16,45.36,140,0
222.28,45.29,140,0
222.41,45.19,140,0
222.53,45.12,140,0
222.65,45.03,140,0
222.77,44.94,140,0
222.9,44.86,140,0
223.02,44.78,140,0
223.14,44.71,140,0
223.26,44.62,140,0
223.38,44.54,140,0
223.51,44.48,140,0
223.63,44.39,140,0
223.75,44.29,140,0
223.87,44.24,140,0
223.99,44.14,140,0
224.12,44.06,140,0
224.24,43.98,140,0
224.36,43.91,140,0
224.48,43.83,140,0
224.61,43.75,140,0
224.73,43.67,140,0
224.85,43.61,140,0
224.97,43.51,140,0
225.1,43.44,140,0
225.22,43.37,140,0
225.34,43.28,140,0
225.46,43.21,140,0
225.58,43.13,140,0
225.71,43.06,140,0
225.83,42.99,140,0
225.95,42.9,140,0
226.07,42.83,140,0
226.2,42.77,140,0
226.32,42.69,140,0
226.44,42.63,140,0
226.56,42.52,140,0
226.68,42.48,140,0
226.81,42.38,140,0
226.93,42.31,140,0
227.05,42.24,140,0
227.17,42.17,140,0
227.3,42.09,140,0
227.42,42.02,140,0
227.54,41.94,140,0
227.66,41.89,140,0
227.78,41.79,140,0
227.91,41.74,140,0
228.03,41.65,140,0
228.15,41.58,140,0
228.27,41.5,140,0
228.4,41.43,140,0
228.52,41.37,140,0
228.64,41.31,140,0
228.76,41.24,140,0
228.88,41.17,140,0
229.01,41.1,140,0
229.13,41.04,140,0
229.25,40.96,140,0
229.37,40.88,140,0
229.49,40.84,140,0
229.62,40.75,140,0
229.74,40.69,140,0
229.86,40.64,140,0
229.98,40.55,140,0
230.11,40.49,140,0
230.23,40.4,140,0
230.35,40.35,140,0
230.47,40.28,140,0
230.6,40.21,140,0
230.72,40.14,140,0
230.84,40.07,140,0
230.96,40.02,140,0
231.08,39.93,140,0
231.21,39.88,140,0
231.33,39.81,140,0
231.45,39.74,140,0
231.57,39.68,140,0
231.7,39.62,140,0
231.82,39.56,140,0
231.94,39.49,140,0
232.06,39.42,140,0
232.18,39.36,140,0
232.31,39.3,140,0
232.43,39.24,140,0
232.55,39.16,140,0
232.67,39.1,140,0
232.8,39.05,140,0
232.92,38.98,140,0
233.04,38.92,140,0
233.16,38.86,140,0
233.28,38.8,140,0
233.41,38.73,140,0
233.53,38.66,140,0
233.65,38.62,140,0
233.77,38.54,140,0
233.9,38.49,140,0
234.02,38.42,140,0
234.14,38.36,140,0
234.26,38.3,140,0
234.38,38.23,140,0
234.51,38.18,140,0
234.63,38.11,140,0
234.75,38.06,140,0
234.87,37.98,140,0
235.0,37.94,140,0
235.12,37.88,140,0
235.24,37.81,140,0
235.36,37.76,140,0
235.49,37.69,140,0
235.61,37.63,140,0
235.73,37.58,140,0
235.85,37.52,140,0
235.97,37.46,140,0
236.1,37.39,140,0
236.22,37.34,140,0
236.34,37.28,140,0
236.46,37.22,140,0
236.58,37.16,140,0
236.71,37.11,140,0
236.83,37.04,140,0
236.95,36.98,140,0
237.07,36.94,140,0
237.2,36.87,140,0
237.32,36.8,140,0
237.44,36.75,140,0
237.56,36.69,140,0
237.69,36.63,140,0
237.81,36.59,140,0
237.93,36.53,140,0
238.05,36.47,140,0
238.17,36.41,140,0
238.3,36.36,140,0
238.42,36.3,140,0
238.54,36.24,140,0
238.66,36.19,140,0
238.79,36.13,140,0
238.91,36.07,140,0
239.03,36.01,140,0
239.15,35.96,140,0
239.27,35.9,140,0
239.4,35.85,140,0
239.52,35.79,140,0
239.64,35.74,140,0
239.76,35.67,140,0
239.88,35.64,140,0
240.01,35.56,140,0
240.13,35.51,140,0
240.25,35.46,140,0
240.37,35.39,140,0
240.5,35.35,140,0
240.62,35.3,140,0
240.74,35.26,140,0
240.86,35.19,140,0
240.99,35.15,140,0
241.11,35.09,140,0
241.23,35.04,140,0
241.35,34.98,140,0
241.47,34.92,140,0
241.6,34.88,140,0
241.72,34.82,140,0
241.84,34.77,140,0
241.96,34.72,140,0
242.08,34.65,140,0
242.21,34.61,140,0
242.33,34.55,140,0
242.45,34.51,140,0
242.57,34.44,140,0
242.7,34.4,140,0
242.82,34.34,140,0
242.94,34.29,140,0
243.06,34.24,140,0
243.19,34.17,140,0
243.31,34.13,140,0
243.43,34.08,140,0
243.55,34.03,140,0
243.67,33.98,140,0
243.8,33.94,140,0
243.92,33.89,140,0
244.04,33.83,140,0
244.16,33.8,140,0
244.29,33.73,140,0
244.41,33.69,140,0
244.53,33.63,140,0
244.65,33.59,140,0
244.77,33.53,140,0
244.9,33.49,140,0
245.02,33.43,140,0
245.14,33.38,140,0
245.26,33.34,140,0
245.38,33.29,140,0
245.51,33.23,140,0
245.63,33.19,140,0
245.75,33.14,140,0
245.87,33.09,140,0
246.0,33.03,140,0
246.12,33.0,140,0
246.24,32.96,140,0
246.36,32.89,140,0
246.48,32.85,140,0
246.61,32.79,140,0
246.73,32.77,140,0
246.85,32.7,140,0
246.97,32.67,140,0
247.1,32.6,140,0
247.22,32.57,140,0
247.34,32.52,140,0
247.46,32.48,140,0
247.58,32.43,140,0
247.71,32.38,140,0
247.83,32.32,140,0
247.95,32.28,140,0
248.07,32.24,140,0
248.2,32.18,140,0
248.32,32.13,140,0
248.44,32.1,140,0
248.56,32.05,140,0
248.69,32.0,140,0
248.81,31.96,140,0
248.93,31.91,140,0
249.05,31.87,140,0
249.17,31.81,140,0
249.3,31.78,140,0
249.42,31.73,140,0
249.54,31.69,140,0
249.66,31.63,140,0
249.79,31.59,140,0
249.91,31.55,140,0
250.03,31.5,140,0
250.15,31.45,140,0
250.27,31.41,140,0
250.4,31.36,140,0
250.52,31.34,140,0
250.64,31.27,140,0
250.76,31.25,140,0
250.88,31.19,140,0
251.01,31.15,140,0
251.13,31.1,140,0
251.25,31.06,140,0
251.37,31.01,140,0
251.5,30.97,140,0
251.62,30.93,140,0
251.74,30.88,140,0
251.86,30.83,140,0
251.98,30.79,140,0
252.11,30.75,140,0
252.23,30.71,140,0
252.35,30.66,140,0
252.47,30.62,140,0
252.6,30.58,140,0
252.72,30.54,140,0
252.84,30.5,140,0
252.96,30.45,140,0
253.08,30.41,140,0
253.21,30.36,140,0
253.33,30.32,140,0
253.45,30.28,140,0
253.57,30.24,140,0
253.7,30.2,140,0
253.82,30.15,140,0
253.94,30.11,140,0
254.06,30.07,140,0
254.18,30.03,140,0
254.31,29.98,140,0
254.43,29.95,140,0
254.55,29.91,140,0
254.67,29.87,140,0
254.8,29.83,140,0
254.92,29.79,140,0
255.04,29.75,140,0
255.16,29.7,140,0
255.29,29.65,140,0
255.41,29.62,140,0
255.53,29.58,140,0
255.65,29.55,140,0
255.77,29.5,140,0
255.9,29.47,140,0
256.02,29.42,140,0
256.14,29.39,140,0
256.26,29.33,140,0
256.39,29.31,140,0
256.51,29.26,140,0
256.63,29.22,140,0
256.75,29.18,140,0
256.87,29.14,140,0
257.0,29.1,140,0
257.12,29.06,140,0
257.24,29.03,140,0
257.36,28.98,140,0
257.48,28.94,140,0
257.61,28.9,140,0
257.73,28.87,140,0
257.85,28.84,140,0
257.97,28.8,140,0
258.1,28.75,140,0
258.22,28.73,140,0
258.34,28.67,140,0
258.46,28.64,140,0
258.58,28.61,140,0
258.71,28.58,140,0
258.83,28.53,140,0
258.95,28.49,140,0
259.07,28.45,140,0
259.2,28.42,140,0
259.32,28.38,140,0
259.44,28.35,140,0
259.56,28.3,140,0
259.68,28.26,140,0
259.81,28.23,140,0
259.93,28.19,140,0
260.05,28.16,140,0
260.17,28.12,140,0
260.3,28.08,140,0
260.42,28.05,140,0
260.54,28.02,140,0
260.66,27.98,140,0
260.78,27.95,140,0
260.91,27.9,140,0
261.03,27.87,140,0
261.15,27.83,140,0
261.27,27.8,140,0
261.39,27.76,140,0
261.52,27.73,140,0
261.64,27.69,140,0
261.76,27.66,140,0
261.88,27.62,140,0
262.01,27.59,140,0
262.13,27.55,140,0
262.25,27.52,140,0
262.37,27.48,140,0
262.5,27.45,140,0
262.62,27.41,140,0
262.74,27.38,140,0
262.86,27.35,140,0
262.98,27.31,140,0
263.11,27.27,140,0
263.23,27.23,140,0
263.35,27.21,140,0
263.47,27.17,140,0
263.6,27.13,140,0
263.72,27.1,140,0
263.84,27.06,140,0
263.96,27.03,140,0
264.08,27.0,140,0
264.21,26.96,140,0
264.33,26.93,140,0
264.45,26.89,140,0
264.57,26.86,140,0
264.7,26.82,140,0
264.82,26.79,140,0
264.94,26.76,140,0
265.06,26.73,140,0
265.18,26.69,140,0
265.31,26.67,140,0
265.43,26.61,140,0
265.55,26.6,140,0
265.67,26.56,140,0
265.8,26.53,140,0
265.92,26.48,140,0
266.04,26.45,140,0
266.16,26.43,140,0
266.28,26.39,140,0
266.41,26.36,140,0
266.53,26.32,140,0
266.65,26.29,140,0
266.77,26.26,140,0
266.89,26.23,140,0
267.02,26.19,140,0
267.14,26.17,140,0
267.26,26.13,140,0
267.38,26.1,140,0
267.51,26.06,140,0
267.63,26.04,140,0
267.75,25.99,140,0
267.87,25.96,140,0
268.0,25.93,140,0
268.12,25.9,140,0
268.24,25.87,140,0
268.36,25.84,140,0
268.48,25.8,140,0
268.61,25.77,140,0
268.73,25.73,140,0
268.85,25.7,140,0
268.97,25.68,140,0
269.09,25.64,140,0
269.22,25.61,140,0
269.34,25.57,140,0
269.46,25.55,140,0
269.58,25.51,140,0
269.71,25.49,140,0
269.83,25.45,140,0
269.95,25.42,140,0
270.07,25.39,140,0
270.2,25.35,140,0
270.32,25.33,140,0
270.44,25.29,140,0
270.56,25.26,140,0
270.68,25.25,140,0
270.81,25.2,140,0
270.93,25.17,140,0
271.05,25.13,140,0
271.17,25.1,140,0
271.3,25.08,140,0
271.42,25.04,140,0
271.54,25.0,140,0
271.66,24.97,140,0
271.78,24.94,140,0
271.91,24.92,140,0
272.03,24.89,140,0
272.15,24.86,140,0
272.27,24.84,140,0
272.39,24.79,140,0
272.52,24.77,140,0
272.64,24.73,140,0
272.76,24.71,140,0
272.88,24.67,140,0
273.01,24.64,140,0
273.13,24.61,140,0
273.25,24.59,140,0
273.37,24.56,140,0
273.5,24.53,140,0
273.62,24.49,140,0
273.74,24.46,140,0
273.86,24.43,140,0
273.98,24.41,140,0
274.11,24.36,140,0
274.23,24.35,140,0
274.35,24.31,140,0
274.47,24.27,140,0
274.6,24.25,140,0
274.72,24.21,140,0
274.84,24.2,140,0
274.96,24.17,140,0
275.08,24.15,140,0
275.21,24.1,140,0
275.33,24.08,140,0
275.45,24.06,140,0
275.57,24.02,140,0
275.7,23.99,140,0
275.82,23.96,140,0
275.94,23.93,140,0
276.06,23.91,140,0
276.18,23.87,140,0
276.31,23.86,140,0
276.43,23.82,140,0
276.55,23.79,140,0
276.67,23.77,140,0
276.8,23.74,140,0
276.92,23.71,140,0
277.04,23.68,140,0
277.16,23.66,140,0
277.28,23.63,140,0
277.41,23.6,140,0
277.53,23.57,140,0
277.65,23.54,140,0
277.77,23.51,140,0
277.89,23.5,140,0
278.02,23.46,140,0
278.14,23.45,140,0
278.26,23.39,140,0
278.38,23.38,140,0
278.51,23.35,140,0
278.63,23.32,140,0
278.75,23.3,140,0
278.87,23.27,140,0
278.99,23.23,140,0
279.12,23.23,140,0
279.24,23.18,140,0
279.36,23.16,140,0
279.48,23.12,140,0
279.61,23.1,140,0
279.73,23.07,140,0
279.85,23.04,140,0
279.97,23.02,140,0
280.09,22.99,140,0
280.22,22.96,140,0
280.34,22.94,140,0
280.46,22.91,140,0
280.58,22.88,140,0
280.71,22.86,140,0
280.83,22.82,140,0
280.95,22.82,140,0
281.07,22.78,140,0
281.2,22.76,140,0
281.32,22.72,140,0
281.44,22.7,140,0
281.56,22.67,140,0
281.68,22.65,140,0
281.8,22.62,140,0
281.93,22.6,140,0
282.05,22.57,140,0
282.17,22.55,140,0
282.3,22.51,140,0
282.42,22.5,140,0
282.54,22.46,140,0
282.66,22.44,140,0
282.78,22.42,140,0
282.91,22.39,140,0
283.03,22.37,140,0
283.15,22.34,140,0
283.27,22.32,140,0
283.39,22.29,140,0
283.52,22.27,140,0
283.64,22.23,140,0
283.76,22.21,140,0
283.88,22.19,140,0
284.01,22.17,140,0
284.13,22.13,140,0
284.25,22.12,140,0
284.37,22.08,140,0
284.49,22.06,140,0
284.62,22.03,140,0
284.74,22.01,140,0
284.86,21.98,140,0
284.98,21.96,140,0
285.11,21.93,140,0
285.23,21.91,140,0
285.35,21.87,140,0
285.47,21.86,140,0
285.59,21.83,140,0
285.72,21.8,140,0
285.84,21.78,140,0
285.96,21.75,140,0
286.08,21.74,140,0
286.2,21.72,140,0
286.33,21.69,140,0
286.45,21.66,140,0
286.57,21.64,140,0
286.7,21.62,140,0
286.82,21.6,140,0
286.94,21.56,140,0
287.06,21.56,140,0
287.18,21.51,140,0
287.3,21.5,140,0
287.43,21.47,140,0
287.55,21.45,140,0
287.67,21.43,140,0
287.8,21.4,140,0
287.92,21.38,140,0
288.04,21.36,140,0
288.16,21.33,140,0
288.28,21.31,140,0
288.41,21.29,140,0
288.53,21.27,140,0
288.65,21.25,140,0
288.77,21.21,140,0
288.89,21.2,140,0
289.02,21.17,140,0
289.14,21.17,140,0
289.26,21.12,140,0
289.38,21.12,140,0
289.51,21.08,140,0
289.63,21.06,140,0
289.75,21.04,140,0
289.87,21.03,140,0
289.99,20.99,140,0
290.12,20.97,140,0
290.24,20.94,140,0
290.36,20.93,140,0
290.48,20.9,140,0
290.61,20.88,140,0
290.73,20.86,140,0
290.85,20.83,140,0
290.97,20.82,140,0
291.09,20.79,140,0
291.22,20.77,140,0
291.34,20.75,140,0
291.46,20.74,140,0
291.58,20.71,140,0
291.7,20.69,140,0
291.83,20.66,140,0
291.95,20.64,140,0
292.07,20.61,140,0
292.19,20.61,140,0
292.32,20.57,140,0
292.44,20.56,140,0
292.56,20.52,140,0
292.68,20.52,140,0
292.8,20.48,140,0
292.93,20.47,140,0
293.05,20.46,140,0
293.17,20.43,140,0
293.3,20.41,140,0
293.42,20.39,140,0
293.54,20.37,140,0
293.66,20.34,140,0
293.78,20.32,140,0
293.91,20.29,140,0
294.03,20.27,140,0
294.15,20.25,140,0
294.27,20.24,140,0
294.39,20.22,140,0
294.52,20.2,140,0
294.64,20.17,140,0
294.76,20.15,140,0
294.88,20.13,140,0
295.01,20.11,140,0
295.13,20.09,140,0
295.25,20.07,140,0
295.37,20.06,140,0
295.49,20.03,140,0
295.62,20.01,140,0
295.74,20.0,140,0
295.86,19.97,140,0
295.98,19.95,140,0
296.11,19.92,140,0
296.23,19.91,140,0
296.35,19.88,140,0
296.47,19.86,140,0
296.59,19.84,140,0
296.72,19.82,140,0
296.84,19.81,140,0
296.96,19.78,140,0
297.08,19.77,140,0
297.2,19.74,140,0
297.33,19.73,140,0
297.45,19.7,140,0
297.57,19.69,140,0
297.69,19.66,140,0
297.82,19.65,140,0
297.94,19.62,140,0
298.06,19.6,140,0
298.18,19.58,140,0
298.3,19.57,140,0
298.43,19.53,140,0
298.55,19.53,140,0
298.67,19.49,140,0
298.79,19.48,140,0
298.92,19.45,140,0
299.04,19.44,140,0
299.16,19.43,140,0
299.28,19.39,140,0
299.41,19.38,140,0
299.53,19.36,140,0
299.65,19.34,140,0
299.77,19.32,140,0
299.89,19.3,140,0
300.02,19.28,140,0
300.14,19.27,140,0
300.26,19.24,140,0
300.38,19.24,140,0
300.51,19.2,140,0
300.63,19.2,140,0
300.75,19.16,140,0
300.87,19.15,140,0
300.99,19.13,140,0
301.12,19.12,140,0
301.24,19.09,140,0
301.36,19.07,140,0
301.48,19.05,140,0
301.61,19.04,140,0
301.73,19.01,140,0
301.85,19.0,140,0
301.97,18.98,140,0
302.09,18.96,140,0
302.22,18.94,140,0
302.34,18.92,140,0
302.46,18.92,140,0
302.58,18.9,140,0
302.7,18.88,140,0
302.83,18.87,140,0
302.95,18.84,140,0
303.07,18.82,140,0
303.19,18.81,140,0
303.32,18.79,140,0
303.44,18.78,140,0
303.56,18.75,140,0
303.68,18.74,140,0
303.8,18.72,140,0
303.93,18.7,140,0
304.05,18.69,140,0
304.17,18.66,140,0
304.29,18.64,140,0
304.42,18.64,140,0
304.54,18.6,140,0
304.66,18.6,140,0
304.78,18.58,140,0
304.91,18.57,140,0
305.03,18.54,140,0
305.15,18.52,140,0
305.27,18.52,140,0
305.39,18.48,140,0
305.52,18.48,140,0
305.64,18.46,140,0
305.76,18.44,140,0
305.88,18.42,140,0
306.0,18.41,140,0
306.13,18.39,140,0
306.25,18.38,140,0
306.37,18.36,140,0
306.49,18.35,140,0
306.62,18.32,140,0
306.74,18.31,140,0
306.86,18.29,140,0
306.98,18.28,140,0
307.1,18.26,140,0
307.23,18.24,140,0
307.35,18.22,140,0
307.47,18.22,140,0
307.59,18.19,140,0
307.72,18.18,140,0
307.84,18.15,140,0
307.96,18.14,140,0
308.08,18.13,140,0
308.2,18.11,140,0
308.33,18.11,140,0
308.45,18.08,140,0
308.57,18.07,140,0
308.69,18.05,140,0
308.82,18.04,140,0
308.94,18.02,140,0
309.06,18.01,140,0
309.18,17.99,140,0
309.3,17.99,140,0
309.43,17.96,140,0
309.55,17.95,140,0
309.67,17.93,140,0
309.79,17.92,140,0
309.92,17.9,140,0
310.04,17.88,140,0
310.16,17.87,140,0
310.28,17.85,140,0
310.41,17.83,140,0
310.53,17.83,140,0
310.65,17.81,140,0
310.77,17.79,140,0
310.89,17.78,140,0
311.02,17.76,140,0
311.14,17.76,140,0
311.26,17.73,140,0
311.38,17.72,140,0
311.5,17.7,140,0
311.63,17.69,140,0
311.75,17.68,140,0
311.87,17.67,140,0
311.99,17.65,140,0
312.12,17.63,140,0
312.24,17.62,140,0
312.36,17.61,140,0
312.48,17.59,140,0
312.6,17.58,140,0
312.73,17.56,140,0
312.85,17.55,140,0
312.97,17.53,140,0
313.09,17.51,140,0
313.22,17.5,140,0
313.34,17.49,140,0
313.46,17.47,140,0
313.58,17.46,140,0
313.7,17.44,140,0
313.83,17.43,140,0
313.95,17.42,140,0
314.07,17.4,140,0
314.19,17.4,140,0
314.32,17.37,140,0
314.44,17.36,140,0
314.56,17.35,140,0
314.68,17.34,140,0
314.8,17.32,140,0
314.93,17.31,140,0
315.05,17.29,140,0
315.17,17.28,140,0
315.29,17.26,140,0
315.42,17.26,140,0
315.54,17.23,140,0
315.66,17.22,140,0
315.78,17.2,140,0
315.91,17.19,140,0
316.03,17.18,140,0
316.15,17.16,140,0
316.27,17.15,140,0
316.39,17.14,140,0
316.52,17.13,140,0
316.64,17.12,140,0
316.76,17.1,140,0
316.88,17.09,140,0
317.0,17.08,140,0
317.13,17.06,140,0
317.25,17.05,140,0
317.37,17.04,140,0
317.49,17.04,140,0
317.62,17.0,140,0
317.74,17.0,140,0
317.86,16.99,140,0
317.98,16.97,140,0
318.1,16.96,140,0
318.23,16.94,140,0
318.35,16.93,140,0
318.47,16.92,140,0
318.59,16.89,140,0
318.72,16.89,140,0
318.84,16.88,140,0
318.96,16.87,140,0
319.08,16.85,140,0
319.2,16.84,140,0
319.33,16.83,140,0
319.45,16.81,140,0
319.57,16.8,140,0
319.69,16.8,140,0
319.82,16.78,140,0
319.94,16.76,140,0
320.06,16.75,140,0
320.18,16.74,140,0
320.3,16.73,140,0
320.43,16.71,140,0
320.55,16.71,140,0
320.67,16.68,140,0
320.79,16.68,140,0
320.92,16.66,140,0
321.04,16.66,140,0
321.16,16.64,140,0
321.28,16.62,140,0
321.4,16.61,140,0
321.53,16.6,140,0
321.65,16.59,140,0
321.77,16.58,140,0
321.89,16.56,140,0
322.02,16.56,140,0
322.14,16.53,140,0
322.26,16.53,140,0
322.38,16.52,140,0
322.5,16.5,140,0
322.63,16.5,140,0
322.75,16.48,140,0
322.87,16.48,140,0
322.99,16.46,140,0
323.12,16.45,140,0
323.24,16.44,140,0
323.36,16.43,140,0
323.48,16.41,140,0
323.6,16.4,140,0
323.73,16.39,140,0
323.85,16.39,140,0
323.97,16.36,140,0
324.09,16.36,140,0
324.22,16.34,140,0
324.34,16.33,140,0
324.46,16.32,140,0
324.58,16.3,140,0
324.7,16.3,140,0
324.83,16.28,140,0
324.95,16.27,140,0
325.07,16.26,140,0
325.19,16.24,140,0
325.32,16.24,140,0
325.44,16.22,140,0
325.56,16.21,140,0
325.68,16.21,140,0
325.8,16.19,140,0
325.93,16.18,140,0
326.05,16.16,140,0
326.17,16.17,140,0
326.29,16.14,140,0
326.42,16.14,140,0
326.54,16.12,140,0
326.66,16.12,140,0
326.78,16.1,140,0
326.9,16.09,140,0
327.03,16.08,140,0
327.15,16.05,140,0
327.27,16.05,140,0
327.39,16.03,140,0
327.52,16.03,140,0
327.64,16.01,140,0
327.76,16.0,140,0
327.88,16.0,140,0
328.0,15.98,140,0
328.13,15.97,140,0
328.25,15.96,140,0
328.37,15.94,140,0
328.49,15.95,140,0
328.61,15.92,140,0
328.74,15.93,140,0
328.86,15.9,140,0
328.98,15.9,140,0
329.1,15.88,140,0
329.23,15.87,140,0
329.35,15.86,140,0
329.47,15.85,140,0
329.59,15.84,140,0
329.72,15.82,140,0
329.84,15.81,140,0
329.96,15.8,140,0
330.08,15.79,140,0
330.2,15.78,140,0
330.33,15.77,140,0
330.45,15.76,140,0
330.57,15.74,140,0
330.69,15.74,140,0
330.82,15.73,140,0
330.94,15.71,140,0
331.06,15.71,140,0
331.18,15.69,140,0
331.3,15.7,140,0
331.43,15.66,140,0
331.55,15.67,140,0
331.67,15.65,140,0
331.79,15.65,140,0
331.92,15.63,140,0
332.04,15.62,140,0
332.16,15.61,140,0
332.28,15.6,140,0
332.4,15.59,140,0
332.53,15.57,140,0
332.65,15.57,140,0
332.77,15.56,140,0
332.89,15.53,140,0
333.02,15.53,140,0
333.14,15.52,140,0
333.26,15.51,140,0
333.38,15.5,140,0
333.5,15.5,140,0
333.63,15.48,140,0
333.75,15.48,140,0
333.87,15.46,140,0
333.99,15.45,140,0
334.11,15.45,140,0
334.24,15.43,140,0
334.36,15.43,140,0
334.48,15.41,140,0
334.6,15.41,140,0
334.73,15.39,140,0
334.85,15.39,140,0
334.97,15.37,140,0
335.09,15.37,140,0
335.22,15.35,140,0
335.34,15.35,140,0
335.46,15.33,140,0
335.58,15.33,140,0
335.7,15.32,140,0
335.83,15.3,140,0
335.95,15.3,140,0
336.07,15.29,140,0
336.19,15.27,140,0
336.32,15.26,140,0
336.44,15.25,140,0
336.56,15.25,140,0
336.68,15.24,140,0
336.8,15.24,140,0
336.93,15.23,140,0
337.05,15.21,140,0
337.17,15.21,140,0
337.29,15.2,140,0
337.42,15.2,140,0
337.54,15.17,140,0
337.66,15.18,140,0
337.78,15.15,140,0
337.9,15.15,140,0
338.03,15.14,140,0
338.15,15.13,140,0
338.27,15.12,140,0
338.39,15.11,140,0
338.51,15.1,140,0
338.64,15.09,140,0
338.76,15.09,140,0
338.88,15.07,140,0
339.0,15.06,140,0
339.13,15.05,140,0
339.25,15.04,140,0
339.37,15.04,140,0
339.49,15.03,140,0
339.61,15.02,140,0
339.74,15.01,140,0
339.86,14.99,140,0
339.98,14.98,140,0
340.1,14.98,140,0
340.23,14.97,140,0
340.35,14.95,140,0
340.47,14.95,140,0
340.59,14.94,140,0
340.72,14.93,140,0
340.84,14.92,140,0
340.96,14.92,140,0
341.08,14.9,140,0
341.2,14.89,140,0
341.33,14.88,140,0
341.45,14.88,140,0
341.57,14.87,140,0
341.69,14.86,140,0
341.82,14.84,140,0
341.94,14.84,140,0
342.06,14.83,140,0
342.18,14.82,140,0
342.3,14.82,140,0
342.42,14.8,140,0
342.55,14.81,140,0
342.67,14.79,140,0
342.79,14.79,140,0
342.92,14.77,140,0
343.04,14.77,140,0
343.16,14.75,140,0
343.28,14.75,140,0
343.4,14.74,140,0
343.53,14.72,140,0
343.65,14.72,140,0
343.77,14.72,140,0
343.89,14.7,140,0
344.01,14.68,140,0
344.14,14.67,140,0
344.26,14.67,140,0
344.38,14.66,140,0
344.5,14.64,140,0
344.63,14.64,140,0
344.75,14.63,140,0
344.87,14.63,140,0
344.99,14.62,140,0
345.11,14.62,140,0
345.24,14.6,140,0
345.36,14.6,140,0
345.48,14.58,140,0
345.6,14.58,140,0
345.73,14.58,140,0
345.85,14.56,140,0
345.97,14.56,140,0
346.09,14.55,140,0
346.21,14.54,140,0
346.34,14.53,140,0
346.46,14.52,140,0
346.58,14.52,140,0
346.7,14.5,140,0
346.83,14.49,140,0
346.95,14.48,140,0
347.07,14.48,140,0
347.19,14.46,140,0
347.32,14.47,140,0
347.44,14.44,140,0
347.56,14.44,140,0
347.68,14.43,140,0
347.8,14.42,140,0
347.92,14.42,140,0
348.05,14.4,140,0
348.17,14.4,140,0
348.29,14.4,140,0
348.41,14.4,140,0
348.54,14.39,140,0
348.66,14.38,140,0
348.78,14.36,140,0
348.9,14.37,140,0
349.03,14.35,140,0
349.15,14.34,140,0
349.27,14.34,140,0
349.39,14.33,140,0
349.51,14.32,140,0
349.64,14.31,140,0
349.76,14.3,140,0
349.88,14.3,140,0
350.0,14.28,140,0
350.13,14.28,140,0
350.25,14.27,140,0
350.37,14.27,140,0
350.49,14.25,140,0
350.61,14.25,140,0
350.74,14.25,140,0
350.86,14.24,140,0
350.98,14.22,140,0
351.1,14.21,140,0
351.23,14.22,140,0
351.35,14.2,140,0
351.47,14.2,140,0
351.59,14.2,140,0
351.71,14.19,140,0
351.84,14.18,140,0
351.96,14.17,140,0
352.08,14.16,140,0
352.2,14.15,140,0
352.33,14.15,140,0
352.45,14.13,140,0
352.57,14.12,140,0
352.69,14.12,140,0
352.82,14.12,140,0
352.94,14.1,140,0
353.06,14.1,140,0
353.18,14.08,140,0
353.3,14.09,140,0
353.42,14.07,140,0
353.55,14.05,140,0
353.67,14.06,140,0
353.79,14.04,140,0
353.91,14.05,140,0
354.04,14.04,140,0
354.16,14.05,140,0
354.28,14.04,140,0
354.4,14.05,140,0
354.53,14.03,140,0
354.65,14.04,140,0
354.77,14.04,140,0
354.89,14.05,140,0
355.01,14.05,140,0
355.14,14.05,140,0
355.26,14.05,140,0
355.38,14.05,140,0
355.5,14.08,140,0
355.63,14.12,140,0
355.75,14.12,140,0
355.87,14.12,140,0
355.99,14.13,140,0
356.11,14.18,140,0
356.24,14.2,140,0
356.36,14.21,140,0
356.48,14.24,140,0
356.6,14.28,140,0
356.73,14.28,140,0
356.85,14.31,140,0
356.97,14.35,140,0
357.09,14.36,140,0
357.21,14.4,140,0
357.34,14.44,140,0
357.46,14.44,140,0
357.58,14.5,140,0
357.7,14.51,140,0
357.83,14.54,140,0
357.95,14.59,140,0
358.07,14.6,140,0
358.19,14.65,140,0
358.32,14.67,140,0
358.44,14.7,140,0
358.56,14.74,140,0
358.68,14.76,140,0
358.8,14.81,140,0
358.92,14.82,140,0
359.05,14.88,140,0
359.17,14.89,140,0
359.29,14.95,140,0
359.41,14.97,140,0
359.54,15.01,140,0
359.66,15.05,140,0
359.78,15.07,140,0
359.9,15.12,140,0
360.03,15.13,140,0
360.15,15.2,140,0
360.27,15.2,140,0
360.39,15.27,140,0
360.51,15.28,140,0
360.64,15.33,140,0
360.76,15.35,140,0
360.88,15.38,140,0
361.0,15.43,140,0
361.13,15.44,140,0
361.25,15.49,140,0
361.37,15.51,140,0
361.49,15.56,140,0
361.61,15.58,140,0
361.74,15.62,140,0
361.86,15.66,140,0
361.98,15.69,140,0
362.1,15.73,140,0
362.23,15.75,139,0
362.35,15.81,126,0
362.47,15.82,65,0
362.6,15.87,3,0
362.72,15.89,3,0
362.84,15.94,3,0
362.96,15.96,3,0
363.08,15.99,3,0
363.21,16.04,3,0
363.33,16.05,3,0
363.45,16.11,3,0
363.57,16.12,3,0
363.7,16.17,3,0
363.82,16.19,3,0
363.94,16.22,3,0
364.06,16.27,3,0
364.18,16.28,3,0
364.3,16.34,3,0
364.43,16.34,3,0
364.55,16.4,3,0
364.67,16.42,3,0
364.79,16.44,3,0
364.92,16.5,3,0
365.04,16.5,3,0
365.16,16.56,3,0
365.28,16.57,3,0
365.41,16.59,3,0
365.53,16.65,3,0
365.65,16.65,3,0
365.77,16.71,3,0
365.89,16.72,3,0
366.02,16.76,3,0
366.14,16.8,3,0
366.26,16.8,3,0
366.38,16.87,3,0
366.5,16.87,3,0
366.63,16.91,3,0
366.75,16.95,3,0
366.87,16.95,3,0
366.99,17.01,3,0
367.11,17.03,3,0
367.24,17.05,3,0
367.36,17.1,3,0
367.48,17.1,3,0
367.6,17.16,3,0
367.73,17.18,3,0
367.85,17.19,3,0
367.97,17.25,3,0
368.09,17.26,3,0
368.22,17.29,3,0
368.34,17.33,3,0
368.46,17.34,3,0
368.58,17.38,3,0
368.7,17.41,3,0
368.83,17.42,3,0
368.95,17.47,3,0
369.07,17.49,3,0
369.19,17.51,3,0
369.31,17.56,3,0
369.44,17.56,3,0
369.56,17.6,3,0
369.68,17.63,3,0
369.8,17.63,3,0
369.92,17.69,3,0
370.05,17.71,3,0
370.17,17.72,3,0
370.29,17.77,3,0
370.41,17.78,3,0
370.54,17.79,3,0
370.66,17.84,3,0
370.78,17.86,3,0
370.9,17.87,3,0
371.02,17.92,3,0
371.15,17.93,3,0
371.27,17.94,3,0
371.39,18.0,3,0
371.51,18.01,3,0
371.64,18.02,3,0
371.76,18.07,3,0
371.88,18.08,3,0
372.0,18.1,3,0
372.12,18.15,3,0
372.25,18.17,3,0
372.37,18.17,3,0
372.49,18.22,3,0
372.61,18.24,3,0
372.73,18.24,3,0
372.86,18.3,3,0
372.98,18.31,3,0
373.1,18.32,3,0
373.22,18.37,3,0
373.35,18.39,3,0
373.47,18.4,3,0
373.59,18.44,3,0
373.71,18.46,3,0
373.83,18.47,3,0
373.95,18.5,3,0
374.08,18.54,3,0
374.2,18.54,3,0
374.32,18.57,3,0
374.44,18.61,3,0
374.57,18.61,3,0
374.69,18.64,3,0
374.81,18.68,3,0
374.93,18.69,3,0
375.05,18.7,3,0
375.18,18.75,3,0
375.3,18.77,3,0
375.42,18.76,3,0
375.54,18.82,3,0
375.67,18.84,3,0
375.79,18.84,3,0
375.91,18.87,3,0
376.03,18.91,3,0
376.16,18.92,3,0
376.28,18.92,3,0
376.4,18.97,3,0
376.52,18.99,3,0
376.64,18.99,3,0
376.77,19.02,3,0
376.89,19.06,3,0
377.01,19.07,3,0
377.13,19.08,3,0
377.25,19.12,3,0
377.38,19.14,3,0
377.5,19.14,3,0
377.62,19.17,3,0
377.74,19.21,3,0
377.86,19.21,3,0
377.99,19.23,3,0
378.11,19.27,3,0
378.23,19.29,3,0
378.35,19.3,3,0
378.48,19.31,3,0
378.6,19.36,3,0
378.72,19.37,3,0
378.84,19.37,3,0
378.96,19.41,3,0
379.09,19.44,3,0
379.21,19.45,3,0
379.33,19.45,3,0
379.45,19.5,3,0
379.58,19.52,3,0
379.7,19.52,3,0
379.82,19.54,3,0
379.94,19.58,3,0
380.06,19.59,3,0
380.19,19.59,3,0
380.31,19.63,3,0
380.43,19.66,3,0
380.55,19.67,3,0
380.67,19.68,3,0
380.8,19.72,3,0
380.92,19.74,3,0
381.04,19.75,3,0
381.16,19.75,3,0
381.29,19.8,3,0
381.41,19.82,3,0
381.53,19.82,3,0
381.65,19.84,3,0
381.77,19.88,3,0
381.89,19.9,3,0
382.02,19.89,3,0
382.14,19.91,3,0
382.26,19.96,3,0
382.39,19.97,6,0
382.51,19.98,15,0
382.63,19.99,20,0
382.75,20.03,29,0
382.88,20.04,42,0
383.0,20.04,42,0
383.12,20.07,42,0
383.24,20.1,42,0
383.37,20.12,42,0
383.49,20.12,42,0
383.61,20.13,42,0
383.73,20.18,42,0
383.86,20.19,2,0
383.98,20.2,2,0
384.1,20.2,2,0
384.22,20.23,2,0
384.35,20.27,2,0
384.47,20.27,2,0
384.59,20.28,2,0
384.71,20.3,2,0
384.83,20.33,2,0
384.95,20.35,2,0
385.08,20.35,2,0
385.2,20.37,2,0
385.32,20.41,2,0
385.44,20.42,2,0
385.57,20.43,2,0
385.69,20.42,2,0
385.81,20.48,2,0
385.93,20.49,2,0
386.05,20.5,2,0
386.18,20.5,2,0
386.3,20.53,2,0
386.42,20.57,2,0
386.54,20.57,2,0
386.67,20.57,2,0
386.79,20.59,2,0
386.91,20.63,2,0
387.03,20.65,2,0
387.15,20.64,2,0
387.28,20.65,2,0
387.4,20.69,2,0
387.52,20.72,2,0
387.64,20.72,2,0
387.77,20.72,2,0
387.89,20.74,2,0
388.01,20.78,2,0
388.13,20.79,2,0
388.25,20.8,2,0
388.38,20.8,2,0
388.5,20.83,2,0
388.62,20.87,2,0
388.74,20.87,2,0
388.86,20.88,2,0
388.99,20.88,2,0
389.11,20.93,2,0
389.23,20.95,2,0
389.35,20.95,2,0
389.48,20.95,2,0
389.6,20.97,2,0
389.72,21.02,2,0
389.84,21.02,2,0
389.96,21.02,2,0
390.09,21.03,2,0
390.21,21.06,2,0
390.33,21.09,2,0
390.45,21.1,2,0
390.58,21.1,2,0
390.7,21.11,2,0
390.82,21.15,2,0
390.94,21.17,2,0
391.06,21.17,2,0
391.19,21.18,2,0
391.31,21.19,2,0
391.43,21.23,2,0
391.55,21.25,2,0
391.67,21.25,2,0
391.8,21.26,2,0
391.92,21.26,2,0
392.04,21.31,2,0
392.16,21.32,2,0
392.29,21.32,2,0
392.41,21.33,2,0
392.53,21.34,2,0
392.65,21.39,2,0
392.77,21.4,2,0
392.9,21.4,1,1
393.02,21.4,5,1
393.14,21.41,83,1
393.27,21.45,112,1
393.39,21.47,124,1
393.51,21.48,124,1
393.63,21.47,124,1
393.75,21.48,124,1
393.88,21.52,124,1
394.0,21.55,124,1
394.12,21.55,124,1
394.24,21.55,125,1
394.36,21.55,125,1
394.49,21.59,107,1
394.61,21.62,0,1
394.73,21.62,0,1
394.86,21.63,0,1
394.98,21.63,0,1
395.1,21.65,0,1
395.22,21.69,0,1
395.34,21.7,0,1
395.47,21.7,0,1
395.59,21.7,0,1
395.71,21.71,0,1
395.83,21.76,0,1
395.96,21.77,0,1
396.08,21.78,0,1
396.2,21.78,0,1
396.32,21.78,0,1
396.44,21.82,0,1
396.57,21.85,0,1
396.69,21.85,0,1
396.81,21.85,0,1
396.93,21.85,0,1
397.05,21.88,0,1
397.18,21.91,0,1
397.3,21.93,0,1
397.42,21.93,0,1
397.54,21.93,0,1
397.67,21.94,0,1
397.79,21.97,0,1
397.91,22.0,0,1
398.03,22.0,0,1
398.15,22.01,0,1
398.28,22.01,0,1
398.4,22.01,0,1
398.52,22.06,0,1
398.64,22.08,0,1
398.77,22.08,0,1
398.89,22.08,0,1
399.01,22.08,0,1
399.13,22.11,0,1
399.25,22.14,0,1
399.38,22.15,0,1
399.5,22.15,0,1
399.62,22.15,0,1
399.74,22.17,0,1
399.86,22.2,0,1
399.99,22.22,0,1
400.11,22.23,0,1
400.23,22.23,0,1
400.35,22.23,0,1
400.48,22.24,0,1
400.6,22.28,0,1
400.72,22.3,0,1
400.84,22.31,0,1
400.96,22.3,0,1
401.09,22.31,0,1
401.21,22.32,0,1
401.33,22.35,0,1
401.45,22.38,0,1
401.57,22.38,0,1
401.7,22.38,0,1
401.82,22.38,0,1
401.94,22.39,0,1
402.06,22.43,0,1
402.19,22.45,0,1
402.31,22.46,0,1
402.43,22.45,0,1
402.55,22.46,0,1
402.67,22.47,0,1
402.8,22.49,0,1
402.92,22.52,0,1
403.04,22.53,0,1
403.16,22.53,0,1
403.28,22.53,0,1
403.41,22.53,0,1
403.53,22.56,0,1
403.65,22.59,0,1
403.77,22.6,0,1
403.9,22.6,0,1
404.02,22.61,0,1
404.14,22.61,0,1
404.26,22.61,0,1
404.38,22.64,0,1
404.51,22.67,0,1
404.63,22.68,0,1
404.75,22.68,0,1
404.87,22.68,0,1
405.0,22.69,0,1
405.12,22.69,0,1
405.24,22.73,0,1
405.36,22.75,0,1
405.48,22.76,0,1
405.61,22.76,0,1
405.73,22.76,0,1
405.85,22.76,0,1
405.97,22.77,0,1
406.09,22.82,0,1
406.22,22.83,0,1
406.34,22.83,0,1
406.46,22.83,0,1
406.58,22.84,0,1
406.7,22.84,0,1
406.83,22.85,0,1
406.95,22.89,0,1
407.07,22.91,0,1
407.19,22.91,0,1
407.32,22.91,0,1
407.44,22.92,0,1
407.56,22.91,0,1
407.68,22.93,0,1
407.8,22.97,0,1
407.93,22.98,0,1
408.05,22.99,0,1
408.17,22.98,0,1
408.29,22.99,0,1
408.42,22.99,0,1
408.54,23.0,0,1
408.66,23.05,0,1
408.78,23.06,0,1
408.9,23.06,0,1
409.03,23.06,0,1
409.15,23.07,0,1
409.27,23.06,0,1
409.39,23.08,0,1
409.52,23.11,0,1
409.64,23.13,0,1
409.76,23.14,0,1
409.88,23.14,0,1
410.0,23.14,0,1
410.13,23.14,0,1
410.25,23.15,0,1
410.37,23.18,0,1
410.49,23.2,0,1
410.61,23.21,0,1
410.74,23.21,0,1
410.86,23.22,0,1
410.98,23.21,0,1
411.1,23.22,0,1
411.23,23.24,0,1
411.35,23.27,0,1
411.47,23.29,0,1
411.59,23.29,0,1
411.71,23.29,0,1
411.84,23.29,0,1
411.96,23.29,0,1
412.08,23.3,0,1
412.2,23.33,0,1
412.32,23.36,0,1
412.45,23.36,0,1
412.57,23.37,0,1
412.69,23.36,0,1
412.81,23.37,0,1
412.94,23.37,0,1
413.06,23.38,0,1
413.18,23.42,0,1
413.3,23.44,0,1
413.42,23.44,0,1
413.55,23.44,0,1
413.67,23.44,0,1
413.79,23.45,0,1
413.91,23.44,0,1
414.03,23.47,0,1
414.16,23.5,0,1
414.28,23.51,0,1
414.4,23.52,0,1
414.52,23.51,0,1
414.65,23.52,0,1
414.77,23.52,0,1
414.89,23.53,0,1
415.01,23.55,0,1
415.13,23.57,0,1
415.26,23.59,0,1
415.38,23.59,0,1
415.5,23.59,0,1
415.62,23.59,0,1
415.75,23.59,0,1
415.87,23.61,0,1
415.99,23.62,0,1
416.11,23.66,0,1
416.23,23.67,0,1
416.36,23.67,0,1
416.48,23.67,0,1
416.6,23.67,0,1
416.72,23.68,0,1
416.84,23.67,0,1
416.97,23.7,0,1
417.09,23.73,0,1
417.21,23.74,0,1
417.33,23.74,0,1
417.45,23.74,0,1
417.58,23.75,0,1
417.7,23.74,0,1
417.82,23.75,0,1
417.94,23.76,0,1
418.07,23.79,0,1
418.19,23.81,0,1
418.31,23.82,0,1
418.43,23.82,0,1
418.55,23.82,0,1
418.68,23.82,0,1
418.8,23.83,0,1
418.92,23.82,0,1
419.04,23.84,0,1
419.17,23.86,0,1
419.29,23.89,0,1
419.41,23.89,0,1
419.53,23.89,0,1
419.65,23.9,0,1
419.78,23.89,0,1
419.9,23.9,0,1
420.02,23.9,0,1
420.14,23.92,0,1
420.26,23.95,0,1
420.39,23.97,0,1
420.51,23.97,0,1
420.63,23.97,0,1
420.75,23.97,0,1
420.88,23.98,0,1
421.0,23.97,0,1
421.12,23.98,0,1
421.24,24.01,0,1
421.36,24.03,0,1
421.49,24.05,0,1
421.61,24.05,0,1
421.73,24.05,0,1
421.85,24.05,0,1
421.98,24.05,0,1
422.1,24.06,0,1
422.22,24.05,0,1
422.34,24.09,0,1
422.46,24.11,0,1
422.59,24.12,0,1
422.71,24.12,0,1
422.83,24.12,0,1
422.95,24.13,0,1
423.07,24.12,0,1
423.2,24.13,0,1
423.32,24.13,0,1
423.44,24.16,0,1
423.56,24.19,0,1
423.69,24.2,0,1
423.81,24.2,0,1
423.93,24.2,0,1
424.05,24.2,0,1
424.17,24.2,0,1
424.3,24.2,0,1
424.42,24.22,0,1
424.54,24.22,0,1
424.66,24.26,0,1
424.78,24.27,0,1
424.91,24.28,0,1
425.03,24.28,0,1
425.15,24.27,0,1
425.27,24.28,0,1
425.39,24.28,0,1
425.52,24.28,0,1
425.64,24.3,0,1
425.76,24.32,0,1
425.88,24.34,0,1
426.01,24.35,0,1
426.13,24.35,0,1
426.25,24.35,0,1
426.37,24.36,0,1
426.49,24.35,0,1
426.62,24.36,0,1
426.74,24.37,0,1
426.86,24.38,0,1
426.98,24.41,0,1
427.11,24.42,0,1
427.23,24.43,0,1
427.35,24.43,0,1
427.47,24.43,0,1
427.59,24.43,0,1
427.72,24.43,0,1
427.84,24.44,0,1
427.96,24.43,0,1
428.08,24.46,0,1
428.2,24.49,0,1
428.33,24.5,0,1
428.45,24.5,0,1
428.57,24.5,0,1
428.69,24.51,0,1
428.82,24.51,0,1
428.94,24.51,0,1
429.06,24.51,0,1
429.18,24.51,0,1
429.3,24.54,0,1
429.43,24.56,0,1
429.55,24.58,0,1
429.67,24.58,0,1
429.79,24.58,0,1
429.92,24.59,0,1
430.04,24.58,0,1
430.16,24.59,0,1
430.28,24.58,0,1
430.4,24.58,0,1
430.53,24.61,0,1
430.65,24.63,0,1
430.77,24.65,0,1
430.89,24.66,0,1
431.01,24.66,0,1
431.14,24.66,0,1
431.26,24.66,0,1
431.38,24.66,0,1
431.5,24.66,0,1
431.63,24.66,0,1
431.75,24.68,0,1
431.87,24.7,0,1
431.99,24.73,0,1
432.11,24.73,0,1
432.24,24.73,0,1
432.36,24.73,0,1
432.48,24.74,0,1
432.6,24.74,0,1
432.72,24.73,0,1
432.85,24.74,0,1
432.97,24.74,0,1
433.09,24.77,0,1
433.21,24.79,0,1
433.34,24.81,0,1
433.46,24.81,0,1
433.58,24.81,0,1
433.7,24.81,0,1
433.82,24.81,0,1
433.95,24.81,0,1
434.07,24.82,0,1
434.19,24.81,0,1
434.31,24.83,0,1
434.44,24.85,0,1
434.56,24.87,0,1
434.68,24.88,0,1
434.8,24.88,0,1
434.92,24.89,0,1
435.05,24.89,0,1
435.17,24.89,0,1
435.29,24.89,0,1
435.41,24.89,0,1
435.53,24.89,0,1
435.66,24.91,0,1
435.78,24.92,0,1
435.9,24.95,0,1
436.02,24.96,0,1
436.14,24.96,0,1
436.27,24.97,0,1
436.39,24.96,0,1
436.51,24.97,0,1
436.63,24.97,0,1
436.76,24.96,0,1
436.88,24.98,0,1
437.0,24.97,0,1
437.12,24.99,0,1
437.24,25.02,0,1
437.37,25.03,0,1
437.49,25.04,0,1
437.61,25.04,0,1
437.73,25.04,0,1
437.86,25.04,0,1
437.98,25.04,0,1
438.1,25.05,0,1
438.22,25.05,0,1
438.34,25.04,0,1
438.47,25.06,0,1
438.59,25.08,0,1
438.71,25.1,0,1
438.83,25.11,0,1
438.95,25.11,0,1
439.08,25.12,0,1
439.2,25.12,0,1
439.32,25.12,0,1
439.44,25.12,0,1
439.57,25.12,0,1
439.69,25.13,0,1
439.81,25.12,0,1
439.93,25.14,0,1
440.05,25.17,0,1
440.18,25.18,0,1
440.3,25.19,0,1
440.42,25.19,0,1
440.54,25.19,0,1
440.67,25.2,0,1
440.79,25.19,0,1
440.91,25.2,0,1
441.03,25.19,0,1
441.15,25.2,0,1
441.28,25.21,0,1
441.4,25.22,0,1
441.52,25.25,0,1
441.64,25.26,0,1
441.76,25.27,0,1
441.89,25.27,0,1
442.01,25.27,0,1
442.13,25.27,0,1
442.25,25.27,0,1
442.38,25.27,0,1
442.5,25.28,0,1
442.62,25.27,0,1
442.74,25.28,0,1
442.86,25.29,0,1
442.99,25.31,0,1
443.11,25.34,0,1
443.23,25.34,0,1
443.35,25.35,0,1
443.47,25.35,0,1
443.6,25.35,0,1
443.72,25.35,0,1
443.84,25.35,0,1
443.96,25.35,0,1
444.08,25.35,0,1
444.21,25.35,0,1
444.33,25.37,0,1
444.45,25.38,0,1
444.57,25.4,0,1
444.7,25.41,0,1
444.82,25.42,0,1
444.94,25.42,0,1
445.06,25.42,0,1
445.19,25.43,0,1
445.31,25.42,0,1
445.43,25.43,0,1
445.55,25.43,0,1
445.67,25.42,0,1
445.8,25.44,0,1
445.92,25.44,0,1
446.04,25.47,0,1
446.16,25.48,0,1
446.28,25.49,0,1
446.41,25.5,0,1
446.53,25.5,0,1
446.65,25.5,0,1
446.77,25.5,0,1
446.89,25.5,0,1
447.02,25.5,0,1
447.14,25.5,0,1
447.26,25.51,0,1
447.38,25.5,0,1
447.51,25.52,0,1
447.63,25.54,0,1
447.75,25.56,0,1
447.87,25.57,0,1
447.99,25.57,0,1
448.12,25.58,0,1
448.24,25.58,0,1
448.36,25.58,0,1
448.48,25.58,0,1
448.61,25.58,0,1
448.73,25.58,0,1
448.85,25.58,0,1
448.97,25.59,0,1
449.09,25.59,0,1
449.22,25.6,0,1
449.34,25.63,0,1
449.46,25.64,0,1
449.58,25.65,0,1
449.7,25.65,0,1
449.83,25.65,0,1
449.95,25.65,0,1
450.07,25.65,0,1
450.19,25.66,0,1
450.32,25.65,0,1
450.44,25.66,0,1
450.56,25.65,0,1
450.68,25.66,0,1
450.8,25.67,0,1
450.93,25.68,0,1
451.05,25.7,0,1
451.17,25.71,0,1
451.29,25.73,0,1
451.42,25.73,0,1
451.54,25.73,0,1
451.66,25.73,0,1
451.78,25.73,0,1
451.9,25.74,0,1
452.03,25.73,0,1
452.15,25.74,0,1
452.27,25.73,0,1
452.39,25.74,0,1
452.51,25.75,0,1
452.64,25.76,0,1
452.76,25.79,0,1
452.88,25.79,0,1
453.0,25.8,0,1
453.13,25.81,0,1
453.25,25.81,0,1
453.37,25.81,0,1
453.49,25.81,0,1
453.61,25.81,0,1
453.74,25.81,0,1
453.86,25.81,0,1
453.98,25.82,0,1
454.1,25.81,0,1
454.22,25.82,0,1
454.35,25.83,0,1
454.47,25.85,0,1
454.59,25.87,0,1
454.71,25.88,0,1
454.83,25.88,0,1
454.96,25.88,0,1
455.08,25.88,0,1
455.2,25.89,0,1
455.32,25.88,0,1
455.45,25.89,0,1
455.57,25.88,0,1
455.69,25.89,0,1
455.81,25.89,0,1
455.93,25.89,0,1
456.06,25.9,0,1
456.18,25.91,0,1
456.3,25.94,0,1
456.42,25.95,0,1
456.55,25.96,0,1
456.67,25.96,0,1
456.79,25.96,0,1
456.91,25.96,0,1
457.03,25.96,0,1
457.16,25.97,0,1
457.28,25.96,0,1
457.4,25.97,0,1
457.52,25.97,0,1
457.64,25.96,0,1
457.77,25.97,0,1
457.89,25.97,0,1
458.01,25.99,0,1
458.13,26.0,0,1
458.26,26.02,0,1
458.38,26.03,0,1
458.5,26.04,0,1
458.62,26.04,0,1
458.74,26.04,0,1
458.87,26.04,0,1
458.99,26.04,0,1
459.11,26.04,0,1
459.23,26.04,0,1
459.36,26.04,0,1
459.48,26.05,0,1
459.6,26.04,0,1
459.72,26.05,0,1
459.84,26.06,0,1
459.97,26.08,0,1
460.09,26.09,0,1
460.21,26.1,0,1
460.33,26.11,0,1
460.45,26.11,0,1
460.58,26.12,0,1
460.7,26.12,0,1
460.82,26.12,0,1
460.94,26.12,0,1
461.07,26.11,0,1
461.19,26.12,0,1
461.31,26.12,0,1
461.43,26.12,0,1
461.55,26.13,0,1
461.68,26.12,0,1
461.8,26.14,0,1
461.92,26.15,0,1
462.04,26.17,0,1
462.16,26.18,0,1
462.29,26.19,0,1
462.41,26.19,0,1
462.53,26.19,0,1
462.65,26.19,0,1
462.77,26.19,0,1
462.9,26.19,0,1
463.02,26.2,0,1
463.14,26.19,0,1
463.26,26.19,0,1
463.39,26.2,0,1
463.51,26.19,0,1
463.63,26.2,0,1
463.75,26.2,0,1
463.88,26.2,0,1
464.0,26.21,0,1
464.12,26.22,0,1
464.24,26.25,0,1
464.36,26.25,0,1
464.49,26.26,0,1
464.61,26.27,1,1
464.73,26.27,1,1
464.85,26.27,15,1
464.98,26.27,58,1
465.1,26.27,85,1
465.22,26.27,95,1
465.35,26.27,101,1
465.47,26.27,109,1
465.59,26.27,121,1
465.72,26.28,121,1
465.84,26.27,121,1
465.96,26.28,121,1
466.08,26.28,121,1
466.2,26.29,121,1
466.33,26.31,121,1
466.45,26.32,121,1
466.57,26.33,121,1
466.69,26.34,121,1
466.81,26.35,121,1
466.94,26.35,121,1
467.06,26.35,121,1
467.18,26.35,121,1
467.3,26.35,121,1
467.43,26.35,121,1
467.55,26.35,121,1
467.67,26.35,121,1
467.79,26.35,121,1
467.91,26.36,121,1
468.04,26.35,121,1
468.16,26.36,121,1
468.28,26.35,121,1
468.4,26.37,121,1
468.53,26.38,121,1
468.65,26.4,121,1
468.77,26.41,121,1
468.89,26.4,121,1
469.01,26.41,121,1
469.14,26.4,121,1
469.26,26.42,121,1
469.38,26.42,121,1
469.5,26.46,121,1
469.63,26.48,121,1
469.75,26.52,121,1
469.87,26.56,121,1
469.99,26.6,121,1
470.11,26.66,121,1
470.24,26.71,121,1
470.36,26.77,121,1
470.48,26.83,121,1
470.6,26.9,121,1
470.73,26.98,121,1
470.85,27.05,121,1
470.97,27.13,121,1
471.09,27.21,121,1
471.22,27.31,121,1
471.34,27.39,121,1
471.46,27.48,121,1
471.58,27.57,121,1
471.7,27.67,121,1
471.83,27.77,121,1
471.95,27.87,121,1
472.07,27.98,121,1
472.19,28.07,121,1
472.31,28.19,121,1
472.44,28.29,121,1
472.56,28.41,121,1
472.68,28.52,121,1
472.8,28.63,121,1
472.93,28.75,121,1
473.05,28.86,121,1
473.17,28.99,121,1
473.29,29.11,121,1
473.41,29.23,121,1
473.54,29.36,112,1
473.66,29.48,86,1
473.78,29.6,78,1
473.91,29.73,66,1
474.03,29.87,60,1
474.15,29.98,60,1
474.27,30.11,60,1
474.4,30.22,61,1
474.52,30.35,61,1
474.64,30.46,61,1
474.76,30.58,61,1
474.89,30.69,61,1
475.01,30.8,61,1
475.13,30.91,61,1
475.25,31.01,61,1
475.38,31.12,61,1
475.5,31.22,61,1
475.62,31.32,61,0
475.74,31.42,61,0
475.86,31.51,61,0
475.99,31.62,61,0
476.11,31.7,61,0
476.23,31.79,61,0
476.35,31.86,61,0
476.48,31.94,61,0
476.6,32.01,61,0
476.72,32.08,61,0
476.84,32.14,61,0
476.96,32.19,61,0
477.09,32.24,61,0
477.21,32.29,61,0
477.33,32.34,61,0
477.45,32.37,61,0
477.58,32.41,61,0
477.7,32.45,61,0
477.82,32.48,61,0
477.94,32.51,61,0
478.06,32.53,61,0
478.19,32.55,61,0
478.31,32.57,61,0
478.43,32.59,61,0
478.55,32.61,61,0
478.67,32.62,61,0
478.8,32.64,61,0
478.92,32.64,61,0
479.04,32.66,61,0
479.16,32.65,61,0
479.29,32.67,61,0
479.41,32.67,61,0
479.53,32.68,61,0
479.65,32.68,61,0
479.77,32.67,61,0
479.9,32.68,61,0
480.02,32.68,61,0
480.14,32.67,61,0
480.26,32.68,61,0
480.39,32.66,61,0
480.51,32.67,61,0
480.63,32.65,61,0
480.75,32.65,61,0
480.88,32.63,61,0
481.0,32.63,61,0
481.12,32.62,61,0
481.24,32.61,61,0
481.36,32.6,61,0
481.48,32.58,61,0
481.61,32.58,61,0
481.73,32.56,61,0
481.85,32.54,61,0
481.98,32.52,61,0
482.1,32.51,61,0
482.22,32.5,61,0
482.34,32.48,61,0
482.46,32.47,61,0
482.58,32.45,61,0
482.71,32.43,61,0
482.83,32.42,61,0
482.95,32.4,61,0
483.08,32.38,61,0
483.2,32.36,61,0
483.32,32.34,61,0
483.44,32.33,61,0
483.56,32.3,61,0
483.69,32.29,61,0
483.81,32.26,61,0
483.93,32.24,61,0
484.05,32.22,61,1
484.17,32.19,61,1
484.3,32.18,61,1
484.42,32.16,61,1
484.54,32.14,61,1
484.66,32.13,61,1
484.79,32.11,61,1
484.91,32.11,61,1
485.03,32.11,61,1
485.15,32.11,61,1
485.27,32.12,61,1
485.4,32.12,61,1
485.52,32.14,61,1
485.64,32.15,61,1
485.76,32.18,61,1
485.89,32.2,61,1
486.01,32.22,61,1
486.13,32.26,61,1
486.25,32.28,61,1
486.37,32.31,61,1
486.5,32.35,61,1
486.62,32.38,61,1
486.74,32.42,61,1
486.86,32.46,61,1
486.98,32.5,61,1
487.11,32.53,61,1
487.23,32.57,61,1
487.35,32.62,61,1
487.47,32.66,61,1
487.6,32.71,61,1
487.72,32.75,61,1
487.84,32.8,61,1
487.96,32.86,61,1
488.08,32.9,61,1
488.21,32.95,61,1
488.33,33.0,61,1
488.45,33.05,61,1
488.57,33.11,61,1
488.7,33.15,61,1
488.82,33.21,61,1
488.94,33.26,61,1
489.06,33.32,61,1
489.19,33.38,61,1
489.31,33.43,61,1
489.43,33.48,61,1
489.55,33.54,61,1
489.67,33.59,61,1
489.8,33.66,61,1
489.92,33.71,61,1
490.04,33.77,61,1
490.16,33.83,61,1
490.29,33.88,61,1
490.41,33.95,61,1
490.53,34.0,61,1
490.65,34.06,61,1
490.77,34.12,61,1
490.9,34.18,61,1
491.02,34.25,61,1
491.14,34.3,61,1
491.26,34.37,61,1
491.38,34.42,61,1
491.51,34.49,61,1
491.63,34.56,61,1
491.75,34.61,61,1
491.87,34.68,61,0
492.0,34.74,61,0
492.12,34.8,61,0
492.24,34.87,61,0
492.36,34.94,61,0
492.48,35.0,61,0
492.61,35.03,61,0
492.73,35.08,61,0
492.85,35.13,61,0
492.97,35.15,61,0
493.1,35.2,61,0
493.22,35.22,61,0
493.34,35.27,61,0
493.46,35.28,61,0
493.58,35.3,61,0
493.71,35.32,61,0
493.83,35.34,61,1
493.95,35.36,61,1
494.07,35.36,61,1
494.2,35.37,61,1
494.32,35.39,61,1
494.44,35.39,61,1
494.56,35.41,61,1
494.69,35.43,61,1
494.81,35.46,61,1
494.93,35.48,61,1
495.05,35.5,61,1
495.17,35.54,61,1
495.3,35.56,61,1
495.42,35.59,61,1
495.54,35.64,61,1
495.66,35.67,61,1
495.78,35.71,61,1
495.91,35.74,61,1
496.03,35.78,61,1
496.15,35.83,61,1
496.27,35.87,61,1
496.4,35.91,61,1
496.52,35.96,61,1
496.64,36.0,61,1
496.76,36.05,61,1
496.89,36.1,61,1
497.01,36.14,61,1
497.13,36.2,61,1
497.25,36.24,61,1
497.37,36.29,61,1
497.5,36.35,61,1
497.62,36.39,61,1
497.74,36.45,61,1
497.86,36.5,61,1
497.98,36.56,61,1
498.11,36.61,61,1
498.23,36.66,61,1
498.35,36.72,61,1
498.47,36.77,61,1
498.6,36.82,61,1
498.72,36.87,61,1
498.84,36.92,61,1
498.96,36.99,61,1
499.08,37.05,61,1
499.21,37.1,61,1
499.33,37.15,61,1
499.45,37.21,61,1
499.57,37.27,61,1
499.7,37.33,61,1
499.82,37.38,61,1
499.94,37.45,61,1
500.06,37.49,61,1
500.19,37.55,61,1
500.31,37.61,61,1
500.43,37.66,61,1
500.55,37.73,61,1
500.67,37.77,61,1
500.8,37.84,61,1
500.92,37.9,61,1
501.04,37.95,61,0
501.16,38.02,61,0
501.29,38.06,61,0
501.41,38.13,61,0
501.53,38.18,61,0
501.65,38.22,61,0
501.77,38.28,61,0
501.9,38.31,61,0
502.02,38.35,61,0
502.14,38.38,61,0
502.26,38.4,61,0
502.39,38.44,61,0
502.51,38.45,61,0
502.63,38.47,61,0
502.75,38.49,61,0
502.87,38.49,61,0
503.0,38.51,61,0
503.12,38.51,61,0
503.24,38.52,61,1
503.36,38.53,61,1
503.48,38.52,61,1
503.61,38.53,61,1
503.73,38.52,61,1
503.85,38.52,61,1
503.97,38.54,61,1
504.1,38.54,61,1
504.22,38.56,61,1
504.34,38.57,61,1
504.46,38.58,61,1
504.59,38.61,61,1
504.71,38.62,61,1
504.83,38.65,61,1
504.95,38.68,61,1
505.07,38.69,61,1
505.2,38.73,61,1
505.32,38.76,61,1
505.44,38.78,61,1
505.56,38.83,61,1
505.69,38.85,61,1
505.81,38.88,61,1
505.93,38.93,61,1
506.05,38.95,61,1
506.17,39.0,61,1
506.3,39.03,61,1
506.42,39.07,61,1
506.54,39.12,61,1
506.66,39.15,61,0
506.79,39.2,61,0
506.91,39.24,61,0
507.03,39.28,61,0
507.15,39.33,61,0
507.27,39.35,61,0
507.4,39.4,61,0
507.52,39.42,61,0
507.64,39.44,61,0
507.76,39.47,61,0
507.89,39.48,61,0
508.01,39.51,61,1
508.13,39.51,61,1
508.25,39.52,61,1
508.38,39.53,61,1
508.5,39.53,61,1
508.62,39.55,61,1
508.74,39.55,61,1
508.86,39.57,61,1
508.99,39.59,61,1
509.11,39.6,61,1
509.23,39.62,61,0
509.35,39.65,61,0
509.48,39.67,61,0
509.6,39.7,61,0
509.72,39.71,61,0
509.84,39.73,61,0
509.96,39.76,61,0
510.09,39.76,61,0
510.21,39.78,61,0
510.33,39.79,61,0
510.45,39.79,61,0
510.58,39.81,61,0
510.7,39.8,61,0
510.82,39.8,61,0
510.94,39.8,61,0
511.06,39.79,61,0
511.19,39.8,61,0
511.31,39.78,61,0
511.43,39.77,61,0
511.55,39.76,61,0
511.67,39.74,61,0
511.8,39.73,61,0
511.92,39.71,61,0
512.04,39.7,61,0
512.16,39.68,61,0
512.29,39.66,61,0
512.41,39.64,61,0
512.53,39.62,61,0
512.65,39.59,61,0
512.78,39.58,61,0
512.9,39.55,61,0
513.02,39.52,61,0
513.14,39.5,61,0
513.26,39.47,61,0
513.39,39.45,61,0
513.51,39.42,61,0
513.63,39.39,61,0
513.75,39.37,61,0
513.87,39.32,61,0
514.0,39.3,61,0
514.12,39.27,61,0
514.24,39.23,61,0
514.36,39.21,61,0
514.49,39.18,61,0
514.61,39.14,61,0
514.73,39.12,61,0
514.85,39.08,61,0
514.97,39.05,61,0
515.1,39.01,61,0
515.22,38.97,61,0
515.34,38.95,61,0
515.46,38.91,61,0
515.59,38.89,61,0
515.71,38.85,61,0
515.83,38.81,61,0
515.95,38.78,61,0
516.08,38.74,61,0
516.2,38.71,61,0
516.32,38.68,61,0
516.44,38.64,61,0
516.56,38.61,61,0
516.69,38.57,61,0
516.81,38.53,61,0
516.93,38.51,61,0
517.05,38.47,61,0
517.17,38.43,61,0
517.3,38.39,61,0
517.42,38.35,61,0
517.54,38.33,61,0
517.66,38.29,61,0
517.79,38.25,61,0
517.91,38.22,61,0
518.03,38.18,61,0
518.15,38.15,61,0
518.28,38.12,61,0
518.4,38.08,61,0
518.52,38.05,61,0
518.64,38.01,61,0
518.76,37.97,61,0
518.89,37.94,61,0
519.01,37.9,61,0
519.13,37.87,61,0
519.25,37.83,61,0
519.37,37.8,61,0
519.5,37.76,61,0
519.62,37.73,61,0
519.74,37.7,61,0
519.86,37.65,61,0
519.99,37.62,61,0
520.11,37.59,61,0
520.23,37.55,61,0
520.35,37.52,61,0
520.47,37.49,61,0
520.6,37.46,61,0
520.72,37.42,61,0
520.84,37.37,61,0
520.96,37.34,61,0
521.09,37.32,61,0
521.21,37.28,61,0
521.33,37.25,61,0
521.45,37.22,61,0
521.58,37.18,61,0
521.7,37.15,61,0
521.82,37.11,61,0
521.94,37.09,61,0
522.06,37.05,61,0
522.19,37.02,61,0
522.31,36.99,61,0
522.43,36.95,61,0
522.55,36.92,61,0
522.67,36.89,61,0
522.8,36.85,61,0
522.92,36.82,61,0
523.04,36.79,61,0
523.16,36.76,61,0
523.28,36.73,61,0
523.41,36.69,61,0
523.53,36.68,61,0
523.65,36.63,61,0
523.77,36.61,61,0
523.9,36.58,61,0
524.02,36.54,61,0
524.14,36.52,61,0
524.26,36.48,61,0
524.39,36.45,61,0
524.51,36.42,61,0
524.63,36.39,61,0
524.75,36.37,61,0
524.87,36.32,61,0
525.0,36.3,61,0
525.12,36.27,61,0
525.24,36.23,61,0
525.36,36.21,61,0
525.49,36.17,61,0
525.61,36.15,61,0
525.73,36.13,61,0
525.85,36.09,61,0
525.97,36.06,61,0
526.1,36.02,61,0
526.22,36.0,61,0
526.34,35.98,61,0
526.46,35.94,61,0
526.59,35.91,61,0
526.71,35.89,61,0
526.83,35.85,61,0
526.95,35.83,61,0
527.07,35.81,61,0
527.2,35.77,61,0
527.32,35.74,61,0
527.44,35.71,61,0
527.56,35.7,61,0
527.69,35.66,61,0
527.81,35.63,61,0
527.93,35.61,61,0
528.05,35.57,61,0
528.17,35.55,61,0
528.3,35.53,61,0
528.42,35.5,61,0
528.54,35.48,61,0
528.66,35.45,61,0
528.78,35.41,61,0
528.91,35.4,61,0
529.03,35.36,61,0
529.15,35.34,61,0
529.27,35.32,61,0
529.4,35.29,61,0
529.52,35.27,61,0
529.64,35.24,61,0
529.76,35.22,61,0
529.89,35.19,61,0
530.01,35.16,61,0
530.13,35.14,61,0
530.25,35.1,61,0
530.37,35.1,61,0
530.5,35.06,61,0
530.62,35.03,61,0
530.74,35.01,61,0
530.86,34.97,61,0
530.98,34.96,61,0
531.11,34.93,61,0
531.23,34.92,61,0
531.35,34.88,61,0
531.47,34.85,61,0
531.6,34.84,61,0
531.72,34.81,61,0
531.84,34.78,61,0
531.96,34.76,61,0
532.08,34.73,61,0
532.21,34.73,61,0
532.33,34.7,61,0
532.45,34.67,61,0
532.57,34.63,61,0
532.7,34.61,61,0
532.82,34.6,61,0
532.94,34.57,61,0
533.06,34.54,61,0
533.18,34.53,61,0
533.31,34.49,61,0
533.43,34.48,61,0
533.55,34.45,61,0
533.67,34.42,61,0
533.79,34.41,61,0
533.92,34.38,61,0
534.04,34.35,61,0
534.16,34.34,61,0
534.28,34.3,61,0
534.41,34.29,61,0
534.53,34.27,61,0
534.65,34.24,61,0
534.77,34.23,61,0
534.9,34.2,61,0
535.02,34.18,61,0
535.14,34.15,61,0
535.26,34.13,61,0
535.39,34.11,61,0
535.51,34.08,61,0
535.63,34.06,61,0
535.75,34.04,61,0
535.87,34.02,61,0
536.0,34.0,61,0
536.12,33.98,61,0
536.24,33.95,61,0
536.36,33.94,61,0
536.48,33.91,61,0
536.61,33.89,61,0
536.73,33.88,61,0
536.85,33.85,61,0
536.97,33.84,61,0
537.1,33.81,61,0
537.22,33.79,61,0
537.34,33.78,61,0
537.46,33.75,61,0
537.58,33.73,61,0
537.71,33.71,61,0
537.83,33.68,61,0
537.95,33.67,61,0
538.07,33.65,61,0
538.2,33.62,61,0
538.32,33.6,61,0
538.44,33.58,61,0
538.56,33.56,61,0
538.68,33.54,61,0
538.81,33.52,61,0
538.93,33.5,61,0
539.05,33.48,61,0
539.17,33.45,61,0
539.29,33.44,61,0
539.42,33.41,61,0
539.54,33.4,61,0
539.66,33.38,61,0
539.78,33.36,61,0
539.91,33.34,61,0
540.03,33.32,61,0
540.15,33.3,61,0
540.27,33.28,61,0
540.4,33.25,61,0
540.52,33.25,61,0
540.64,33.21,61,0
540.76,33.2,61,0
540.88,33.19,61,0
541.01,33.16,61,0
541.13,33.15,61,0
541.25,33.12,61,0
541.37,33.1,61,0
541.5,33.08,61,0
541.62,33.06,61,0
541.74,33.05,61,0
541.86,33.03,61,0
541.98,33.0,61,0
542.11,33.0,61,0
542.23,32.97,61,0
542.35,32.96,61,0
542.47,32.94,61,0
542.59,32.91,61,0
542.72,32.9,61,0
542.84,32.87,61,0
542.96,32.86,61,0
543.08,32.84,61,0
543.21,32.82,61,0
543.33,32.81,61,0
543.45,32.78,61,0
543.57,32.77,61,0
543.69,32.75,61,0
543.82,32.73,61,0
543.94,32.72,61,0
544.06,32.69,61,0
544.18,32.68,61,0
544.31,32.65,61,0
544.43,32.64,61,0
544.55,32.63,61,0
544.67,32.61,61,0
544.79,32.59,61,0
544.92,32.58,61,0
545.04,32.56,61,0
545.16,32.54,61,0
545.28,32.52,61,0
545.41,32.51,61,0
545.53,32.48,61,0
545.65,32.47,61,0
545.77,32.46,61,0
545.89,32.43,61,0
546.02,32.42,61,0
546.14,32.4,61,0
546.26,32.38,61,0
546.38,32.37,61,0
546.51,32.35,61,0
546.63,32.34,61,0
546.75,32.31,61,0
546.87,32.3,61,0
546.99,32.28,61,0
547.12,32.26,61,0
547.24,32.25,61,0
547.36,32.23,61,0
547.48,32.22,61,0
547.6,32.2,61,0
547.73,32.17,61,0
547.85,32.17,61,0
547.97,32.14,61,0
548.09,32.13,61,0
548.22,32.12,61,0
548.34,32.1,61,0
548.46,32.08,61,0
548.58,32.06,61,0
548.71,32.05,61,0
548.83,32.04,61,0
548.95,32.01,61,0
549.07,32.0,61,0
549.19,31.98,61,0
549.32,31.97,61,0
549.44,31.95,61,0
549.56,31.93,61,0
549.68,31.92,61,0
549.8,31.9,61,0
549.93,31.89,61,0
550.05,31.86,61,0
550.17,31.85,61,0
550.29,31.84,61,0
550.42,31.82,61,0
550.54,31.81,61,0
550.66,31.79,61,0
550.78,31.78,61,0
550.9,31.76,61,0
551.03,31.74,61,0
551.15,31.73,61,0
551.27,31.71,61,0
551.39,31.7,61,0
551.52,31.68,61,0
551.64,31.67,61,0
551.76,31.65,61,0
551.88,31.63,61,0
552.0,31.62,61,0
552.13,31.6,61,0
552.25,31.59,61,0
552.37,31.57,61,0
552.49,31.55,61,0
552.61,31.55,61,0
552.74,31.53,61,0
552.86,31.52,61,0
552.98,31.5,61,0
553.1,31.49,61,0
553.23,31.47,61,0
553.35,31.45,61,0
553.47,31.44,61,0
553.59,31.42,61,0
553.72,31.41,61,0
553.84,31.39,61,0
553.96,31.38,61,0
554.08,31.37,61,0
554.2,31.35,61,0
554.33,31.34,61,0
554.45,31.32,61,0
554.57,31.31,61,0
554.69,31.3,61,0
554.82,31.28,61,0
554.94,31.27,61,0
555.06,31.25,61,0
555.18,31.24,61,0
555.3,31.23,61,0
555.42,31.19,61,0
555.55,31.2,61,0
555.67,31.18,61,0
555.79,31.17,61,0
555.91,31.15,61,0
556.04,31.13,61,0
556.16,31.13,61,0
556.28,31.11,61,0
556.4,31.1,61,0
556.53,31.08,61,0
556.65,31.07,61,0
556.77,31.06,61,0
556.89,31.03,61,0
557.02,31.02,61,0
557.14,31.01,61,0
557.26,30.99,61,0
557.38,30.98,61,0
557.5,30.96,61,0
557.63,30.95,61,0
557.75,30.94,61,0
557.87,30.92,61,0
557.99,30.91,61,0
558.11,30.89,61,0
558.24,30.88,61,0
558.36,30.87,61,0
558.48,30.86,61,0
558.6,30.84,61,0
558.72,30.83,61,0
558.85,30.8,61,0
558.97,30.8,61,0
559.09,30.78,61,0
559.21,30.77,61,0
559.34,30.76,61,0
559.46,30.75,61,0
559.58,30.74,61,0
559.7,30.71,61,0
559.82,30.7,61,0
559.95,30.69,61,0
560.07,30.67,61,0
560.19,30.67,61,0
560.31,30.65,61,0
560.44,30.63,61,0
560.56,30.63,61,0
560.68,30.61,61,0
560.8,30.59,61,0
560.92,30.58,61,0
561.05,30.56,61,0
561.17,30.56,61,0
561.29,30.55,61,0
561.41,30.52,61,0
561.54,30.52,61,0
561.66,30.5,61,0
561.78,30.49,61,0
561.9,30.48,61,0
562.02,30.46,61,0
562.15,30.45,61,0
562.27,30.44,61,0
562.39,30.43,61,0
562.51,30.42,61,0
562.64,30.4,61,0
562.76,30.39,61,0
562.88,30.38,61,0
563.0,30.36,61,0
563.13,30.34,61,0
563.25,30.34,61,0
563.37,30.32,61,0
563.49,30.31,61,0
563.61,30.3,61,0
563.73,30.28,61,0
563.86,30.28,61,0
563.98,30.26,61,0
564.1,30.25,61,0
564.22,30.24,61,0
564.35,30.22,61,0
564.47,30.21,61,0
564.59,30.2,61,0
564.71,30.18,61,0
564.84,30.18,61,0
564.96,30.16,61,0
565.08,30.14,61,0
565.2,30.14,61,0
565.32,30.12,61,0
565.45,30.11,61,0
565.57,30.1,61,0
565.69,30.09,61,0
565.81,30.08,61,0
565.94,30.06,61,0
566.06,30.05,61,0
566.18,30.04,61,0
566.3,30.02,61,0
566.42,30.02,61,0
566.55,30.01,61,0
566.67,29.99,61,0
566.79,29.99,61,0
566.91,29.97,61,0
567.03,29.95,61,0
567.16,29.96,61,0
567.28,29.93,61,0
567.4,29.93,61,0
567.52,29.91,61,0
567.65,29.9,61,0
567.77,29.89,61,0
567.89,29.87,61,0
568.01,29.88,61,0
568.14,29.86,61,0
568.26,29.85,61,0
568.38,29.84,61,0
568.5,29.83,61,0
568.62,29.83,61,0
568.75,29.82,61,0
568.87,29.81,61,0
568.99,29.79,61,0
569.11,29.79,61,0
569.23,29.78,61,0
569.36,29.78,61,0
569.48,29.77,61,0
569.6,29.76,61,0
569.72,29.76,61,0
569.84,29.74,61,0
569.97,29.73,61,0
570.09,29.74,61,0
570.21,29.72,61,0
570.34,29.71,61,0
570.46,29.71,61,0
570.58,29.7,61,0
570.7,29.69,61,0
570.82,29.69,61,0
570.95,29.68,61,0
571.07,29.67,61,0
571.19,29.66,61,0
571.31,29.65,61,0
571.44,29.65,61,0
571.56,29.64,61,0
571.68,29.63,61,0
571.8,29.62,61,0
571.92,29.61,61,0
572.04,29.61,61,0
572.17,29.6,61,0
572.29,29.59,61,0
572.41,29.59,61,0
572.53,29.57,61,0
572.66,29.57,61,0
572.78,29.56,61,0
572.9,29.55,61,0
573.02,29.54,61,0
573.15,29.53,61,0
573.27,29.51,61,0
573.39,29.52,61,0
573.51,29.5,61,0
573.63,29.5,61,0
573.76,29.49,61,0
573.88,29.48,61,0
574.0,29.47,61,0
574.12,29.46,61,0
574.25,29.45,61,0
574.37,29.44,61,0
574.49,29.42,61,0
574.61,29.41,61,0
574.73,29.42,61,0
574.86,29.41,61,0
574.98,29.41,61,0
575.1,29.41,61,0
575.22,29.41,61,0
575.34,29.41,61,0
575.47,29.41,61,0
575.59,29.41,61,0
575.71,29.41,61,0
575.83,29.41,61,0
575.96,29.41,61,0
576.08,29.41,61,0
576.2,29.41,61,0
576.32,29.41,61,0
576.45,29.41,61,0
576.57,29.41,61,0
576.69,29.42,61,0
576.81,29.41,61,0
576.93,29.42,61,0
577.06,29.43,61,0
577.18,29.44,61,0
577.3,29.47,61,0
577.42,29.48,61,0
577.54,29.48,61,0
577.67,29.49,61,0
577.79,29.49,61,0
577.91,29.49,61,0
578.03,29.5,61,0
578.16,29.49,61,0
578.28,29.5,61,0
578.4,29.52,61,0
578.52,29.55,61,0
578.64,29.57,61,0
578.77,29.57,61,0
578.89,29.57,61,0
579.01,29.58,61,0
579.13,29.57,61,0
579.26,29.57,61,0
579.38,29.6,61,0
579.5,29.62,61,0
579.62,29.64,61,0
579.74,29.65,61,0
579.87,29.65,61,0
579.99,29.66,61,0
580.11,29.65,61,0
580.23,29.65,61,0
580.36,29.68,61,0
580.48,29.71,61,0
580.6,29.73,61,0
580.72,29.73,61,0
580.84,29.73,61,0
580.97,29.73,61,0
581.09,29.74,61,0
581.21,29.74,61,0
581.33,29.78,61,0
581.46,29.8,61,0
581.58,29.81,61,0
581.7,29.81,61,0
581.82,29.81,61,0
581.94,29.81,61,0
582.07,29.82,61,0
582.19,29.83,61,0
582.31,29.86,61,0
582.43,29.88,61,0
582.55,29.89,61,0
582.68,29.89,61,0
582.8,29.9,61,0
582.92,29.89,61,0
583.04,29.9,61,0
583.16,29.92,61,0
583.29,29.95,61,0
583.41,29.97,61,0
583.53,29.97,61,0
583.66,29.97,61,0
583.78,29.97,61,0
583.9,29.97,61,0
584.02,29.98,61,0
584.14,29.99,61,0
584.27,30.01,61,0
584.39,30.04,61,0
584.51,30.05,61,0
584.63,30.05,61,0
584.76,30.05,61,0
584.88,30.05,61,0
585.0,30.05,61,0
585.12,30.07,61,0
585.24,30.08,61,0
585.37,30.11,61,0
585.49,30.13,61,0
585.61,30.13,61,0
585.73,30.13,61,0
585.85,30.13,61,0
585.98,30.13,61,0
586.1,30.14,61,0
586.22,30.14,61,0
586.34,30.17,61,0
586.47,30.19,61,0
586.59,30.21,61,0
586.71,30.21,61,0
586.83,30.21,61,0
586.95,30.21,61,0
587.08,30.22,61,0
587.2,30.21,61,0
587.32,30.22,61,0
587.44,30.26,61,0
587.57,30.27,61,0
587.69,30.29,61,0
587.81,30.29,61,0
587.93,30.29,61,0
588.05,30.3,61,0
588.18,30.29,61,0
588.3,30.29,61,0
588.42,30.31,61,0
588.54,30.31,61,0
588.66,30.35,61,0
588.79,30.37,61,0
588.91,30.37,61,0
589.03,30.37,61,0
589.15,30.37,61,0
589.28,30.37,61,0
589.4,30.38,61,0
589.52,30.38,61,0
589.64,30.38,61,0
589.77,30.41,61,0
589.89,30.42,61,0
590.01,30.44,61,0
590.13,30.45,61,0
590.25,30.45,61,0
590.38,30.46,61,0
590.5,30.46,61,0
590.62,30.45,61,0
590.74,30.46,61,0
590.86,30.46,61,0
590.99,30.47,61,0
591.11,30.5,61,0
591.23,30.52,61,0
591.35,30.53,61,0
591.48,30.53,61,0
591.6,30.53,61,0
591.72,30.54,61,0
591.84,30.54,61,0
591.97,30.53,61,0
592.09,30.54,61,0
592.21,30.54,61,0
592.33,30.55,61,0
592.45,30.58,61,0
592.58,30.6,61,0
592.7,30.61,61,0
592.82,30.61,61,0
592.94,30.61,61,0
593.06,30.62,61,0
593.19,30.62,61,0
593.31,30.61,61,0
593.43,30.62,61,0
593.55,30.62,61,0
593.68,30.62,61,0
593.8,30.65,61,0
593.92,30.67,61,0
594.04,30.68,61,0
594.16,30.69,61,0
594.29,30.69,61,0
594.41,30.7,61,0
594.53,30.7,61,0
594.65,30.7,61,0
594.78,30.7,61,0
594.9,30.7,61,0
595.02,30.7,61,0
595.14,30.71,61,0
595.26,30.72,61,0
595.39,30.74,61,0
595.51,30.76,61,0
595.63,30.77,61,0
595.75,30.77,61,0
595.88,30.78,61,0
596.0,30.78,61,0
596.12,30.78,61,0
596.24,30.78,61,0
596.36,30.78,61,0
596.49,30.79,61,0
596.61,30.78,61,0
596.73,30.79,61,0
596.85,30.8,61,0
596.97,30.82,61,0
597.1,30.84,61,0
597.22,30.85,61,0
597.34,30.86,61,0
597.46,30.86,61,0
597.59,30.86,61,0
597.71,30.86,61,0
597.83,30.86,61,0
597.95,30.86,61,0
598.08,30.87,61,0
598.2,30.86,61,0
598.32,30.86,61,0
598.44,30.88,61,0
598.56,30.89,61,0
598.69,30.91,61,0
598.81,30.92,61,0
598.93,30.93,61,0
599.05,30.94,61,0
599.17,30.94,61,0
599.3,30.94,61,0
599.42,30.94,61,0
599.54,30.94,61,0
599.66,30.95,61,0
599.79,30.94,61,0
599.91,30.94,61,0
600.03,30.95,61,0
600.15,30.94,61,0
600.27,30.96,61,0
600.4,30.98,61,0
600.52,31.0,61,0
600.64,31.02,61,0
600.76,31.02,61,0
600.89,31.02,61,0
601.01,31.02,61,0
601.13,31.02,61,0
601.25,31.02,61,0
601.37,31.03,61,0
601.5,31.02,61,0
601.62,31.03,61,0
601.74,31.03,61,0
601.86,31.02,61,0
601.98,31.04,61,0
602.11,31.04,61,0
602.23,31.06,61,0
602.35,31.08,61,0
602.47,31.09,61,0
602.6,31.1,61,0
602.72,31.1,61,0
602.84,31.1,61,0
602.96,31.11,61,0
603.08,31.1,61,0
603.21,31.11,61,0
603.33,31.11,61,0
603.45,31.1,61,0
603.57,31.11,61,0
603.7,31.1,61,0
603.82,31.11,61,0
603.94,31.12,61,0
604.06,31.12,61,0
604.18,31.15,61,0
604.31,31.16,61,0
604.43,31.17,61,0
604.55,31.18,61,0
604.67,31.18,61,0
604.79,31.19,61,0
604.92,31.18,61,0
605.04,31.19,61,0
605.16,31.19,61,0
605.28,31.18,61,0
605.41,31.19,61,0
605.53,31.19,61,0
605.65,31.19,61,0
605.77,31.2,61,0
605.9,31.19,61,0
606.02,31.2,61,0
606.14,31.22,61,0
606.26,31.23,61,0
606.38,31.24,61,0
606.51,31.25,61,0
606.63,31.26,61,0
606.75,31.26,61,0
606.87,31.27,61,0
607.0,31.27,61,0
607.12,31.27,61,0
607.24,31.27,61,0
607.36,31.27,61,0
607.48,31.27,61,0
607.6,31.27,61,0
607.73,31.27,61,0
607.85,31.27,61,0
607.97,31.28,61,0
608.09,31.27,61,0
608.22,31.27,61,0
608.34,31.29,61,0
608.46,31.29,61,0
608.58,31.31,61,0
608.71,31.32,61,0
608.83,31.33,61,0
608.95,31.34,61,0
609.07,31.35,61,0
609.2,31.35,61,0
609.32,31.35,61,0
609.44,31.35,61,0
609.56,31.35,61,0
609.68,31.35,61,0
609.81,31.35,61,0
609.93,31.36,61,0
610.05,31.35,61,0
610.17,31.36,61,0
610.29,31.35,61,0
610.42,31.35,61,0
610.54,31.37,61,0
610.66,31.37,61,0
610.78,31.38,61,0
610.91,31.4,61,0
611.03,31.4,61,0
611.15,31.42,61,0
611.27,31.42,61,0
611.39,31.43,61,0
611.52,31.43,61,0
611.64,31.43,61,0
611.76,31.43,61,0
611.88,31.43,61,0
612.01,31.43,61,0
612.13,31.44,61,0
612.25,31.43,61,0
612.37,31.43,61,0
612.49,31.44,61,0
612.62,31.43,61,0
612.74,31.44,61,0
612.86,31.44,61,0
612.98,31.44,61,0
613.1,31.47,61,0
613.23,31.47,61,0
613.35,31.48,61,0
613.47,31.49,61,0
613.59,31.5,61,0
613.72,31.51,61,0
613.84,31.51,61,0
613.96,31.51,61,0
614.08,31.51,61,0
614.21,31.51,61,0
614.33,31.52,61,0
614.45,31.51,61,0
614.57,31.51,61,0
614.69,31.52,61,0
614.82,31.51,61,0
614.94,31.52,61,0
615.06,31.52,61,0
615.18,31.52,61,0
615.3,31.53,61,0
615.43,31.52,61,0
615.55,31.53,61,0
615.67,31.55,61,0
615.79,31.56,61,0
615.92,31.58,61,0
616.04,31.58,61,0
616.16,31.58,61,0
616.28,31.59,61,0
616.4,31.59,61,0
616.53,31.6,61,0
616.65,31.59,61,0
616.77,31.59,61,0
616.89,31.6,61,0
617.02,31.59,61,0
617.14,31.6,61,0
617.26,31.6,61,0
617.38,31.6,61,0
617.5,31.6,61,0
617.63,31.59,61,0
617.75,31.6,61,0
617.87,31.6,61,0
617.99,31.6,61,0
618.12,31.62,61,0
618.24,31.61,61,0
618.36,31.63,61,0
618.48,31.64,61,0
618.6,31.65,61,0
618.73,31.67,61,0
618.85,31.67,61,0
618.97,31.67,61,0
619.09,31.67,61,0
619.22,31.67,61,0
619.34,31.68,61,0
619.46,31.68,61,0
619.58,31.68,61,0
619.7,31.68,61,0
619.83,31.68,61,0
619.95,31.68,61,0
620.07,31.68,61,0
620.19,31.68,61,0
620.32,31.68,61,0
620.44,31.68,61,0
620.56,31.69,61,0
620.68,31.68,61,0
620.8,31.68,61,0
620.92,31.7,61,0
621.05,31.7,61,0
621.17,31.72,61,0
621.29,31.72,61,0
621.41,31.73,61,0
621.54,31.74,61,0
621.66,31.75,61,0
621.78,31.75,61,0
621.9,31.76,61,0
622.03,31.76,61,0
622.15,31.76,61,0
622.27,31.76,61,0
622.39,31.76,61,0
622.52,31.76,61,0
622.64,31.76,61,0
622.76,31.77,61,0
622.88,31.76,61,0
623.0,31.76,61,0
623.13,31.77,61,0
623.25,31.76,61,0
623.37,31.77,61,0
623.49,31.76,61,0
623.61,31.76,61,0
623.74,31.78,61,0
623.86,31.77,61,0
623.98,31.79,61,0
624.1,31.8,61,0
624.22,31.81,61,0
624.35,31.82,61,0
624.47,31.83,61,0
624.59,31.83,61,0
624.71,31.84,61,0
624.84,31.84,61,0
624.96,31.84,61,0
625.08,31.84,61,0
625.2,31.84,61,0
625.33,31.84,61,0
625.45,31.84,61,0
625.57,31.85,61,0
625.69,31.84,61,0
625.81,31.84,61,0
625.94,31.85,61,0
626.06,31.84,61,0
626.18,31.85,61,0
626.3,31.85,61,0
626.42,31.84,61,0
626.55,31.85,61,0
626.67,31.84,61,0
626.79,31.86,61,0
626.91,31.86,61,0
627.04,31.87,61,0
627.16,31.89,61,0
627.28,31.88,61,0
627.4,31.9,61,0
627.52,31.91,61,0
627.65,31.91,61,0
627.77,31.92,61,0
627.89,31.92,61,0
628.01,31.92,61,0
628.14,31.93,61,0
628.26,31.92,61,0
628.38,31.93,61,0
628.5,31.92,61,0
628.62,31.92,61,0
628.75,31.93,61,0
628.87,31.92,61,0
628.99,31.93,61,0
629.11,31.92,61,0
629.23,31.93,61,0
629.36,31.93,61,0
629.48,31.93,61,0
629.6,31.94,61,0
629.72,31.93,61,0
629.85,31.93,61,0
629.97,31.93,61,0
630.09,31.93,61,0
630.21,31.96,61,0
630.34,31.96,61,0
630.46,31.97,61,0
630.58,31.97,61,0
630.7,31.99,61,0
630.82,32.0,61,0
630.95,32.0,61,0
631.07,32.0,61,0
631.19,32.0,61,0
631.31,32.0,61,0
631.44,32.01,61,0
631.56,32.0,61,0
631.68,32.01,61,0
631.8,32.01,61,0
631.92,32.01,61,0
632.04,32.01,61,0
632.17,32.01,61,0
632.29,32.01,61,0
632.41,32.01,61,0
632.53,32.01,61,0
632.66,32.02,61,0
632.78,32.01,61,0
632.9,32.01,61,0
633.02,32.02,61,0
633.15,32.01,61,0
633.27,32.02,61,0
633.39,32.01,61,0
633.51,32.02,61,0
633.63,32.03,61,0
633.76,32.03,61,0
633.88,32.05,61,0
634.0,32.05,61,0
634.12,32.06,61,0
634.25,32.07,61,0
634.37,32.07,61,0
634.49,32.08,61,0
634.61,32.08,61,0
634.73,32.09,61,0
634.86,32.09,61,0
634.98,32.09,61,0
635.1,32.09,61,0
635.22,32.09,61,0
635.34,32.09,61,0
635.47,32.09,61,0
635.59,32.09,61,0
635.71,32.09,61,0
635.83,32.09,61,0
635.96,32.09,61,0
636.08,32.09,61,0
636.2,32.09,61,0
636.32,32.09,61,0
636.44,32.1,61,0
636.57,32.09,61,0
636.69,32.1,61,0
636.81,32.1,61,0
636.93,32.09,61,0
637.06,32.11,61,0
637.18,32.1,61,0
637.3,32.11,61,0
637.42,32.12,61,0
637.54,32.12,61,0
637.67,32.14,61,0
637.79,32.15,61,0
637.91,32.15,61,0
638.03,32.16,61,0
638.16,32.16,61,0
638.28,32.17,61,0
638.4,32.17,61,0
638.52,32.17,61,0
638.64,32.17,61,0
638.77,32.17,61,0
638.89,32.17,61,0
639.01,32.17,61,0
639.13,32.17,61,0
639.26,32.18,61,0
639.38,32.17,61,0
639.5,32.17,61,0
639.62,32.17,61,0
639.74,32.17,61,0
639.87,32.18,61,0
639.99,32.17,61,0
640.11,32.18,61,0
640.23,32.17,61,0
640.35,32.17,61,0
640.48,32.19,61,0
640.6,32.17,61,0
640.72,32.18,61,0
640.84,32.18,61,0
640.97,32.18,61,0
641.09,32.2,61,0
641.21,32.19,61,0
641.33,32.21,61,0
641.46,32.22,61,0
641.58,32.22,61,0
641.7,32.23,61,0
641.82,32.23,61,0
641.94,32.24,61,0
642.07,32.25,61,0
642.19,32.25,61,0
642.31,32.25,61,0
642.43,32.25,61,0
642.55,32.25,61,0
642.68,32.25,61,0
642.8,32.25,61,0
642.92,32.26,61,0
643.04,32.25,61,0
643.17,32.26,61,0
643.29,32.26,61,0
643.41,32.26,61,0
643.53,32.26,61,0
643.65,32.25,61,0
643.78,32.26,61,0
643.9,32.26,61,0
644.02,32.26,61,0
644.14,32.26,61,0
644.27,32.26,61,0
644.39,32.27,61,0
644.51,32.26,61,0
644.63,32.26,61,0
644.75,32.26,61,0
644.88,32.26,61,0
645.0,32.27,61,0
645.12,32.26,61,0
645.24,32.28,61,0
645.36,32.28,61,0
645.49,32.28,61,0
645.61,32.3,61,0
645.73,32.3,61,0
645.85,32.32,61,0
645.98,32.32,61,0
646.1,32.32,61,0
646.22,32.33,61,0
646.34,32.33,61,0
646.47,32.33,61,0
646.59,32.34,61,0
646.71,32.34,61,0
646.83,32.34,61,0
646.95,32.34,61,0
647.08,32.34,61,0
647.2,32.34,61,0
647.32,32.34,61,0
647.44,32.34,61,0
647.57,32.34,61,0
647.69,32.34,61,0
647.81,32.34,61,0
647.93,32.34,61,0
648.05,32.34,61,0
648.18,32.34,61,0
648.3,32.34,61,0
648.42,32.34,61,0
648.54,32.34,61,0
648.66,32.34,61,0
648.79,32.35,61,0
648.91,32.34,61,0
649.03,32.35,61,0
649.15,32.34,61,0
649.28,32.34,61,0
649.4,32.36,61,0
649.52,32.35,61,0
649.64,32.36,61,0
649.76,32.36,61,0
649.89,32.37,61,0
650.01,32.38,61,0
650.13,32.38,61,0
650.25,32.39,61,0
650.38,32.39,61,0
650.5,32.4,61,0
650.62,32.4,61,0
650.74,32.41,61,0
650.86,32.41,61,0
650.99,32.42,61,0
651.11,32.42,61,0
651.23,32.42,61,0
651.35,32.42,61,0
651.47,32.42,61,0
651.6,32.42,61,0
651.72,32.42,61,0
651.84,32.42,61,0
651.96,32.42,61,0
652.09,32.42,61,0
652.21,32.42,61,0
652.33,32.42,61,0
652.45,32.42,61,0
652.58,32.42,61,0
652.7,32.42,61,0
652.82,32.42,61,0
652.94,32.43,61,0
653.06,32.42,61,0
653.19,32.43,61,0
653.31,32.42,61,0
653.43,32.43,61,0
653.55,32.42,61,0
653.67,32.43,61,0
653.8,32.43,61,0
653.92,32.42,61,0
654.04,32.44,61,0
654.16,32.43,61,0
654.28,32.44,61,0
654.41,32.44,61,0
654.53,32.44,61,0
654.65,32.45,61,0
654.78,32.46,61,0
654.9,32.47,61,0
655.02,32.46,61,0
655.14,32.48,61,0
655.26,32.48,61,0
655.39,32.49,61,0
655.51,32.49,61,0
655.63,32.5,61,0
655.75,32.5,61,0
655.88,32.5,61,0
656.0,32.5,61,0
656.12,32.5,61,0
656.24,32.5,61,0
656.36,32.5,61,0
656.48,32.5,61,0
656.61,32.51,61,0
656.73,32.5,61,0
656.85,32.51,61,0
656.97,32.5,61,0
657.1,32.51,61,0
657.22,32.5,61,0
657.34,32.5,61,0
657.46,32.51,61,0
657.59,32.5,61,0
657.71,32.51,61,0
657.83,32.5,61,0
657.95,32.51,61,0
658.07,32.51,61,0
658.2,32.5,61,0
658.32,32.51,61,0
658.44,32.51,61,0
658.56,32.51,61,0
658.68,32.51,61,0
658.81,32.51,61,0
658.93,32.51,61,0
659.05,32.51,61,0
659.17,32.52,61,0
659.3,32.51,61,0
659.42,32.52,61,0
659.54,32.52,61,0
659.66,32.53,61,0
659.78,32.53,61,0
659.91,32.54,61,0
660.03,32.55,61,0
660.15,32.55,61,0
660.27,32.56,61,0
660.4,32.56,61,0
660.52,32.57,61,0
660.64,32.57,61,0
660.76,32.57,61,0
660.88,32.58,61,0
661.01,32.58,61,0
661.13,32.58,61,0
661.25,32.59,61,0
661.37,32.59,61,0
661.5,32.59,61,0
661.62,32.59,61,0
661.74,32.59,61,0
661.86,32.59,61,0
661.98,32.59,61,0
662.11,32.59,61,0
662.23,32.59,61,0
662.35,32.59,61,0
662.47,32.59,61,0
662.59,32.59,61,0
662.72,32.59,61,0
662.84,32.59,61,0
662.96,32.59,61,0
663.08,32.59,61,0
663.21,32.59,61,0
663.33,32.59,61,0
663.45,32.59,61,0
663.57,32.6,61,0
663.7,32.59,61,0
663.82,32.59,61,0
663.94,32.59,61,0
664.06,32.59,61,0
664.18,32.59,61,0
664.31,32.59,61,0
664.43,32.6,61,0
664.55,32.59,61,0
664.67,32.6,61,0
664.79,32.59,61,0
664.92,32.6,61,0
665.04,32.6,61,0
665.16,32.6,61,0
665.28,32.61,61,0
665.41,32.6,61,0
665.53,32.62,61,0
665.65,32.61,61,0
665.77,32.63,61,0
665.89,32.63,61,0
666.02,32.64,61,0
666.14,32.64,61,0
666.26,32.64,61,0
666.38,32.65,61,0
666.51,32.65,61,0
666.63,32.66,61,0
666.75,32.66,61,0
666.87,32.66,61,0
666.99,32.67,61,0
667.12,32.67,61,0
667.24,32.67,61,0
667.36,32.67,61,0
667.48,32.67,61,0
667.61,32.67,61,0
667.73,32.67,61,0
667.85,32.67,61,0
667.97,32.67,61,0
668.09,32.67,61,0
668.22,32.67,61,0
668.34,32.67,61,0
668.46,32.67,61,0
668.58,32.67,61,0
668.71,32.67,61,0
668.83,32.67,61,0
668.95,32.67,61,0
669.07,32.67,61,0
669.19,32.68,61,0
669.32,32.67,61,0
669.44,32.68,61,0
669.56,32.67,61,0
669.68,32.67,61,0
669.8,32.67,61,0
669.93,32.67,61,0
670.05,32.68,61,0
670.17,32.67,61,0
670.29,32.68,61,0
670.42,32.67,61,0
670.54,32.68,61,0
670.66,32.67,61,0
670.78,32.68,61,0
670.91,32.68,61,0
671.03,32.68,61,0
671.15,32.69,61,0
671.27,32.68,61,0
671.39,32.7,61,0
671.52,32.69,61,0
671.64,32.7,61,0
671.76,32.7,61,0
671.88,32.7,61,0
672.01,32.72,61,0
672.13,32.71,61,0
672.25,32.73,61,0
672.37,32.72,61,0
672.49,32.73,61,0
672.62,32.73,61,0
672.74,32.74,61,0
672.86,32.74,61,0
672.98,32.74,61,0
673.1,32.75,61,0
673.23,32.75,61,0
673.35,32.75,61,0
673.47,32.75,61,0
673.59,32.75,61,0
673.72,32.76,61,0
673.84,32.75,61,0
673.96,32.76,61,0
674.08,32.75,61,0
674.2,32.76,61,0
674.33,32.76,61,0
674.45,32.76,61,0
674.57,32.76,61,0
674.69,32.75,61,0
674.82,32.76,61,0
674.94,32.76,61,0
675.06,32.76,61,0
675.18,32.76,61,0
675.3,32.76,61,0
675.43,32.76,61,0
675.55,32.76,61,0
675.67,32.76,61,0
675.79,32.76,61,0
675.91,32.76,61,0
676.04,32.76,61,0
676.16,32.76,61,0
676.28,32.76,61,0
676.4,32.76,61,0
676.53,32.76,61,0
676.65,32.76,61,0
676.77,32.76,61,0
676.89,32.75,61,0
677.02,32.77,61,0
677.14,32.76,61,0
677.26,32.77,61,0
677.38,32.76,61,0
677.5,32.76,61,0
677.63,32.76,61,0
677.75,32.77,61,0
677.87,32.77,61,0
677.99,32.76,61,0
678.11,32.78,61,0
678.24,32.77,61,0
678.36,32.79,61,0
678.48,32.78,61,0
678.6,32.8,61,0
678.73,32.79,61,0
678.85,32.81,61,0
678.97,32.8,61,0
679.09,32.81,61,0
679.22,32.82,61,0
679.34,32.82,61,0
679.46,32.82,61,0
679.58,32.82,61,0
679.7,32.83,61,0
679.83,32.83,61,0
679.95,32.84,61,0
680.07,32.84,61,0
680.19,32.84,61,0
680.31,32.84,61,0
680.44,32.84,61,0
680.56,32.84,61,0
680.68,32.84,61,0
680.8,32.84,61,0
680.93,32.84,61,0
681.05,32.84,61,0
681.17,32.84,61,0
681.29,32.84,61,0
681.41,32.84,61,0
681.54,32.84,61,0
681.66,32.84,61,0
681.78,32.84,61,0
681.9,32.84,61,0
682.03,32.84,61,0
682.15,32.84,61,0
682.27,32.84,61,0
682.39,32.84,61,0
682.51,32.84,61,0
682.64,32.84,61,0
682.76,32.84,61,0
682.88,32.85,61,0
683.0,32.84,61,0
683.13,32.85,61,0
683.25,32.84,61,0
683.37,32.85,61,0
683.49,32.84,61,0
683.61,32.84,61,0
683.74,32.85,61,0
683.86,32.84,61,0
683.98,32.85,61,0
684.1,32.84,61,0
684.22,32.85,61,0
684.35,32.84,61,0
684.47,32.85,61,0
684.59,32.84,61,0
684.71,32.85,61,0
684.84,32.85,61,0
684.96,32.85,61,0
685.08,32.86,61,0
685.2,32.86,61,0
685.33,32.87,61,0
685.45,32.87,61,0
685.57,32.88,61,0
685.69,32.88,61,0
685.81,32.89,61,0
685.94,32.88,61,0
686.06,32.89,61,0
686.18,32.89,61,0
686.3,32.9,61,0
686.42,32.9,61,0
686.55,32.9,61,0
686.67,32.91,61,0
686.79,32.91,61,0
686.91,32.92,61,0
687.04,32.91,61,0
687.16,32.92,61,0
687.28,32.92,61,0
687.4,32.92,61,0
687.52,32.92,61,0
687.65,32.92,61,0
687.77,32.92,61,0
687.89,32.92,61,0
688.01,32.92,61,0
688.14,32.92,61,0
688.26,32.92,61,0
688.38,32.92,61,0
688.5,32.92,61,0
688.62,32.92,61,0
688.75,32.92,61,0
688.87,32.92,61,0
688.99,32.92,61,0
689.11,32.92,61,0
689.23,32.92,61,0
689.36,32.93,61,0
689.48,32.92,61,0
689.6,32.93,61,0
689.72,32.92,61,0
689.85,32.93,61,0
689.97,32.92,61,0
690.09,32.92,61,0
690.21,32.93,61,0
690.34,32.92,61,0
690.46,32.93,61,0
690.58,32.92,61,0
690.7,32.93,61,0
690.82,32.92,61,0
690.95,32.93,61,0
691.07,32.93,61,0
691.19,32.93,61,0
691.31,32.93,61,0
691.44,32.92,61,0
691.56,32.93,61,0
691.68,32.93,61,0
691.8,32.93,61,0
691.92,32.92,61,0
692.04,32.93,61,0
692.17,32.92,61,0
692.29,32.93,61,0
692.41,32.93,61,0
692.53,32.93,61,0
692.66,32.93,61,0
692.78,32.93,61,0
692.9,32.94,61,0
693.02,32.94,61,0
693.15,32.95,61,0
693.27,32.95,61,0
693.39,32.96,61,0
693.51,32.96,61,0
693.64,32.97,61,0
693.76,32.97,61,0
693.88,32.98,61,0
694.0,32.98,61,0
694.12,32.99,61,0
694.25,32.99,61,0
694.37,32.99,61,0
694.49,32.99,61,0
694.61,33.0,61,0
694.73,33.0,61,0
694.86,33.0,61,0
694.98,33.0,61,0
695.1,33.0,61,0
695.22,33.0,61,0
695.34,33.0,61,0
695.47,33.01,61,0
695.59,33.0,61,0
695.71,33.0,61,0
695.83,33.01,61,0
695.96,33.01,61,0
696.08,33.01,61,0
696.2,33.0,61,0
696.32,33.01,61,0
696.44,33.01,61,0
696.57,33.01,61,0
696.69,33.01,61,0
696.81,33.01,61,0
696.93,33.01,61,0
697.06,33.01,61,0
697.18,33.01,61,0
697.3,33.01,61,0
697.42,33.01,61,0
697.54,33.01,61,0
697.67,33.01,61,0
697.79,33.01,61,0
697.91,33.01,61,0
698.03,33.01,61,0
698.16,33.01,61,0
698.28,33.01,61,0
698.4,33.01,61,0
698.52,33.01,61,0
698.64,33.01,61,0
698.77,33.01,61,0
698.89,33.01,61,0
699.01,33.01,61,0
699.13,33.01,61,0
699.26,33.02,61,0
699.38,33.01,61,0
699.5,33.01,61,0
699.62,33.01,61,0
699.74,33.01,61,0
699.87,33.01,61,0
699.99,33.01,61,0
700.11,33.02,61,0
700.23,33.01,61,0
700.35,33.02,61,0
700.48,33.01,61,0
700.6,33.02,61,0
700.72,33.01,61,0
700.84,33.02,61,0
700.97,33.02,61,0
701.09,33.01,61,0
701.21,33.02,61,0
701.33,33.02,61,0
701.45,33.03,61,0
701.58,33.03,61,0
701.7,33.04,61,0
701.82,33.04,61,0
701.94,33.04,61,0
702.07,33.04,61,0
702.19,33.05,61,0
702.31,33.05,61,0
702.43,33.06,61,0
702.55,33.06,61,0
702.68,33.06,61,0
702.8,33.07,61,0
702.92,33.06,61,0
703.04,33.07,61,0
703.16,33.07,61,0
703.29,33.07,61,0
703.41,33.08,61,0
703.53,33.08,61,0
703.65,33.08,61,0
703.78,33.08,61,0
703.9,33.08,61,0
704.02,33.08,61,0
704.14,33.08,61,0
704.27,33.08,61,0
704.39,33.09,61,0
704.51,33.09,61,0
704.63,33.09,61,0
704.75,33.09,61,0
704.88,33.09,61,0
705.0,33.09,61,0
705.12,33.09,61,0
705.24,33.09,61,0
705.36,33.09,61,0
705.49,33.09,61,0
705.61,33.09,61,0
705.73,33.09,61,0
705.85,33.09,61,0
705.97,33.09,61,0
706.1,33.09,61,0
706.22,33.09,61,0
706.34,33.09,61,0
706.46,33.09,61,0
706.59,33.09,61,0
706.71,33.09,61,0
706.83,33.09,61,0
706.95,33.1,61,0
707.08,33.09,61,0
707.2,33.09,61,0
707.32,33.09,61,0
707.44,33.09,61,0
707.56,33.09,61,0
707.69,33.1,61,0
707.81,33.09,61,0
707.93,33.09,61,0
708.05,33.09,61,0
708.17,33.09,61,0
708.3,33.1,61,0
708.42,33.09,61,0
708.54,33.1,61,0
708.66,33.09,61,0
708.79,33.1,61,0
708.91,33.09,61,0
709.03,33.1,61,0
709.15,33.09,61,0
709.27,33.1,61,0
709.4,33.09,61,0
709.52,33.09,61,0
709.64,33.09,61,0
709.76,33.1,61,0
709.88,33.1,61,0
710.01,33.09,61,0
710.13,33.11,61,0
710.25,33.09,61,0
710.37,33.11,61,0
710.5,33.1,61,0
710.62,33.11,61,0
710.74,33.1,61,0
710.86,33.12,61,0
710.98,33.11,61,0
711.11,33.12,61,0
711.23,33.12,61,0
711.35,33.13,61,0
711.47,33.12,61,0
711.6,33.13,61,0
711.72,33.13,61,0
711.84,33.14,61,0
711.96,33.14,61,0
712.09,33.14,61,0
712.21,33.15,61,0
712.33,33.15,61,0
712.45,33.15,61,1
712.57,33.15,61,1
712.7,33.16,61,1
712.82,33.16,61,1
712.94,33.17,61,1
713.06,33.17,61,1
713.19,33.17,61,1
713.31,33.17,61,1
713.43,33.17,61,1
713.55,33.17,61,1
713.67,33.17,61,1
713.8,33.17,61,1
713.92,33.17,61,1
714.04,33.17,61,1
714.16,33.17,61,1
714.28,33.17,61,1
714.41,33.17,61,1
714.53,33.17,61,1
714.65,33.17,61,1
714.77,33.17,61,1
714.9,33.17,61,1
715.02,33.17,61,1
715.14,33.17,61,1
715.26,33.18,61,1
715.38,33.17,61,1
715.51,33.18,61,1
715.63,33.17,61,1
715.75,33.18,61,1
715.87,33.18,61,1
716.0,33.18,61,1
716.12,33.18,61,1
716.24,33.18,61,1
716.36,33.18,61,1
716.48,33.17,61,1
716.61,33.18,61,1
716.73,33.17,61,1
716.85,33.18,61,1
716.97,33.17,61,1
717.09,33.18,61,1
717.22,33.17,61,1
717.34,33.18,61,1
717.46,33.17,61,1
717.59,33.18,61,1
717.71,33.17,61,1
717.83,33.18,61,1
717.95,33.18,61,1
718.07,33.18,61,1
718.2,33.18,61,1
718.32,33.18,61,1
718.44,33.18,61,1
718.56,33.18,61,1
718.69,33.18,61,1
718.81,33.18,61,1
718.93,33.18,61,1
719.05,33.18,61,1
719.17,33.18,61,1
719.29,33.18,61,1
719.42,33.19,61,1
719.54,33.18,61,1
719.66,33.19,61,1
719.78,33.18,61,1
719.91,33.19,61,1
720.03,33.18,61,1
720.15,33.19,61,1
720.27,33.18,61,1
720.4,33.19,61,1
720.52,33.18,61,1
720.64,33.19,61,1
720.76,33.19,61,1
720.88,33.19,61,1
721.01,33.19,61,1
721.13,33.2,61,1
721.25,33.2,61,1
721.37,33.2,61,1
721.5,33.21,61,1
721.62,33.21,61,1
721.74,33.21,61,1
721.86,33.21,61,1
721.98,33.22,61,1
722.11,33.22,61,1
722.23,33.22,61,1
722.35,33.23,61,1
722.47,33.23,61,1
722.59,33.23,61,1
722.72,33.23,61,1
722.84,33.23,61,1
722.96,33.24,61,1
723.08,33.23,61,1
723.21,33.24,61,1
723.33,33.24,61,1
723.45,33.24,61,1
723.57,33.25,61,1
723.7,33.25,61,1
723.82,33.25,61,1
723.94,33.25,61,1
724.06,33.25,61,1
724.18,33.25,61,1
724.3,33.25,61,1
724.43,33.25,61,1
724.55,33.26,61,1
724.67,33.26,61,1
724.79,33.26,61,1
724.92,33.26,61,1
725.04,33.26,61,1
725.16,33.26,61,1
725.28,33.26,61,1
725.41,33.26,61,1
725.53,33.26,61,1
725.65,33.26,61,1
725.77,33.26,61,1
725.9,33.26,61,1
726.02,33.26,61,1
726.14,33.26,61,1
726.26,33.26,61,1
726.38,33.26,61,1
726.51,33.26,61,1
726.63,33.26,61,1
726.75,33.26,61,1
726.87,33.26,61,1
726.99,33.26,61,1
727.12,33.26,61,1
727.24,33.26,61,1
727.36,33.26,61,1
727.48,33.26,61,1
727.61,33.26,61,1
727.73,33.26,61,1
727.85,33.26,61,1
727.97,33.26,61,1
728.09,33.26,61,1
728.22,33.26,61,1
728.34,33.27,61,1
728.46,33.26,61,1
728.58,33.27,61,1
728.71,33.26,61,1
728.83,33.26,61,1
728.95,33.26,61,1
729.07,33.26,61,1
729.19,33.26,61,1
729.32,33.27,61,1
729.44,33.26,61,1
729.56,33.27,61,1
729.68,33.26,61,1
729.8,33.27,61,1
729.93,33.26,61,1
730.05,33.27,61,1
730.17,33.26,61,1
730.29,33.26,61,1
730.42,33.27,61,1
730.54,33.26,61,1
730.66,33.27,61,1
730.78,33.26,61,1
730.91,33.27,61,1
731.03,33.26,61,1
731.15,33.27,61,1
731.27,33.26,61,1
731.4,33.27,61,1
731.52,33.26,61,1
731.64,33.27,61,1
731.76,33.27,61,1
731.88,33.28,61,1
732.01,33.27,61,1
732.13,33.28,61,1
732.25,33.27,61,1
732.37,33.28,61,1
732.49,33.27,61,1
732.62,33.28,61,1
732.74,33.28,61,1
732.86,33.29,61,1
732.98,33.29,61,1
733.11,33.3,61,1
733.23,33.29,61,1
733.35,33.3,61,1
733.47,33.3,61,1
733.59,33.31,61,1
733.72,33.31,61,1
733.84,33.32,61,1
733.96,33.32,61,1
734.08,33.32,61,1
734.21,33.32,61,1
734.33,33.33,61,1
734.45,33.33,61,1
734.57,33.33,61,1
734.69,33.33,61,1
734.82,33.34,61,1
734.94,33.34,61,1
735.06,33.34,61,1
735.18,33.34,61,1
735.3,33.34,61,1
735.43,33.34,61,1
735.55,33.34,61,1
735.67,33.34,61,1
735.79,33.34,61,1
735.92,33.34,61,1
736.04,33.34,61,1
736.16,33.34,61,1
736.28,33.35,61,1
736.41,33.34,61,1
736.53,33.35,61,1
736.65,33.34,61,1
736.77,33.35,61,1
736.89,33.34,61,1
737.02,33.35,61,1
737.14,33.34,61,1
737.26,33.35,61,1
737.38,33.34,61,1
737.51,33.35,61,1
737.63,33.34,61,1
737.75,33.35,61,1
737.87,33.34,61,1
737.99,33.35,61,1
738.12,33.34,61,1
738.24,33.35,61,1
738.36,33.34,61,1
738.48,33.35,61,1
738.6,33.35,61,1
738.73,33.35,61,1
738.85,33.35,61,1
738.97,33.35,61,1
739.09,33.35,61,1
739.22,33.35,61,1
739.34,33.35,61,1
739.46,33.35,61,1
739.58,33.35,61,1
739.7,33.35,61,1
739.83,33.35,61,1
739.95,33.35,61,1
740.07,33.35,61,1
740.19,33.35,61,1
740.32,33.35,61,1
740.44,33.36,61,1
740.56,33.36,61,1
740.68,33.36,61,1
740.8,33.36,61,1
740.93,33.37,61,1
741.05,33.37,61,1
741.17,33.37,61,1
741.29,33.37,61,1
741.41,33.38,61,1
741.54,33.38,61,1
741.66,33.39,61,1
741.78,33.39,61,1
741.91,33.39,61,1
742.03,33.39,61,1
742.15,33.39,61,1
742.27,33.39,61,1
742.39,33.4,61,1
742.52,33.4,61,1
742.64,33.41,61,1
742.76,33.4,61,1
742.88,33.41,61,1
743.01,33.41,61,1
743.13,33.41,61,1
743.25,33.41,61,1
743.37,33.42,61,1
743.49,33.42,61,1
743.61,33.42,61,1
743.74,33.42,61,1
743.86,33.42,61,1
743.98,33.42,61,1
744.1,33.43,61,1
744.23,33.42,61,1
744.35,33.43,61,1
744.47,33.43,61,1
744.59,33.43,61,1
744.72,33.43,61,1
744.84,33.43,61,1
744.96,33.43,61,1
745.08,33.43,61,1
745.2,33.43,61,1
745.33,33.43,61,1
745.45,33.43,61,1
745.57,33.43,61,1
745.69,33.43,61,1
745.82,33.43,61,1
745.94,33.43,61,1
746.06,33.43,61,1
746.18,33.43,61,1
746.3,33.43,61,1
746.43,33.43,61,1
746.55,33.43,61,1
746.67,33.43,61,1
746.79,33.43,61,1
746.91,33.43,61,1
747.04,33.43,61,1
747.16,33.43,61,1
747.28,33.43,61,1
747.4,33.43,61,1
747.53,33.43,61,1
747.65,33.43,61,1
747.77,33.43,61,1
747.89,33.43,61,1
748.02,33.43,61,1
748.14,33.43,61,1
748.26,33.43,61,1
748.38,33.43,61,1
748.51,33.43,61,1
748.63,33.43,61,1
748.75,33.43,61,1
748.87,33.43,61,1
748.99,33.43,61,1
749.11,33.43,61,1
749.24,33.44,61,1
749.36,33.43,61,1
749.48,33.44,61,1
749.6,33.43,61,1
749.73,33.44,61,1
749.85,33.43,61,1
749.97,33.44,61,1
750.09,33.43,61,1
750.22,33.45,61,1
750.34,33.44,61,1
750.46,33.45,61,1
750.58,33.45,61,1
750.7,33.46,61,1
750.83,33.47,61,1
750.95,33.48,61,1
751.07,33.5,61,1
751.19,33.52,61,1
751.32,33.54,61,1
751.44,33.56,61,1
751.56,33.59,61,1
751.68,33.62,61,1
751.8,33.66,61,1
751.93,33.68,61,1
752.05,33.73,61,1
752.17,33.76,61,1
752.29,33.8,61,1
752.41,33.83,61,1
752.54,33.88,61,1
752.66,33.92,60,1
752.78,33.97,60,1
752.91,34.01,68,1
753.03,34.06,97,1
753.15,34.1,109,1
753.28,34.16,120,1
753.4,34.21,125,1
753.52,34.27,125,1
753.64,34.32,125,1
753.77,34.38,125,1
753.89,34.45,125,1
754.01,34.52,125,1
754.13,34.59,125,1
754.25,34.66,125,1
754.38,34.75,125,1
754.5,34.82,125,1
754.62,34.92,125,1
754.74,35.0,125,1
754.86,35.1,125,1
754.99,35.19,125,1
755.11,35.29,125,1
755.23,35.38,125,1
755.35,35.48,125,1
755.48,35.58,125,1
755.6,35.69,125,1
755.72,35.8,125,1
755.84,35.91,125,1
755.96,36.01,125,1
756.09,36.13,125,1
756.21,36.24,125,1
756.33,36.35,125,1
756.45,36.47,125,1
756.58,36.59,125,1
756.7,36.71,125,1
756.82,36.82,125,1
756.94,36.94,127,1
757.07,37.06,143,1
757.19,37.19,169,1
757.31,37.31,181,1
757.44,37.44,192,1
757.56,37.55,194,1
757.68,37.68,194,1
757.8,37.81,194,1
757.93,37.94,194,1
758.05,38.07,194,1
758.17,38.21,194,1
758.29,38.35,194,1
758.42,38.51,194,1
758.54,38.66,194,1
758.66,38.8,194,1
758.78,38.97,194,1
758.9,39.11,194,1
759.03,39.28,194,1
759.15,39.43,194,1
759.27,39.6,194,1
759.39,39.77,194,1
759.52,39.93,194,1
759.64,40.11,194,1
759.76,40.28,194,1
759.88,40.45,194,1
760.01,40.62,194,1
760.13,40.8,194,1
760.25,40.98,194,1
760.37,41.17,194,1
760.5,41.34,194,1
760.62,41.53,194,1
760.74,41.71,194,1
760.86,41.89,194,1
760.98,42.07,194,1
761.1,42.26,194,1
761.23,42.45,194,1
761.35,42.64,194,1
761.47,42.83,194,1
761.59,43.0,194,1
761.72,43.19,194,1
761.84,43.36,194,1
761.96,43.56,194,1
762.08,43.75,194,1
762.21,43.95,194,1
762.33,44.12,194,1
762.45,44.32,194,1
762.57,44.51,194,1
762.69,44.7,194,1
762.82,44.88,194,0
762.94,45.08,194,0
763.06,45.26,194,0
763.18,45.44,194,0
763.3,45.61,194,0
763.43,45.8,194,0
763.55,45.94,194,0
763.67,46.09,194,0
763.79,46.2,194,0
763.92,46.33,194,0
764.04,46.41,194,0
764.16,46.53,194,0
764.28,46.58,194,0
764.41,46.64,194,0
764.53,46.7,194,0
764.65,46.75,194,0
764.77,46.78,194,0
764.9,46.83,194,0
765.02,46.85,194,0
765.14,46.88,194,0
765.26,46.87,194,0
765.38,46.87,194,0
765.51,46.87,194,0
765.63,46.87,194,0
765.75,46.85,194,0
765.87,46.83,194,0
766.0,46.79,194,0
766.12,46.78,194,0
766.24,46.72,194,0
766.36,46.7,194,0
766.48,46.65,194,0
766.61,46.6,194,0
766.73,46.54,194,0
766.85,46.49,194,0
766.97,46.43,194,0
767.09,46.39,194,0
767.22,46.32,194,0
767.34,46.26,194,0
767.46,46.18,194,0
767.58,46.11,194,0
767.71,46.04,194,0
767.83,45.96,194,0
767.95,45.88,194,0
768.07,45.81,194,0
768.19,45.72,194,0
768.32,45.63,194,0
768.44,45.54,194,0
768.56,45.46,194,0
768.68,45.37,194,0
768.8,45.27,194,0
768.93,45.18,194,0
769.05,45.1,194,0
769.17,45.0,194,0
769.29,44.9,194,0
769.42,44.8,194,0
769.54,44.7,194,0
769.66,44.59,194,0
769.78,44.51,194,0
769.91,44.41,194,0
770.03,44.31,194,0
770.15,44.2,194,0
770.27,44.1,194,0
770.4,43.99,194,0
770.52,43.89,194,0
770.64,43.78,194,0
770.76,43.69,194,0
770.88,43.57,194,0
771.01,43.47,194,0
771.13,43.35,194,0
771.25,43.27,194,0
771.37,43.14,194,0
771.49,43.05,194,0
771.62,42.93,194,0
771.74,42.84,194,0
771.86,42.73,194,0
771.98,42.62,194,0
772.11,42.5,194,0
772.23,42.4,194,0
772.35,42.28,194,0
772.47,42.17,194,0
772.59,42.06,194,0
772.72,41.96,194,0
772.84,41.85,194,0
772.96,41.74,194,0
773.08,41.62,194,0
773.21,41.52,194,0
773.33,41.41,194,0
773.45,41.31,194,0
773.57,41.2,194,0
773.69,41.1,194,0
773.82,40.98,194,0
773.94,40.88,194,0
774.06,40.78,194,0
774.18,40.67,194,0
774.3,40.56,194,0
774.43,40.45,194,0
774.55,40.34,194,0
774.67,40.24,194,0
774.79,40.13,194,0
774.92,40.02,194,0
775.04,39.91,194,0
775.16,39.81,194,0
775.28,39.71,194,0
775.41,39.62,194,0
775.53,39.5,194,0
775.65,39.4,194,0
775.77,39.29,194,0
775.9,39.2,194,0
776.02,39.08,194,0
776.14,38.99,194,0
776.26,38.89,194,0
776.38,38.8,194,0
776.51,38.69,194,0
776.63,38.58,194,0
776.75,38.48,194,0
776.87,38.38,194,0
777.0,38.29,194,0
777.12,38.2,194,0
777.24,38.09,194,0
777.36,38.01,194,0
777.48,37.9,194,0
777.61,37.79,194,0
777.73,37.7,194,0
777.85,37.6,194,0
777.97,37.5,194,0
778.09,37.41,194,0
778.22,37.31,194,0
778.34,37.21,194,0
778.46,37.11,194,0
778.59,37.02,194,0
778.71,36.93,194,0
778.83,36.83,194,0
778.95,36.74,194,0
779.07,36.65,194,0
779.2,36.55,194,0
779.32,36.46,194,0
779.44,36.36,194,0
779.56,36.27,194,0
779.68,36.19,196,0
779.81,36.09,199,0
779.93,35.99,251,0
780.05,35.89,251,0
780.17,35.81,251,0
780.3,35.71,251,0
780.42,35.63,251,0
780.54,35.52,251,0
780.66,35.45,251,0
780.79,35.35,251,0
780.91,35.26,251,0
781.03,35.16,251,0
781.15,35.06,251,0
781.28,34.96,251,0
781.4,34.86,251,0
781.52,34.76,251,0
781.64,34.66,251,0
781.76,34.56,251,0
781.89,34.47,251,0
782.01,34.36,251,0
782.13,34.26,251,0
782.25,34.15,251,0
782.38,34.05,251,0
782.5,33.96,251,0
782.62,33.86,251,0
782.74,33.76,251,0
782.86,33.65,251,0
782.99,33.55,251,0
783.11,33.45,251,0
783.23,33.35,251,0
783.35,33.24,251,0
783.47,33.15,251,0
783.6,33.04,251,0
783.72,32.94,251,0
783.84,32.84,251,0
783.96,32.74,251,0
784.09,32.64,251,0
784.21,32.54,251,0
784.33,32.44,251,0
784.45,32.34,251,0
784.58,32.23,251,0
784.7,32.14,251,0
784.82,32.03,251,0
784.94,31.93,251,0
785.06,31.83,251,0
785.19,31.73,251,0
785.31,31.63,251,0
785.43,31.52,251,0
785.55,31.43,251,0
785.67,31.32,251,0
785.8,31.24,251,0
785.92,31.13,251,0
786.04,31.03,251,0
786.16,30.93,251,0
786.29,30.84,251,0
786.41,30.73,251,0
786.53,30.64,251,0
786.65,30.54,251,0
786.78,30.45,251,0
786.9,30.35,251,0
787.02,30.25,251,0
787.14,30.15,251,0
787.26,30.06,251,0
787.39,29.97,251,0
787.51,29.87,251,0
787.63,29.78,251,0
787.75,29.69,251,0
787.88,29.59,251,0
788.0,29.5,251,0
788.12,29.41,251,0
788.24,29.31,251,0
788.36,29.22,251,0
788.49,29.12,251,0
788.61,29.04,251,0
788.73,28.94,251,0
788.85,28.85,251,0
788.97,28.77,251,0
789.1,28.68,251,0
789.22,28.59,251,0
789.34,28.5,251,0
789.46,28.41,251,0
789.59,28.32,251,0
789.71,28.23,251,0
789.83,28.14,251,0
789.95,28.06,251,0
790.08,27.97,251,0
790.2,27.87,251,0
790.32,27.79,251,0
790.44,27.7,251,0
790.56,27.62,251,0
790.69,27.53,251,0
790.81,27.45,251,0
790.93,27.36,251,0
791.05,27.28,251,0
791.17,27.19,251,0
791.3,27.11,251,0
791.42,27.02,251,0
791.54,26.94,251,0
791.66,26.85,251,0
791.79,26.77,251,0
791.91,26.69,251,0
792.03,26.6,251,0
792.15,26.52,251,0
792.27,26.44,251,0
792.4,26.35,251,0
792.52,26.27,251,0
792.64,26.18,251,0
792.76,26.11,251,0
792.89,26.02,251,0
793.01,25.95,251,0
793.13,25.85,251,0
793.25,25.78,251,0
793.38,25.68,251,0
793.5,25.61,251,0
793.62,25.53,251,0
793.74,25.45,251,0
793.86,25.36,251,0
793.99,25.29,251,0
794.11,25.2,251,0
794.23,25.12,251,0
794.35,25.05,251,0
794.47,24.96,251,0
794.6,24.88,251,0
794.72,24.8,251,0
794.84,24.72,251,0
794.96,24.65,251,0
795.09,24.57,251,0
795.21,24.49,251,0
795.33,24.41,251,0
795.45,24.33,251,0
795.58,24.25,251,0
795.7,24.17,251,0
795.82,24.09,251,0
795.94,24.01,251,0
796.06,23.94,251,0
796.19,23.85,251,0
796.31,23.78,251,0
796.43,23.7,251,0
796.55,23.63,251,0
796.67,23.55,251,0
796.8,23.47,251,0
796.92,23.39,251,0
797.04,23.31,251,0
797.16,23.24,251,0
797.29,23.16,251,0
797.41,23.08,251,0
797.53,23.01,251,0
797.65,22.93,251,0
797.77,22.86,251,0
797.9,22.78,251,0
798.02,22.7,251,0
798.14,22.63,251,0
798.26,22.56,251,0
798.39,22.48,251,0
798.51,22.41,251,0
798.63,22.33,251,0
798.75,22.26,251,0
798.88,22.18,251,0
799.0,22.1,251,0
799.12,22.03,251,0
799.24,21.95,251,0
799.36,21.88,251,0
799.48,21.8,251,0
799.61,21.73,251,0
799.73,21.65,251,0
799.85,21.58,251,0
799.97,21.51,251,0
800.1,21.43,251,0
800.22,21.36,251,0
800.34,21.29,251,0
800.46,21.22,251,0
800.59,21.14,251,0
800.71,21.07,251,0
800.83,20.99,251,0
800.95,20.92,251,0
801.08,20.85,251,0
801.2,20.77,251,0
801.32,20.7,251,0
801.44,20.63,251,0
801.56,20.55,251,0
801.69,20.49,251,0
801.81,20.41,251,0
801.93,20.34,251,0
802.05,20.27,251,0
802.17,20.2,251,0
802.3,20.13,251,0
802.42,20.07,251,0
802.54,19.99,251,0
802.66,19.92,251,0
802.79,19.85,251,0
802.91,19.78,251,0
803.03,19.71,251,0
803.15,19.64,251,0
803.27,19.57,251,0
803.4,19.5,251,0
803.52,19.43,251,0
803.64,19.36,251,0
803.76,19.29,251,0
803.89,19.22,251,0
804.01,19.15,251,0
804.13,19.08,251,0
804.25,19.01,251,0
804.38,18.95,251,0
804.5,18.88,251,0
804.62,18.82,251,0
804.74,18.75,251,0
804.86,18.68,251,0
804.98,18.6,251,0
805.11,18.55,251,0
805.23,18.47,251,0
805.35,18.42,251,0
805.47,18.33,251,0
805.6,18.28,251,0
805.72,18.2,251,0
805.84,18.15,251,0
805.96,18.07,251,0
806.09,18.01,251,0
806.21,17.94,251,0
806.33,17.88,251,0
806.45,17.82,251,0
806.58,17.74,251,0
806.7,17.69,251,0
806.82,17.61,251,0
806.94,17.56,251,0
807.06,17.48,251,0
807.19,17.42,251,0
807.31,17.35,251,0
807.43,17.29,251,0
807.55,17.22,251,0
807.67,17.16,251,0
807.8,17.09,251,0
807.92,17.04,251,0
808.04,16.96,251,0
808.16,16.91,251,0
808.29,16.84,251,0
808.41,16.77,251,0
808.53,16.72,251,0
808.65,16.65,251,0
808.77,16.6,251,0
808.9,16.53,251,0
809.02,16.47,251,0
809.14,16.41,251,0
809.26,16.35,251,0
809.39,16.28,251,0
809.51,16.23,251,0
809.63,16.16,251,0
809.75,16.1,251,0
809.87,16.03,251,0
810.0,15.97,251,0
810.12,15.91,251,0
810.24,15.85,251,0
810.36,15.78,251,0
810.48,15.73,251,0
810.61,15.67,251,0
810.73,15.61,251,0
810.85,15.55,251,0
810.97,15.5,251,0
811.1,15.43,251,0
811.22,15.38,251,0
811.34,15.32,251,0
811.46,15.27,251,0
811.59,15.2,251,0
811.71,15.15,251,0
811.83,15.08,251,0
811.95,15.02,251,0
812.08,14.97,251,0
812.2,14.9,251,0
812.32,14.85,251,0
812.44,14.79,251,0
812.56,14.74,251,0
812.69,14.66,251,0
812.81,14.62,251,0
812.93,14.56,251,0
813.05,14.5,251,0
813.17,14.45,251,0
813.3,14.39,251,0
813.42,14.33,251,0
813.54,14.27,251,0
813.66,14.22,251,0
813.79,14.17,251,0
813.91,14.11,251,0
814.03,14.06,251,0
814.15,14.0,251,0
814.27,13.95,251,0
814.4,13.89,251,0
814.52,13.84,251,0
814.64,13.78,251,0
814.76,13.73,251,0
814.89,13.68,251,0
815.01,13.61,251,0
815.13,13.56,251,0
815.25,13.5,251,0
815.37,13.45,251,0
815.5,13.39,251,0
815.62,13.34,251,0
815.74,13.3,251,0
815.86,13.23,251,0
815.98,13.18,251,0
816.11,13.13,251,0
816.23,13.07,251,0
816.35,13.02,251,0
816.47,12.96,251,0
816.6,12.92,251,0
816.72,12.85,251,0
816.84,12.81,251,0
816.96,12.76,251,0
817.09,12.7,251,0
817.21,12.66,251,0
817.33,12.6,251,0
817.45,12.55,251,0
817.57,12.5,251,0
817.7,12.44,251,0
817.82,12.4,251,0
817.94,12.34,251,0
818.06,12.29,251,0
818.19,12.24,251,0
818.31,12.18,251,0
818.43,12.13,251,0
818.55,12.09,251,0
818.67,12.04,251,0
818.8,11.98,251,0
818.92,11.93,251,0
819.04,11.87,251,0
819.16,11.83,251,0
819.29,11.79,251,0
819.41,11.73,251,0
819.53,11.68,251,0
819.65,11.63,251,0
819.78,11.59,251,0
819.9,11.54,251,0
820.02,11.48,251,0
820.14,11.44,251,0
820.26,11.38,251,0
820.39,11.34,251,0
820.51,11.29,251,0
820.63,11.24,251,0
820.75,11.19,251,0
820.88,11.13,251,0
821.0,11.09,251,0
821.12,11.04,251,0
821.24,10.99,251,0
821.36,10.94,251,0
821.49,10.89,251,0
821.61,10.85,251,0
821.73,10.79,251,0
821.85,10.74,251,0
821.98,10.69,251,0
822.1,10.65,251,0
822.22,10.6,251,0
822.34,10.55,251,0
822.47,10.51,251,0
822.59,10.46,251,0
822.71,10.41,251,0
822.83,10.36,251,0
822.95,10.32,251,0
823.08,10.28,251,0
823.2,10.22,251,0
823.32,10.19,251,0
823.44,10.13,251,0
823.57,10.09,251,0
823.69,10.04,251,0
823.81,10.0,251,0
823.93,9.95,251,0
824.05,9.9,251,0
824.18,9.86,251,0
824.3,9.81,251,0
824.42,9.76,251,0
824.54,9.72,251,0
824.66,9.67,251,0
824.79,9.63,251,0
824.91,9.57,251,0
825.03,9.53,251,0
825.15,9.49,251,0
825.28,9.44,251,0
825.4,9.4,251,0
825.52,9.36,251,0
825.64,9.32,251,0
825.77,9.27,251,0
825.89,9.23,251,0
826.01,9.18,251,0
826.13,9.14,251,0
826.25,9.1,251,0
826.38,9.05,251,0
826.5,9.01,251,0
826.62,8.96,251,0
826.74,8.93,251,0
826.86,8.88,251,0
826.99,8.85,251,0
827.11,8.8,251,0
827.23,8.75,251,0
827.35,8.72,251,0
827.47,8.67,251,0
827.6,8.64,251,0
827.72,8.59,251,0
827.84,8.54,251,0
827.97,8.5,251,0
828.09,8.45,251,0
828.21,8.43,251,0
828.33,8.38,251,0
828.45,8.33,251,0
828.58,8.29,251,0
828.7,8.25,251,0
828.82,8.21,251,0
828.94,8.17,251,0
829.07,8.13,251,0
829.19,8.08,251,0
829.31,8.05,251,0
829.43,8.0,251,0
829.55,7.96,251,0
829.68,7.92,251,0
829.8,7.87,251,0
829.92,7.84,251,0
830.04,7.79,251,0
830.16,7.75,251,0
830.29,7.71,251,0
830.41,7.67,251,0
830.53,7.64,251,0
830.65,7.59,251,0
830.78,7.55,251,0
830.9,7.51,251,0
831.02,7.47,251,0
831.14,7.44,251,0
831.26,7.39,251,0
831.39,7.35,251,0
831.51,7.3,251,0
831.63,7.27,251,0
831.75,7.22,251,0
831.88,7.2,251,0
832.0,7.15,251,0
832.12,7.12,251,0
832.24,7.07,251,0
832.36,7.03,251,0
832.49,7.0,251,0
832.61,6.94,251,0
832.73,6.91,251,0
832.85,6.88,251,0
832.97,6.82,251,0
833.1,6.8,251,0
833.22,6.75,251,0
833.34,6.71,251,0
833.46,6.67,251,0
833.59,6.64,251,0
833.71,6.6,251,0
833.83,6.57,251,0
833.95,6.53,251,0
834.08,6.49,251,0
834.2,6.45,251,0
834.32,6.41,251,0
834.44,6.38,251,0
834.56,6.34,251,0
834.69,6.3,251,0
834.81,6.27,251,0
834.93,6.24,251,0
835.05,6.21,251,0
835.17,6.18,251,0
835.3,6.13,251,0
835.42,6.1,251,0
835.54,6.05,251,0
835.66,6.02,251,0
835.79,5.98,251,0
835.91,5.96,251,0
836.03,5.92,251,0
836.15,5.87,251,0
836.28,5.85,251,0
836.4,5.81,251,0
836.52,5.76,251,0
836.64,5.74,251,0
836.76,5.71,251,0
836.89,5.67,251,0
837.01,5.63,251,0
837.13,5.6,251,0
837.25,5.56,251,0
837.37,5.54,251,0
837.5,5.49,251,0
837.62,5.47,251,0
837.74,5.43,251,0
837.86,5.39,251,0
837.99,5.38,251,0
838.11,5.32,251,0
838.23,5.3,251,0
838.35,5.27,251,0
838.47,5.23,251,0
838.6,5.22,251,0
838.72,5.17,251,0
838.84,5.14,251,0
838.96,5.11,251,0
839.09,5.06,251,0
839.21,5.04,251,0
839.33,5.0,251,0
839.45,4.97,251,0
839.57,4.95,251,0
839.7,4.9,251,0
839.82,4.88,251,0
839.94,4.86,251,0
840.06,4.81,251,0
840.19,4.8,251,0
840.31,4.75,251,0
840.43,4.72,251,0
840.55,4.7,251,0
840.67,4.67,251,0
840.8,4.63,251,0
840.92,4.6,251,0
841.04,4.56,251,0
841.16,4.54,251,0
841.28,4.5,251,0
841.41,4.46,251,0
841.53,4.44,251,0
841.65,4.41,251,0
841.77,4.38,251,0
841.9,4.35,251,0
842.02,4.31,251,0
842.14,4.29,251,0
842.26,4.25,251,0
842.39,4.22,251,0
842.51,4.19,251,0
842.63,4.15,251,0
842.75,4.13,251,0
842.87,4.1,251,0
843.0,4.06,251,0
843.12,4.04,251,0
843.24,4.0,251,0
843.36,3.98,251,0
843.48,3.95,251,0
843.61,3.91,251,0
843.73,3.89,251,0
843.85,3.86,251,0
843.97,3.82,251,0
844.09,3.8,251,0
844.22,3.76,251,0
844.34,3.73,251,0
844.46,3.71,251,0
844.58,3.67,251,0
844.71,3.64,251,0
844.83,3.62,251,0
844.95,3.59,251,0
845.07,3.55,251,0
845.2,3.53,251,0
845.32,3.51,251,0
845.44,3.46,251,0
845.56,3.43,251,0
845.68,3.42,251,0
845.81,3.37,251,0
845.93,3.35,251,0
846.05,3.33,251,0
846.17,3.29,251,0
846.29,3.27,251,0
846.42,3.24,251,0
846.54,3.2,251,0
846.66,3.17,251,0
846.78,3.14,251,0
846.91,3.12,251,0
847.03,3.07,251,0
847.15,3.04,251,0
847.27,3.02,251,0
847.39,2.98,251,0
847.52,2.95,251,0
847.64,2.92,251,0
847.76,2.9,251,0
847.88,2.87,251,0
848.01,2.85,251,0
848.13,2.8,251,0
848.25,2.77,251,0
848.37,2.75,251,0
848.5,2.71,251,0
848.62,2.69,251,0
848.74,2.67,251,0
848.86,2.63,251,0
848.98,2.61,251,0
849.1,2.58,251,0
849.23,2.54,251,0
849.35,2.52,251,0
849.47,2.49,251,0
849.59,2.44,251,0
849.72,2.43,251,0
849.84,2.4,251,0
849.96,2.35,251,0
850.08,2.35,251,0
850.21,2.32,251,0
850.33,2.27,251,0
850.45,2.25,251,0
850.57,2.24,251,0
850.7,2.21,251,0
850.82,2.18,251,0
850.94,2.16,251,0
851.06,2.12,251,0
851.18,2.11,251,0
851.3,2.06,251,0
851.43,2.03,251,0
851.55,2.03,251,0
851.67,1.99,251,0
851.79,1.96,251,0
851.92,1.95,251,0
852.04,1.91,251,0
852.16,1.89,251,0
852.28,1.86,251,0
852.41,1.84,251,0
852.53,1.8,251,0
852.65,1.79,251,0
852.77,1.74,251,0
852.89,1.71,251,0
853.02,1.7,251,0
853.14,1.66,251,0
853.26,1.64,251,0
853.38,1.62,251,0
853.51,1.59,251,0
853.63,1.59,251,0
853.75,1.57,251,0
853.87,1.52,251,0
853.99,1.5,251,0
854.12,1.46,251,0
854.24,1.43,251,0
854.36,1.43,251,0
854.48,1.39,251,0
854.6,1.37,251,0
854.73,1.34,251,0
854.85,1.29,251,0
854.97,1.29,251,0
855.09,1.26,251,0
855.22,1.24,251,0
855.34,1.21,251,0
855.46,1.18,251,0
855.58,1.15,251,0
855.71,1.14,251,0
855.83,1.11,251,0
855.95,1.1,251,0
856.07,1.06,251,0
856.19,1.02,251,0
856.32,1.03,251,0
856.44,0.99,251,0
856.56,0.96,251,0
856.68,0.95,251,0
856.8,0.92,251,0
856.93,0.91,251,0
857.05,0.92,251,0
857.17,0.9,251,0
857.29,0.82,251,0
857.42,0.81,251,0
857.54,0.77,251,0
857.66,0.78,251,0
857.78,0.71,251,0
857.91,0.69,251,0
858.03,0.71,251,0
858.15,0.66,251,0
858.27,0.64,251,0
858.39,0.65,251,0
858.52,0.6,251,0
858.64,0.58,251,0
858.76,0.56,251,0
858.88,0.53,251,0
859.01,0.51,251,0
859.13,0.49,251,0
859.25,0.47,251,0
859.37,0.48,251,0
859.49,0.41,251,0
859.62,0.4,251,0
859.74,0.38,251,0
859.86,0.35,251,0
859.98,0.34,251,0
860.1,0.33,251,0
860.23,0.29,251,0
860.35,0.27,251,0
860.47,0.27,251,0
860.59,0.23,251,0
860.72,0.22,251,0
860.84,0.2,251,0
860.96,0.17,251,0
861.08,0.15,251,0
861.21,0.12,251,0
861.33,0.1,251,0
861.45,0.09,251,0
861.57,0.06,251,0
861.69,0.02,251,0
861.82,0.01,251,0
861.94,-0.02,251,0
862.06,-0.01,251,0
862.18,-0.03,251,0
862.3,-0.06,251,0
862.43,-0.09,251,0
862.55,-0.11,251,0
862.67,-0.12,251,0
862.79,-0.14,251,0
862.92,-0.16,251,0
863.04,-0.18,251,0
863.16,-0.2,251,0
863.28,-0.22,251,0
863.41,-0.24,251,0
863.53,-0.26,251,0
863.65,-0.29,251,0
863.77,-0.3,251,0
863.89,-0.33,251,0
864.02,-0.34,251,0
864.14,-0.35,251,0
864.26,-0.39,251,0
864.38,-0.4,251,0
864.5,-0.43,251,0
864.63,-0.42,251,0
864.75,-0.45,251,0
864.87,-0.46,251,0
864.99,-0.49,251,0
865.12,-0.49,251,0
865.24,-0.51,251,0
865.36,-0.55,251,0
865.48,-0.56,251,0
865.6,-0.6,251,0
865.73,-0.61,251,0
865.85,-0.62,251,0
865.97,-0.65,251,0
866.09,-0.68,251,0
866.22,-0.66,251,0
866.34,-0.72,251,0
866.46,-0.74,251,0
866.58,-0.74,251,0
866.71,-0.78,251,0
866.83,-0.79,251,0
866.95,-0.8,251,0
867.07,-0.84,251,0
867.19,-0.84,251,0
867.32,-0.87,251,0
867.44,-0.89,251,0
867.56,-0.9,251,0
867.68,-0.93,251,0
867.8,-0.95,251,0
867.93,-0.97,251,0
868.05,-0.99,251,0
868.17,-1.01,251,0
868.29,-1.03,251,0
868.42,-1.05,251,0
868.54,-1.06,251,0
868.66,-1.08,251,0
868.78,-1.1,251,0
868.9,-1.12,251,0
869.03,-1.14,251,0
869.15,-1.17,251,0
869.27,-1.17,251,0
869.39,-1.19,251,0
869.52,-1.21,251,0
869.64,-1.22,251,0
869.76,-1.24,251,0
869.88,-1.26,251,0
870.0,-1.26,251,0
870.13,-1.29,251,0
870.25,-1.3,251,0
870.37,-1.31,251,0
870.49,-1.33,251,0
870.62,-1.35,251,0
870.74,-1.36,251,0
870.86,-1.37,251,0
870.98,-1.39,251,0
871.1,-1.4,251,0
871.23,-1.43,251,0
871.35,-1.43,251,0
871.47,-1.45,251,0
871.59,-1.48,251,0
871.72,-1.47,251,0
871.84,-1.48,251,0
871.96,-1.49,251,0
872.08,-1.48,251,0
872.2,-1.49,251,0
872.33,-1.48,251,0
872.45,-1.48,251,0
872.57,-1.48,251,0
872.69,-1.46,251,0
872.82,-1.44,251,0
872.94,-1.39,251,0
873.06,-1.37,251,0
873.18,-1.38,251,0
873.3,-1.32,251,0
873.43,-1.28,251,0
873.55,-1.27,251,0
873.67,-1.21,251,0
873.79,-1.17,251,0
873.91,-1.16,251,0
874.04,-1.08,251,0
874.16,-1.07,251,0
874.28,-1.0,251,0
874.4,-0.95,251,0
874.53,-0.91,251,0
874.65,-0.85,251,0
874.77,-0.81,251,0
874.89,-0.76,251,0
875.02,-0.7,251,0
875.14,-0.65,251,0
875.26,-0.59,251,0
875.38,-0.54,251,0
875.5,-0.48,251,0
875.63,-0.43,251,0
875.75,-0.35,251,0
875.87,-0.31,226,1
876.0,-0.24,185,1
876.12,-0.18,31,1
876.24,-0.14,31,1
876.36,-0.05,31,1
876.48,-0.01,31,1
876.61,0.06,31,1
876.73,0.13,31,1
876.85,0.18,31,1
876.97,0.25,31,1
877.09,0.3,31,1
877.22,0.37,31,1
877.34,0.43,31,1
877.46,0.47,31,1
877.58,0.56,31,1
877.71,0.6,31,1
877.83,0.66,31,1
877.95,0.75,31,1
878.07,0.78,31,1
878.2,0.86,31,1
878.32,0.92,31,1
878.44,0.97,31,1
878.56,1.05,31,1
878.68,1.1,31,1
