time_s,temperature_C,pwm,heat_cool
0.12,-1.3,213,0
0.24,-1.26,213,0
0.37,-1.2,213,0
0.49,-1.14,213,0
0.61,-1.09,213,0
0.73,-1.03,213,0
0.85,-0.97,213,0
0.98,-0.92,213,0
1.1,-0.89,213,0
1.22,-0.85,213,0
1.34,-0.81,214,0
1.47,-0.78,213,0
1.59,-0.75,213,0
1.71,-0.72,213,0
1.83,-0.69,213,0
1.95,-0.67,213,0
2.08,-0.66,213,0
2.2,-0.64,213,0
2.32,-0.61,213,0
2.44,-0.59,213,0
2.57,-0.57,213,0
2.69,-0.56,213,0
2.81,-0.55,213,0
2.93,-0.53,213,0
3.06,-0.52,213,0
3.18,-0.51,213,0
3.3,-0.49,213,0
3.42,-0.48,213,0
3.54,-0.48,213,0
3.67,-0.47,213,0
3.79,-0.46,213,0
3.91,-0.46,213,0
4.03,-0.45,213,0
4.16,-0.45,213,0
4.28,-0.45,213,0
4.4,-0.45,213,0
4.52,-0.44,213,0
4.64,-0.43,213,0
4.77,-0.43,213,0
4.89,-0.42,213,0
5.01,-0.42,213,0
5.13,-0.43,213,0
5.26,-0.43,213,0
5.38,-0.42,213,0
5.5,-0.42,213,0
5.62,-0.41,213,0
5.75,-0.42,213,0
5.87,-0.42,213,0
5.99,-0.42,213,0
6.11,-0.42,213,0
6.23,-0.42,213,0
6.36,-0.42,213,0
6.48,-0.42,213,0
6.6,-0.43,213,0
6.72,-0.43,213,0
6.84,-0.44,213,0
6.97,-0.43,213,0
7.09,-0.44,213,0
7.21,-0.43,213,0
7.33,-0.43,213,0
7.46,-0.44,213,0
7.58,-0.44,213,0
7.7,-0.44,213,0
7.82,-0.44,213,0
7.95,-0.45,213,0
8.07,-0.45,213,0
8.19,-0.46,213,0
8.31,-0.47,213,0
8.44,-0.47,213,0
8.56,-0.48,213,0
8.68,-0.47,213,0
8.8,-0.49,213,0
8.92,-0.5,213,0
9.05,-0.49,213,0
9.17,-0.49,213,0
9.29,-0.49,213,0
9.41,-0.49,213,0
9.54,-0.51,213,0
9.66,-0.51,213,0
9.78,-0.51,213,0
9.9,-0.53,213,0
10.02,-0.52,213,0
10.15,-0.54,213,0
10.27,-0.54,213,0
10.39,-0.54,213,0
10.51,-0.54,213,0
10.64,-0.55,213,0
10.76,-0.57,213,0
10.88,-0.56,213,0
11.0,-0.56,213,0
11.13,-0.58,213,0
11.25,-0.56,213,0
11.37,-0.58,213,0
11.49,-0.58,213,0
11.61,-0.58,213,0
11.74,-0.59,213,0
11.86,-0.59,213,0
11.98,-0.6,213,0
12.1,-0.6,213,0
12.23,-0.61,213,0
12.35,-0.61,213,0
12.47,-0.62,213,0
12.59,-0.64,213,0
12.72,-0.63,213,0
12.84,-0.62,213,0
12.96,-0.64,213,0
13.08,-0.64,213,0
13.21,-0.64,213,0
13.33,-0.65,213,0
13.45,-0.65,213,0
13.57,-0.66,213,0
13.69,-0.65,213,0
13.82,-0.66,213,0
13.94,-0.68,213,0
14.06,-0.67,213,0
14.18,-0.68,213,0
14.31,-0.69,213,0
14.43,-0.68,213,0
14.55,-0.69,213,0
14.67,-0.7,213,0
14.8,-0.69,213,0
14.92,-0.7,213,0
15.04,-0.72,213,0
15.16,-0.71,213,0
15.28,-0.71,213,0
15.41,-0.71,213,0
15.53,-0.72,213,0
15.65,-0.73,213,0
15.77,-0.74,213,0
15.9,-0.74,213,0
16.02,-0.74,213,0
16.14,-0.72,213,0
16.26,-0.75,213,0
16.38,-0.76,213,0
16.51,-0.76,213,0
16.63,-0.76,213,0
16.75,-0.77,213,0
16.87,-0.77,213,0
17.0,-0.77,213,0
17.12,-0.78,213,0
17.24,-0.78,213,0
17.36,-0.81,213,0
17.48,-0.8,213,0
17.61,-0.8,213,0
17.73,-0.8,213,0
17.85,-0.81,213,0
17.97,-0.81,213,0
18.1,-0.81,213,0
18.22,-0.81,213,0
18.34,-0.82,213,0
18.46,-0.81,213,0
18.59,-0.83,213,0
18.71,-0.84,213,0
18.83,-0.84,213,0
18.95,-0.84,213,0
19.08,-0.83,213,0
19.2,-0.85,213,0
19.32,-0.85,213,0
19.44,-0.86,213,0
19.56,-0.87,213,0
19.69,-0.88,213,0
19.81,-0.88,213,0
19.93,-0.88,213,0
20.05,-0.88,213,0
20.18,-0.9,213,0
20.3,-0.9,213,0
20.42,-0.9,213,0
20.54,-0.91,213,0
20.67,-0.9,213,0
20.79,-0.92,213,0
20.91,-0.91,213,0
21.03,-0.91,213,0
21.15,-0.93,213,0
21.28,-0.94,213,0
21.4,-0.93,213,0
21.52,-0.93,213,0
21.64,-0.93,213,0
21.77,-0.94,213,0
21.89,-0.95,213,0
22.01,-0.95,213,0
22.13,-0.95,213,0
22.25,-0.96,213,0
22.38,-0.97,213,0
22.5,-0.96,213,0
22.62,-0.96,213,0
22.75,-0.98,213,0
22.87,-0.98,213,0
22.99,-0.98,213,0
23.11,-0.99,213,0
23.23,-1.0,213,0
23.36,-1.01,213,0
23.48,-0.98,213,0
23.6,-1.01,213,0
23.72,-1.0,213,0
23.84,-1.03,213,0
23.97,-1.02,213,0
24.09,-1.02,213,0
24.21,-1.02,213,0
24.33,-1.02,213,0
24.46,-1.01,213,0
24.58,-1.03,213,0
24.7,-1.04,213,0
24.82,-1.03,213,0
24.94,-1.04,213,0
25.07,-1.04,213,0
25.19,-1.04,213,0
25.31,-1.05,213,0
25.43,-1.05,213,0
25.56,-1.05,213,0
25.68,-1.07,213,0
25.8,-1.06,213,0
25.92,-1.07,213,0
26.05,-1.07,213,0
26.17,-1.07,213,0
26.29,-1.07,213,0
26.41,-1.07,213,0
26.53,-1.06,213,0
26.66,-1.06,213,0
26.78,-1.05,213,0
26.9,-1.02,213,0
27.02,-0.98,213,0
27.15,-0.96,213,0
27.27,-0.94,213,0
27.39,-0.9,213,0
27.51,-0.86,213,0
27.63,-0.84,213,0
27.76,-0.79,213,0
27.88,-0.75,213,0
28.0,-0.71,213,0
28.12,-0.66,213,0
28.25,-0.62,213,0
28.37,-0.56,213,0
28.49,-0.53,213,0
28.61,-0.47,213,0
28.74,-0.42,213,0
28.86,-0.36,213,0
28.98,-0.32,213,0
29.1,-0.26,213,0
29.22,-0.21,213,0
29.35,-0.15,213,0
29.47,-0.09,213,0
29.59,-0.03,213,0
29.71,0.02,213,0
29.84,0.08,213,0
29.96,0.15,213,0
30.08,0.2,213,0
30.2,0.26,213,0
30.33,0.32,213,0
30.45,0.37,213,0
30.57,0.43,213,0
30.69,0.49,213,0
30.82,0.55,213,0
30.94,0.61,213,0
31.06,0.67,213,0
31.18,0.73,213,0
31.3,0.79,213,0
31.43,0.86,213,0
31.55,0.92,213,0
31.67,0.98,213,0
31.79,1.04,213,0
31.92,1.1,213,0
32.04,1.16,213,0
32.16,1.22,213,0
32.28,1.28,213,0
32.41,1.35,213,0
32.53,1.41,213,0
32.65,1.47,213,0
32.77,1.53,213,0
32.9,1.6,213,0
33.02,1.66,213,0
33.14,1.71,213,0
33.26,1.78,213,0
33.38,1.84,213,0
33.51,1.9,213,0
33.63,1.95,213,0
33.75,2.02,213,0
33.87,2.08,213,0
34.0,2.13,213,0
34.12,2.19,213,0
34.24,2.26,213,0
34.36,2.32,213,0
34.49,2.37,213,0
34.61,2.44,213,0
34.73,2.49,213,0
34.85,2.55,213,0
34.97,2.61,213,0
35.1,2.67,213,0
35.22,2.73,213,0
35.34,2.79,213,0
35.46,2.84,213,0
35.59,2.9,213,0
35.71,2.96,213,0
35.83,3.02,213,0
35.95,3.08,213,0
36.07,3.14,213,0
36.2,3.2,213,0
36.32,3.25,213,0
36.44,3.3,213,0
36.56,3.37,213,0
36.69,3.41,213,0
36.81,3.47,213,0
36.93,3.53,213,0
37.05,3.58,213,0
37.18,3.63,213,0
37.3,3.69,213,0
37.42,3.75,213,0
37.54,3.8,213,0
37.66,3.85,213,0
37.79,3.91,213,0
37.91,3.96,213,0
38.03,4.01,213,0
38.15,4.06,213,0
38.28,4.12,213,0
38.4,4.17,213,0
38.52,4.22,213,0
38.64,4.27,213,0
38.77,4.33,213,0
38.89,4.37,213,0
39.01,4.43,213,0
39.13,4.48,213,0
39.25,4.54,213,0
39.38,4.59,213,0
39.5,4.64,213,0
39.62,4.69,213,0
39.74,4.74,213,0
39.87,4.79,213,0
39.99,4.84,213,0
40.11,4.88,213,0
40.23,4.94,213,0
40.35,4.98,213,0
40.48,5.04,213,0
40.6,5.08,213,0
40.72,5.13,213,0
40.84,5.18,213,0
40.97,5.23,213,0
41.09,5.28,213,0
41.21,5.32,213,0
41.33,5.38,213,0
41.46,5.42,213,0
41.58,5.48,213,0
41.7,5.52,213,0
41.82,5.57,213,0
41.94,5.62,213,0
42.07,5.67,213,0
42.19,5.72,213,0
42.31,5.76,213,0
42.43,5.81,213,0
42.56,5.85,213,0
42.68,5.91,213,0
42.8,5.94,213,0
42.92,6.0,213,0
43.04,6.04,213,0
43.17,6.1,213,0
43.29,6.13,213,0
43.41,6.19,213,0
43.53,6.22,213,0
43.66,6.27,213,0
43.78,6.31,213,0
43.9,6.36,213,0
44.02,6.39,213,0
44.15,6.45,213,0
44.27,6.48,213,0
44.39,6.53,213,0
44.51,6.57,213,0
44.63,6.62,213,0
44.76,6.65,213,0
44.88,6.7,213,0
45.0,6.74,213,0
45.12,6.79,213,0
45.25,6.82,213,0
45.37,6.87,213,0
45.49,6.91,213,0
45.61,6.95,213,0
45.73,6.99,213,0
45.86,7.04,213,0
45.98,7.08,213,0
46.1,7.12,213,0
46.22,7.16,213,0
46.35,7.2,213,0
46.47,7.24,213,0
46.59,7.28,213,0
46.71,7.32,213,0
46.84,7.36,213,0
46.96,7.4,213,0
47.08,7.44,213,0
47.2,7.48,213,0
47.32,7.53,213,0
47.45,7.56,213,0
47.57,7.6,213,0
47.69,7.64,213,0
47.81,7.68,213,0
47.94,7.72,213,0
48.06,7.76,213,0
48.18,7.8,213,0
48.3,7.84,213,0
48.42,7.88,213,0
48.55,7.92,213,0
48.67,7.96,213,0
48.79,8.0,213,0
48.91,8.04,213,0
49.04,8.08,213,0
49.16,8.12,213,0
49.28,8.15,213,0
49.4,8.19,213,0
49.53,8.23,213,0
49.65,8.27,213,0
49.77,8.31,213,0
49.89,8.34,213,0
50.01,8.38,213,0
50.14,8.42,213,0
50.26,8.46,213,0
50.38,8.5,213,0
50.5,8.53,213,0
50.63,8.57,213,0
50.75,8.61,213,0
50.87,8.64,213,0
50.99,8.68,213,0
51.12,8.72,213,0
51.24,8.76,213,0
51.36,8.79,213,0
51.48,8.83,213,0
51.6,8.87,213,0
51.73,8.9,213,0
51.85,8.94,213,0
51.97,8.97,213,0
52.09,9.01,213,0
52.22,9.04,213,0
52.34,9.07,213,0
52.46,9.11,213,0
52.58,9.15,213,0
52.7,9.18,213,0
52.83,9.22,213,0
52.95,9.25,213,0
53.07,9.29,213,0
53.19,9.32,213,0
53.32,9.35,213,0
53.44,9.39,213,0
53.56,9.43,213,0
53.68,9.46,213,0
53.81,9.5,213,0
53.93,9.53,213,0
54.05,9.56,213,0
54.17,9.6,213,0
54.29,9.64,213,0
54.42,9.67,213,0
54.54,9.71,213,0
54.66,9.74,213,0
54.78,9.78,213,0
54.9,9.81,213,0
55.03,9.84,213,0
55.15,9.88,213,0
55.27,9.91,213,0
55.4,9.95,213,0
55.52,9.98,213,0
55.64,10.01,213,0
55.76,10.05,213,0
55.88,10.08,213,0
56.01,10.12,213,0
56.13,10.15,213,0
56.25,10.19,213,0
56.37,10.2,213,0
56.5,10.25,213,0
56.62,10.27,213,0
56.74,10.3,213,0
56.86,10.34,213,0
56.99,10.36,213,0
57.11,10.4,213,0
57.23,10.43,213,0
57.35,10.46,213,0
57.47,10.5,213,0
57.6,10.52,213,0
57.72,10.56,213,0
57.84,10.59,213,0
57.96,10.61,213,0
58.09,10.66,213,0
58.21,10.68,213,0
58.33,10.71,213,0
58.45,10.75,213,0
58.58,10.77,213,0
58.7,10.81,213,0
58.82,10.84,213,0
58.94,10.87,213,0
59.06,10.9,213,0
59.19,10.93,213,0
59.31,10.96,213,0
59.43,10.99,213,0
59.55,11.03,213,0
59.68,11.05,213,0
59.8,11.08,213,0
59.92,11.11,213,0
60.04,11.14,213,0
60.17,11.18,213,0
60.29,11.2,213,0
60.41,11.23,213,0
60.53,11.26,213,0
60.65,11.3,213,0
60.78,11.33,213,0
60.9,11.35,213,0
61.02,11.39,213,0
61.15,11.42,213,0
61.27,11.45,213,0
61.39,11.48,213,0
61.51,11.51,213,0
61.63,11.54,213,0
61.76,11.57,213,0
61.88,11.6,213,0
62.0,11.63,213,0
62.12,11.65,213,0
62.25,11.69,213,0
62.37,11.71,213,0
62.49,11.74,213,0
62.61,11.77,213,0
62.74,11.8,213,0
62.86,11.82,213,0
62.98,11.85,213,0
63.1,11.89,213,0
63.22,11.91,213,0
63.35,11.93,213,0
63.47,11.97,213,0
63.59,11.99,213,0
63.71,12.02,213,0
63.84,12.05,213,0
63.96,12.08,213,0
64.08,12.1,213,0
64.2,12.12,213,0
64.32,12.16,213,0
64.45,12.18,213,0
64.57,12.2,213,0
64.69,12.24,213,0
64.81,12.25,213,0
64.94,12.27,213,0
65.06,12.31,213,0
65.18,12.34,213,0
65.3,12.34,213,0
65.43,12.39,213,0
65.55,12.41,213,0
65.67,12.42,213,0
65.79,12.45,213,0
65.91,12.49,213,0
66.04,12.5,213,0
66.16,12.52,213,0
66.28,12.56,213,0
66.4,12.57,213,0
66.53,12.58,213,0
66.65,12.62,213,0
66.77,12.65,213,0
66.89,12.65,213,0
67.02,12.67,213,0
67.14,12.72,213,0
67.26,12.73,213,0
67.38,12.73,213,0
67.51,12.76,213,0
67.63,12.8,213,0
67.75,12.81,213,0
67.87,12.81,213,0
68.0,12.84,213,0
68.12,12.87,213,0
68.24,12.88,213,0
68.36,12.88,213,0
68.48,12.91,213,0
68.61,12.93,213,0
68.73,12.95,213,0
68.85,12.96,213,0
68.97,12.98,213,0
69.1,13.01,213,0
69.22,13.03,213,0
69.34,13.04,213,0
69.46,13.05,213,0
69.58,13.07,213,0
69.71,13.11,213,0
69.83,13.12,213,0
69.95,13.12,213,0
70.07,13.13,213,0
70.2,13.16,213,0
70.32,13.19,213,0
70.44,13.2,213,0
70.56,13.2,213,0
70.69,13.21,213,0
70.81,13.26,213,0
70.93,13.27,213,0
71.05,13.27,213,0
71.18,13.28,213,0
71.3,13.3,213,0
71.42,13.34,213,0
71.54,13.35,213,0
71.66,13.35,213,0
71.79,13.36,213,0
71.91,13.38,213,0
72.03,13.41,213,0
72.15,13.43,213,0
72.28,13.43,213,0
72.4,13.44,213,0
72.52,13.47,213,0
72.64,13.49,213,0
72.77,13.51,213,0
72.89,13.51,213,0
73.01,13.51,213,0
73.13,13.55,213,0
73.25,13.57,213,0
73.38,13.58,213,0
73.5,13.58,213,0
73.62,13.59,213,0
73.75,13.62,213,0
73.87,13.65,213,0
73.99,13.66,213,0
74.11,13.66,213,0
74.23,13.67,213,0
74.36,13.7,213,0
74.48,13.73,213,0
74.6,13.74,213,0
74.72,13.74,213,0
74.85,13.76,213,0
74.97,13.78,213,0
75.09,13.79,213,0
75.21,13.81,213,0
75.33,13.82,213,0
75.46,13.83,213,0
75.58,13.85,213,0
75.7,13.87,213,0
75.82,13.89,213,0
75.95,13.9,213,0
76.07,13.92,213,0
76.19,13.93,213,0
76.31,13.95,213,0
76.44,13.97,213,0
76.56,13.98,213,0
76.68,14.0,213,0
76.8,14.02,213,0
76.93,14.04,213,0
77.05,14.05,213,0
77.17,14.05,213,0
77.29,14.08,213,0
77.41,14.12,213,0
77.54,14.12,213,0
77.66,14.13,213,0
77.78,14.13,213,0
77.9,14.16,213,0
78.03,14.2,213,0
78.15,14.2,213,0
78.27,14.2,213,0
78.39,14.22,213,0
78.52,14.26,213,0
78.64,14.27,213,0
78.76,14.28,213,0
78.88,14.29,213,0
79.0,14.32,213,0
79.13,14.35,213,0
79.25,14.36,213,0
79.37,14.36,213,0
79.5,14.38,213,0
79.62,14.42,213,0
79.74,14.43,213,0
79.86,14.43,213,0
79.98,14.44,213,0
80.11,14.49,213,0
80.23,14.51,213,0
80.35,14.51,213,0
80.47,14.52,213,0
80.6,14.55,213,0
80.72,14.58,213,0
80.84,14.58,213,0
80.96,14.59,213,0
81.08,14.61,213,0
81.21,14.65,213,0
81.33,14.66,213,0
81.45,14.67,213,0
81.57,14.68,213,0
81.7,14.71,213,0
81.82,14.74,213,0
81.94,14.74,213,0
82.06,14.75,213,0
82.19,14.77,213,0
82.31,14.81,213,0
82.43,14.81,213,0
82.55,14.82,213,0
82.68,14.83,213,0
82.8,14.87,213,0
82.92,14.89,213,0
83.04,14.9,213,0
83.16,14.9,213,0
83.29,14.92,213,0
83.41,14.96,213,0
83.53,14.97,213,0
83.65,14.98,213,0
83.78,14.98,213,0
83.9,15.02,213,0
84.02,15.04,213,0
84.14,15.05,213,0
84.27,15.05,213,0
84.39,15.07,213,0
84.51,15.11,213,0
84.63,15.12,213,0
84.76,15.12,213,0
84.88,15.13,213,0
85.0,15.16,213,0
85.12,15.19,213,0
85.24,15.2,213,0
85.37,15.2,213,0
85.49,15.21,213,0
85.61,15.24,213,0
85.73,15.27,213,0
85.86,15.27,213,0
85.98,15.28,213,0
86.1,15.29,213,0
86.22,15.32,213,0
86.35,15.35,213,0
86.47,15.35,213,0
86.59,15.36,213,0
86.71,15.36,213,0
86.84,15.38,213,0
86.96,15.42,213,0
87.08,15.43,213,0
87.2,15.43,213,0
87.32,15.43,213,0
87.45,15.45,213,0
87.57,15.49,213,0
87.69,15.5,213,0
87.81,15.5,213,0
87.94,15.51,213,0
88.06,15.53,213,0
0.12,27.36,213,0
0.24,27.36,213,0
0.37,27.36,213,0
0.49,27.36,213,0
0.61,27.36,213,0
0.73,27.36,213,0
0.85,27.36,213,0
0.98,27.36,213,0
1.1,27.36,213,0
1.22,27.36,213,0
1.34,27.36,213,0
1.47,27.36,213,0
1.59,27.36,213,0
1.71,27.36,213,0
1.83,27.36,213,0
1.95,27.36,213,0
2.08,27.36,213,0
2.2,27.36,213,0
2.32,27.36,213,0
2.44,27.36,213,0
2.57,27.36,213,0
2.69,27.36,213,0
2.81,27.36,213,0
2.93,27.37,213,0
3.06,27.36,213,0
3.18,27.36,213,0
3.3,27.37,213,0
3.42,27.37,213,0
3.54,27.37,213,0
3.67,27.37,213,0
3.79,27.38,213,0
3.91,27.38,213,0
4.03,27.39,213,0
4.16,27.4,213,0
4.28,27.4,213,0
4.4,27.4,213,0
4.52,27.41,213,0
4.64,27.41,213,0
4.77,27.42,213,0
4.89,27.42,213,0
5.01,27.42,213,0
5.13,27.43,213,0
5.26,27.43,213,0
5.38,27.43,213,0
5.5,27.43,213,0
5.62,27.43,213,0
5.75,27.43,213,0
5.87,27.43,213,0
5.99,27.43,213,0
6.11,27.44,213,0
6.23,27.43,213,0
6.36,27.44,213,0
6.48,27.43,213,0
6.6,27.44,213,0
6.72,27.44,213,0
6.84,27.44,213,0
6.97,27.44,213,0
7.09,27.44,213,0
7.21,27.44,213,0
7.33,27.44,213,0
7.46,27.44,213,0
7.58,27.44,213,0
7.7,27.44,213,0
7.82,27.44,213,0
7.95,27.44,213,0
8.07,27.44,213,0
8.19,27.44,213,0
8.31,27.44,213,0
8.44,27.44,213,0
8.56,27.44,213,0
8.68,27.44,213,0
8.8,27.44,213,0
8.92,27.44,213,0
9.05,27.44,213,0
9.17,27.44,213,0
9.29,27.44,213,0
9.41,27.44,213,0
9.53,27.44,213,0
9.66,27.44,213,0
9.78,27.44,213,0
9.9,27.44,213,0
10.02,27.44,213,0
10.15,27.45,213,0
10.27,27.45,213,0
10.39,27.45,213,0
10.51,27.46,213,0
10.64,27.46,213,0
10.76,27.47,213,0
10.88,27.47,213,0
11.0,27.48,213,0
11.13,27.48,213,0
11.25,27.49,213,0
11.37,27.49,213,0
11.49,27.5,213,0
11.61,27.5,213,0
11.74,27.5,213,0
11.86,27.5,213,0
11.98,27.51,213,0
12.1,27.51,213,0
12.23,27.51,213,0
12.35,27.51,213,0
12.47,27.51,213,0
12.59,27.51,213,0
12.72,27.51,213,0
12.84,27.51,213,0
12.96,27.51,213,0
13.08,27.52,213,0
13.21,27.51,213,0
13.33,27.52,213,0
13.45,27.51,213,0
13.57,27.52,213,0
13.69,27.52,213,0
13.82,27.52,213,0
13.94,27.52,213,0
14.06,27.52,213,0
14.18,27.52,213,0
14.31,27.52,213,0
14.43,27.52,213,0
14.55,27.52,213,0
14.67,27.52,213,0
14.8,27.52,213,0
14.92,27.52,213,0
15.04,27.52,213,0
15.16,27.52,213,0
15.28,27.52,213,0
15.41,27.52,213,0
15.53,27.52,213,0
15.65,27.52,213,0
15.77,27.52,213,0
15.9,27.52,213,0
16.02,27.52,213,0
16.14,27.52,213,0
16.26,27.52,213,0
16.39,27.52,213,0
16.51,27.52,213,0
16.63,27.53,213,0
16.75,27.53,213,0
16.87,27.53,213,0
17.0,27.54,213,0
17.12,27.54,213,0
17.24,27.55,213,0
17.36,27.55,213,0
17.49,27.56,213,0
17.61,27.56,213,0
17.73,27.56,213,0
17.85,27.57,213,0
17.98,27.57,213,0
18.1,27.57,213,0
18.22,27.58,213,0
18.34,27.58,213,0
18.47,27.59,213,0
18.59,27.59,213,0
18.71,27.59,213,0
18.83,27.59,213,0
18.95,27.59,213,0
19.08,27.59,213,0
19.2,27.59,213,0
19.32,27.59,213,0
19.44,27.59,213,0
19.57,27.59,213,0
19.69,27.59,213,0
19.81,27.59,213,0
19.93,27.59,213,0
20.06,27.59,213,0
20.18,27.59,213,0
20.3,27.59,213,0
20.42,27.59,213,0
20.55,27.59,213,0
20.67,27.59,213,0
20.79,27.59,213,0
20.91,27.59,213,0
21.03,27.6,213,0
21.16,27.6,213,0
21.28,27.6,213,0
21.4,27.6,213,0
21.52,27.6,213,0
21.65,27.59,213,0
21.77,27.6,213,0
21.89,27.6,213,0
22.01,27.6,213,0
22.14,27.6,213,0
22.26,27.6,213,0
22.38,27.6,213,0
22.5,27.6,213,0
22.63,27.6,213,0
22.75,27.6,213,0
22.87,27.6,213,0
22.99,27.6,213,0
23.11,27.6,213,0
23.24,27.6,213,0
23.36,27.6,213,0
23.48,27.61,213,0
23.6,27.62,213,0
23.73,27.63,213,0
23.85,27.63,213,0
23.97,27.64,213,0
24.09,27.64,213,0
24.22,27.65,213,0
24.34,27.66,213,0
24.46,27.65,213,0
24.58,27.65,213,0
24.71,27.65,213,0
24.83,27.66,213,0
24.95,27.66,213,0
25.07,27.67,213,0
25.19,27.67,213,0
25.32,27.67,213,0
25.44,27.67,213,0
25.56,27.67,213,0
25.68,27.67,213,0
25.81,27.67,213,0
25.93,27.67,213,0
26.05,27.67,213,0
26.17,27.67,213,0
26.3,27.67,213,0
26.42,27.67,213,0
26.54,27.67,213,0
26.66,27.67,213,0
26.78,27.67,213,0
26.91,27.67,213,0
27.03,27.67,213,0
27.15,27.67,213,0
27.27,27.67,213,0
27.4,27.67,213,0
27.52,27.67,213,0
27.64,27.67,213,0
27.76,27.67,213,0
27.89,27.67,213,0
28.01,27.67,213,0
28.13,27.67,213,0
28.25,27.67,213,0
28.38,27.67,213,0
28.5,27.67,213,0
28.62,27.67,213,0
28.74,27.68,213,0
28.86,27.68,213,0
28.99,27.68,213,0
29.11,27.67,213,0
29.23,27.68,213,0
29.35,27.67,213,0
29.48,27.68,213,0
29.6,27.68,213,0
29.72,27.68,213,0
29.84,27.68,213,0
29.97,27.68,213,0
30.09,27.69,213,0
30.21,27.69,213,0
30.33,27.7,213,0
30.45,27.7,213,0
30.58,27.71,213,0
30.7,27.71,213,0
30.82,27.72,213,0
30.94,27.72,213,0
31.07,27.72,213,0
31.19,27.73,213,0
31.31,27.73,213,0
31.43,27.73,213,0
31.56,27.74,213,0
31.68,27.74,213,0
31.8,27.74,213,0
31.92,27.75,213,0
32.05,27.75,213,0
32.17,27.75,213,0
32.29,27.75,213,0
32.41,27.75,213,0
32.54,27.75,213,0
32.66,27.75,213,0
32.78,27.75,213,0
32.9,27.75,213,0
33.03,27.75,213,0
33.15,27.75,213,0
33.27,27.75,213,0
33.39,27.75,213,0
33.51,27.75,213,0
33.64,27.75,213,0
33.76,27.75,213,0
33.88,27.75,213,0
34.0,27.75,213,0
34.13,27.75,213,0
34.25,27.75,213,0
34.37,27.75,213,0
34.49,27.75,213,0
34.62,27.75,213,0
34.74,27.75,213,0
34.86,27.75,213,0
34.98,27.75,213,0
35.1,27.75,213,0
35.23,27.75,213,0
35.35,27.75,213,0
35.47,27.75,213,0
35.59,27.75,213,0
35.72,27.76,213,0
35.84,27.75,213,0
35.96,27.76,213,0
36.08,27.75,213,0
36.21,27.75,213,0
36.33,27.75,213,0
36.45,27.76,213,0
36.57,27.76,213,0
36.7,27.76,213,0
36.82,27.76,213,0
36.94,27.76,213,0
37.06,27.77,213,0
37.18,27.77,213,0
37.31,27.78,213,0
37.43,27.78,213,0
37.55,27.79,213,0
37.67,27.8,213,0
37.79,27.8,213,0
37.92,27.8,213,0
38.04,27.8,213,0
38.16,27.81,213,0
38.29,27.81,213,0
38.41,27.82,213,0
38.53,27.82,213,0
38.65,27.82,213,0
38.77,27.82,213,0
38.9,27.82,213,0
39.02,27.82,213,0
39.14,27.83,213,0
39.26,27.83,213,0
39.39,27.83,213,0
39.51,27.83,213,0
39.63,27.83,213,0
39.75,27.83,213,0
39.88,27.83,213,0
40.0,27.83,213,0
40.12,27.83,213,0
40.24,27.83,213,0
40.37,27.83,213,0
40.49,27.83,213,0
40.61,27.83,213,0
40.73,27.83,213,0
40.85,27.83,213,0
40.98,27.83,213,0
41.1,27.83,213,0
41.22,27.83,213,0
41.34,27.83,213,0
41.47,27.83,213,0
41.59,27.83,213,0
41.71,27.83,213,0
41.83,27.83,213,0
41.96,27.83,213,0
42.08,27.83,213,0
42.2,27.83,213,0
42.32,27.83,213,0
42.44,27.83,213,0
42.57,27.83,213,0
42.69,27.84,213,0
42.81,27.83,213,0
42.93,27.83,213,0
43.06,27.83,213,0
43.18,27.84,213,0
43.3,27.84,213,0
43.42,27.83,213,0
43.54,27.84,213,0
43.67,27.84,213,0
43.79,27.84,213,0
43.91,27.85,213,0
44.04,27.85,213,0
44.16,27.85,213,0
44.28,27.86,213,0
44.4,27.86,213,0
44.52,27.87,213,0
44.65,27.87,213,0
44.77,27.88,213,0
44.89,27.88,213,0
45.01,27.88,213,0
45.13,27.89,213,0
45.26,27.89,213,0
45.38,27.9,213,0
45.5,27.9,213,0
45.63,27.9,213,0
45.75,27.9,213,0
45.87,27.9,213,0
45.99,27.9,213,0
46.11,27.91,213,0
46.24,27.91,213,0
46.36,27.91,213,0
46.48,27.91,213,0
46.6,27.91,213,0
46.73,27.91,213,0
46.85,27.91,213,0
46.97,27.91,213,0
47.09,27.91,213,0
47.22,27.91,213,0
47.34,27.91,213,0
47.46,27.91,213,0
47.58,27.91,213,0
47.71,27.91,213,0
47.83,27.91,213,0
47.95,27.91,213,0
48.07,27.91,213,0
48.19,27.91,213,0
48.32,27.91,213,0
48.44,27.91,213,0
48.56,27.91,213,0
48.68,27.91,213,0
48.81,27.91,213,0
48.93,27.91,213,0
49.05,27.91,213,0
49.17,27.91,213,0
49.29,27.91,213,0
49.42,27.91,213,0
49.54,27.91,213,0
49.66,27.91,213,0
49.78,27.91,213,0
49.91,27.91,213,0
50.03,27.91,213,0
50.15,27.91,213,0
50.27,27.92,213,0
50.4,27.91,213,0
50.52,27.92,213,0
50.64,27.92,213,0
50.76,27.93,213,0
50.88,27.93,213,0
51.01,27.94,213,0
51.13,27.94,213,0
51.25,27.94,213,0
51.38,27.95,213,0
51.5,27.95,213,0
51.62,27.96,213,0
51.74,27.96,213,0
51.86,27.97,213,0
51.99,27.97,213,0
52.11,27.97,213,0
52.23,27.97,213,0
52.35,27.98,213,0
52.47,27.98,213,0
52.6,27.98,213,0
52.72,27.98,213,0
52.84,27.98,213,0
52.97,27.99,213,0
53.09,27.98,213,0
53.21,27.99,213,0
53.33,27.98,213,0
53.45,27.98,213,0
53.58,27.98,213,0
53.7,27.99,213,0
53.82,27.99,213,0
53.94,27.98,213,0
54.07,27.99,213,0
54.19,27.99,213,0
54.31,27.98,213,0
54.43,27.98,213,0
54.56,27.99,213,0
54.68,27.99,213,0
54.8,27.98,213,0
54.92,27.99,213,0
55.04,27.99,213,0
55.17,27.99,213,0
55.29,27.99,213,0
55.41,27.99,213,0
55.53,27.99,213,0
55.66,27.99,213,0
55.78,27.99,213,0
55.9,27.99,213,0
56.02,27.98,213,0
56.15,27.99,213,0
56.27,27.99,213,0
56.39,27.99,213,0
56.51,27.99,213,0
56.63,27.99,213,0
56.76,27.99,213,0
56.88,27.99,213,0
57.0,27.99,213,0
57.12,27.99,213,0
57.25,27.99,213,0
57.37,28.0,213,0
57.49,28.0,213,0
57.61,28.0,213,0
57.74,28.0,213,0
57.86,28.01,213,0
57.98,28.01,213,0
58.1,28.02,213,0
58.23,28.02,213,0
58.35,28.02,213,0
58.47,28.03,213,0
58.59,28.03,213,0
58.72,28.03,213,0
58.84,28.04,213,0
58.96,28.04,213,0
59.08,28.05,213,0
59.2,28.05,213,0
59.33,28.05,213,0
59.45,28.06,213,0
59.57,28.05,213,0
59.69,28.06,213,0
59.82,28.06,213,0
59.94,28.06,213,0
60.06,28.06,213,0
60.18,28.06,213,0
60.31,28.06,213,0
60.43,28.06,213,0
60.55,28.06,213,0
60.67,28.06,213,0
60.79,28.06,213,0
60.92,28.06,213,0
61.04,28.06,213,0
61.16,28.06,213,0
61.28,28.06,213,0
61.41,28.06,213,0
61.53,28.06,213,0
61.65,28.06,213,0
61.77,28.06,213,0
61.9,28.06,213,0
62.02,28.07,213,0
62.14,28.06,213,0
62.26,28.06,213,0
62.39,28.07,213,0
62.51,28.06,213,0
62.63,28.07,213,0
62.75,28.07,213,0
62.87,28.06,213,0
63.0,28.07,213,0
63.12,28.07,213,0
63.24,28.06,213,0
63.36,28.07,213,0
63.49,28.07,213,0
63.61,28.06,213,0
63.73,28.07,213,0
63.85,28.07,213,0
63.98,28.07,213,0
64.1,28.07,213,0
64.22,28.07,213,0
64.34,28.06,213,0
64.46,28.07,213,0
64.59,28.07,213,0
64.71,28.07,213,0
64.83,28.08,213,0
64.95,28.08,213,0
65.08,28.08,213,0
65.2,28.08,213,0
65.32,28.08,213,0
65.44,28.09,213,0
65.57,28.1,213,0
65.69,28.1,213,0
65.81,28.11,213,0
65.93,28.11,213,0
66.06,28.11,213,0
66.18,28.12,213,0
66.3,28.12,213,0
66.42,28.12,213,0
66.54,28.13,213,0
66.67,28.13,213,0
66.79,28.13,213,0
66.91,28.13,213,0
67.03,28.13,213,0
67.16,28.14,213,0
67.28,28.14,213,0
67.4,28.14,213,0
67.52,28.14,213,0
67.65,28.14,213,0
67.77,28.14,213,0
67.89,28.14,213,0
68.01,28.14,213,0
68.13,28.14,213,0
68.26,28.14,213,0
68.38,28.14,213,0
68.5,28.14,213,0
68.62,28.14,213,0
68.75,28.14,213,0
68.87,28.14,213,0
68.99,28.14,213,0
69.11,28.14,213,0
69.24,28.14,213,0
69.36,28.14,213,0
69.48,28.14,213,0
69.6,28.14,213,0
69.73,28.14,213,0
69.85,28.14,213,0
69.97,28.15,213,0
70.09,28.14,213,0
70.21,28.14,213,0
70.34,28.15,213,0
70.46,28.14,213,0
70.58,28.15,213,0
70.7,28.15,213,0
70.83,28.14,213,0
70.95,28.15,213,0
71.07,28.14,213,0
71.19,28.15,213,0
71.32,28.15,213,0
71.44,28.14,213,0
71.56,28.15,213,0
71.68,28.15,213,0
71.8,28.15,213,0
71.93,28.15,213,0
72.05,28.15,213,0
72.17,28.15,213,0
72.29,28.15,213,0
72.42,28.15,213,0
72.54,28.17,213,0
72.66,28.17,213,0
72.78,28.16,213,0
72.91,28.16,213,0
73.03,28.14,213,0
73.15,28.13,213,0
73.27,28.1,213,0
73.4,28.07,214,0
73.52,28.04,213,0
73.64,27.99,213,0
73.76,27.96,213,0
73.88,27.91,213,0
74.01,27.85,213,0
74.13,27.8,213,0
74.25,27.74,213,0
74.37,27.69,213,0
74.5,27.62,213,0
74.62,27.57,214,0
74.74,27.51,213,0
74.86,27.44,213,0
74.99,27.37,214,0
75.11,27.31,213,0
75.23,27.24,213,0
75.35,27.18,213,0
75.47,27.11,213,0
75.6,27.04,213,0
75.72,26.97,213,0
75.84,26.89,214,0
75.96,26.83,213,0
76.09,26.75,213,0
76.21,26.68,213,0
76.33,26.6,213,0
76.45,26.54,213,0
76.58,26.46,213,0
76.7,26.38,213,0
76.82,26.31,213,0
76.94,26.23,213,0
77.07,26.17,213,0
77.19,26.09,214,0
77.31,26.02,213,0
77.43,25.94,213,0
77.55,25.87,213,0
77.68,25.79,213,0
77.8,25.72,213,0
77.92,25.64,213,0
78.04,25.56,213,0
78.17,25.49,213,0
78.29,25.41,213,0
78.41,25.33,213,0
78.53,25.26,213,0
78.66,25.19,213,0
78.78,25.12,213,0
78.9,25.03,213,0
79.02,24.97,213,0
79.14,24.88,213,0
79.27,24.82,213,0
79.39,24.74,213,0
79.51,24.66,214,0
79.63,24.58,214,0
79.76,24.51,213,0
79.88,24.44,214,0
80.0,24.37,213,0
80.12,24.29,213,0
80.25,24.22,213,0
80.37,24.15,213,0
80.49,24.07,213,0
80.61,24.0,213,0
80.74,23.93,213,0
80.86,23.86,213,0
80.98,23.78,213,0
81.1,23.71,213,0
81.22,23.64,213,0
81.35,23.57,213,0
81.47,23.5,213,0
81.59,23.43,213,0
81.71,23.35,213,0
81.84,23.28,213,0
81.96,23.21,213,0
82.08,23.14,213,0
82.2,23.07,213,0
82.33,23.01,213,0
82.45,22.93,213,0
82.57,22.87,213,0
82.69,22.8,213,0
82.82,22.73,213,0
82.94,22.66,213,0
83.06,22.59,214,0
83.18,22.53,213,0
83.3,22.46,213,0
83.43,22.4,213,0
83.55,22.32,213,0
83.67,22.26,213,0
83.79,22.18,213,0
83.92,22.13,213,0
84.04,22.05,213,0
84.16,21.99,213,0
84.28,21.92,213,0
84.41,21.85,213,0
84.53,21.78,213,0
84.65,21.71,213,0
84.77,21.65,213,0
84.89,21.59,213,0
85.02,21.53,213,0
85.14,21.46,213,0
85.26,21.4,213,0
85.38,21.33,213,0
85.51,21.27,213,0
85.63,21.21,213,0
85.75,21.14,213,0
85.87,21.08,213,0
86.0,21.01,213,0
86.12,20.95,213,0
86.24,20.88,213,0
86.36,20.83,213,0
86.49,20.76,213,0
86.61,20.7,213,0
86.73,20.63,213,0
86.85,20.57,213,0
86.97,20.51,213,0
87.1,20.45,213,0
87.22,20.39,213,0
87.34,20.32,213,0
87.46,20.26,213,0
87.59,20.21,213,0
87.71,20.15,213,0
87.83,20.09,213,0
87.95,20.02,213,0
88.08,19.97,213,0
88.2,19.9,213,0
88.32,19.84,213,0
88.44,19.78,213,0
88.56,19.72,213,0
88.69,19.66,213,0
88.81,19.61,213,0
88.93,19.55,213,0
89.05,19.49,213,0
89.18,19.43,213,0
89.3,19.37,213,0
89.42,19.32,213,0
89.54,19.25,213,0
89.67,19.21,213,0
89.79,19.14,213,0
89.91,19.09,213,0
90.03,19.03,213,0
90.16,18.98,213,0
90.28,18.93,213,0
90.4,18.88,213,0
90.52,18.82,213,0
90.64,18.76,213,0
90.77,18.71,213,0
90.89,18.66,213,0
91.01,18.6,213,0
91.13,18.55,213,0
91.26,18.49,213,0
91.38,18.44,213,0
91.5,18.38,213,0
91.62,18.33,213,0
91.75,18.28,213,0
91.87,18.23,213,0
91.99,18.18,213,0
92.11,18.13,213,0
92.23,18.07,213,0
92.36,18.02,213,0
92.48,17.97,213,0
92.6,17.91,213,0
92.72,17.86,213,0
92.85,17.82,213,0
92.97,17.76,213,0
93.09,17.72,213,0
93.21,17.67,213,0
93.34,17.62,213,0
93.46,17.56,213,0
93.58,17.53,213,0
93.7,17.47,213,0
93.83,17.43,213,0
93.95,17.37,213,0
94.07,17.32,213,0
94.19,17.27,213,0
94.31,17.22,213,0
94.44,17.17,213,0
94.56,17.13,213,0
94.68,17.08,213,0
94.8,17.03,213,0
94.93,16.98,213,0
95.05,16.94,213,0
95.17,16.88,213,0
95.29,16.85,213,0
95.42,16.78,213,0
95.54,16.75,213,0
95.66,16.69,213,0
95.78,16.65,213,0
95.9,16.6,213,0
96.03,16.56,213,0
96.15,16.51,213,0
96.27,16.47,213,0
96.39,16.42,213,0
96.52,16.38,213,0
96.64,16.33,213,0
96.76,16.32,213,0
96.88,16.24,213,0
97.01,16.22,213,0
97.13,16.16,214,0
97.25,16.1,213,0
97.37,16.1,213,0
97.5,16.05,214,0
97.62,15.98,213,1
97.74,15.91,213,1
97.86,15.9,213,1
97.98,15.83,213,1
98.11,15.81,213,1
98.23,15.83,213,1
98.35,15.84,213,1
98.47,15.94,213,1
98.6,15.94,213,1
98.72,15.95,213,1
98.84,16.07,214,1
98.96,16.25,213,1
99.09,16.22,213,1
99.21,16.42,213,1
99.33,16.39,213,1
99.45,16.88,214,1
99.58,17.12,213,1
99.7,16.85,213,1
99.82,17.38,213,1
99.94,17.53,213,1
100.06,17.6,213,1
100.19,17.77,213,1
100.31,17.98,213,1
100.43,18.3,214,1
100.55,18.43,213,1
100.68,18.65,213,1
100.8,18.87,213,1
100.92,18.97,213,1
101.04,19.37,213,1
101.17,19.52,213,1
101.29,19.79,213,1
101.41,20.03,213,1
101.53,20.25,213,1
101.66,20.5,214,1
101.78,20.75,214,1
101.9,20.95,213,1
102.02,21.21,214,1
102.15,21.51,212,1
102.27,21.75,213,1
102.39,21.98,214,1
102.51,22.25,213,1
102.63,22.5,213,1
102.76,22.82,213,1
102.88,23.05,213,1
103.0,23.32,213,1
103.13,23.58,213,1
103.25,23.85,213,1
103.37,24.11,213,1
103.49,24.37,213,1
103.61,24.64,213,1
103.74,24.91,213,1
103.86,25.18,213,1
103.98,25.44,213,1
104.1,25.72,214,1
104.23,25.97,213,1
104.35,26.25,213,1
104.47,26.5,214,1
104.59,26.77,213,1
104.72,27.05,213,1
104.84,27.31,213,1
104.96,27.58,213,1
105.08,27.83,213,1
105.21,28.09,213,1
105.33,28.33,213,1
105.45,28.56,213,1
105.57,28.77,213,1
105.7,28.97,213,1
105.82,29.17,213,1
105.94,29.34,213,1
106.06,29.52,213,1
106.18,29.68,213,1
106.31,29.83,213,1
106.43,29.97,213,1
106.55,30.1,213,1
106.68,30.23,213,1
106.8,30.34,213,1
106.92,30.46,213,1
107.04,30.56,213,1
107.16,30.66,213,1
107.29,30.75,213,1
107.41,30.83,213,1
107.53,30.92,213,1
107.65,31.0,213,1
107.78,31.08,213,1
107.9,31.14,213,1
108.02,31.21,213,1
108.14,31.27,213,1
108.27,31.33,213,1
108.39,31.38,213,1
108.51,31.43,213,1
108.63,31.48,213,1
108.75,31.51,213,1
108.88,31.57,213,1
109.0,31.6,213,1
109.12,31.65,213,1
109.25,31.68,213,1
109.37,31.69,213,1
109.49,31.76,213,1
109.61,31.76,213,1
109.73,31.78,213,1
109.86,31.84,213,1
109.98,31.84,213,1
110.1,31.86,213,1
110.22,31.89,213,1
110.35,31.92,213,1
110.47,31.93,213,1
110.59,31.92,213,1
110.71,31.94,213,1
110.84,31.96,213,1
110.96,32.0,213,1
111.08,32.01,213,1
111.2,32.0,213,1
111.33,32.01,213,1
111.45,32.01,213,1
111.57,32.01,213,1
111.69,32.01,213,1
111.81,32.01,213,1
111.94,32.03,213,1
112.06,32.03,213,1
112.18,32.05,213,1
112.3,32.05,213,1
112.43,32.06,213,1
112.55,32.07,213,1
112.67,32.06,213,1
112.79,32.07,213,1
112.92,32.07,213,1
113.04,32.06,213,1
113.16,32.06,213,1
113.28,32.06,213,1
113.41,32.06,213,1
113.53,32.06,213,1
113.65,32.04,213,1
113.77,32.05,213,1
113.9,32.03,213,1
114.02,32.03,213,1
114.14,32.02,213,1
114.26,32.01,213,1
114.38,32.02,213,1
114.51,32.01,213,1
114.63,32.01,213,1
114.75,32.01,213,1
114.87,32.01,213,1
115.0,32.01,213,1
115.12,32.01,213,1
115.24,32.01,213,1
115.36,32.01,213,1
115.49,32.0,213,1
115.61,32.01,213,1
115.73,32.0,213,1
115.85,31.98,213,1
115.98,31.98,213,1
116.1,31.96,213,1
116.22,31.94,213,1
116.34,31.94,213,1
116.47,31.92,213,1
116.59,31.93,213,1
116.71,31.93,213,1
116.83,31.92,213,1
116.96,31.93,213,1
117.08,31.92,213,1
117.2,31.92,213,1
117.32,31.92,213,1
117.44,31.92,213,1
117.57,31.92,213,1
117.69,31.9,213,1
117.81,31.89,213,1
117.93,31.88,213,1
118.06,31.85,213,1
118.18,31.85,213,1
118.3,31.85,213,1
118.42,31.84,213,1
118.55,31.85,213,1
118.67,31.84,213,1
118.79,31.84,213,1
118.91,31.85,213,1
119.04,31.84,213,1
119.16,31.84,213,1
119.28,31.84,213,1
119.4,31.84,213,1
119.53,31.84,213,1
119.65,31.82,213,1
119.77,31.81,213,1
119.89,31.81,213,1
120.01,31.78,213,1
120.14,31.77,213,1
120.26,31.77,213,1
120.38,31.76,213,1
120.5,31.77,213,1
120.63,31.76,213,1
120.75,31.76,213,1
120.87,31.77,213,1
121.0,31.76,213,1
121.12,31.76,213,1
121.24,31.76,213,1
121.36,31.76,213,1
121.48,31.76,213,1
121.61,31.76,213,1
121.73,31.76,213,1
121.85,31.76,213,1
121.97,31.75,213,1
122.1,31.75,213,1
122.22,31.75,213,1
122.34,31.73,213,1
122.46,31.72,213,1
122.59,31.73,213,1
122.71,31.71,213,1
122.83,31.71,213,1
122.95,31.7,213,1
123.07,31.68,213,1
123.2,31.69,213,1
123.32,31.69,213,1
123.44,31.68,213,1
123.57,31.69,213,1
123.69,31.68,213,1
123.81,31.68,213,1
123.93,31.69,213,1
124.05,31.68,213,1
124.18,31.68,213,1
124.3,31.69,213,1
124.42,31.68,213,1
124.54,31.68,213,1
124.67,31.69,213,1
124.79,31.68,213,1
124.91,31.68,213,1
125.03,31.68,213,1
125.16,31.68,213,1
125.28,31.68,213,1
125.4,31.68,213,1
125.52,31.68,213,1
125.65,31.68,213,1
125.77,31.68,213,1
125.89,31.68,213,1
126.01,31.68,213,1
126.14,31.68,213,1
126.26,31.68,213,1
126.38,31.68,213,1
126.5,31.68,213,1
126.62,31.68,213,1
126.75,31.68,213,1
126.87,31.68,213,1
126.99,31.68,213,1
127.11,31.67,213,1
127.24,31.68,213,1
127.36,31.68,213,1
127.48,31.67,213,1
127.6,31.68,213,1
127.73,31.68,213,1
127.85,31.68,213,1
127.97,31.68,213,1
128.09,31.68,213,1
128.22,31.67,213,1
128.34,31.68,213,1
128.46,31.68,213,1
128.58,31.67,213,1
128.71,31.68,213,1
128.83,31.68,213,1
128.95,31.68,213,1
129.07,31.68,213,1
129.2,31.68,213,1
129.32,31.67,213,1
129.44,31.68,213,1
129.56,31.68,213,1
129.69,31.67,213,1
129.81,31.68,213,1
129.93,31.68,213,1
130.05,31.68,213,1
130.17,31.68,213,1
130.3,31.68,213,1
130.42,31.67,213,1
130.54,31.68,213,1
130.66,31.68,213,1
130.79,31.68,213,1
130.91,31.68,213,1
131.03,31.68,213,1
131.15,31.68,213,1
131.28,31.68,213,1
131.4,31.68,213,1
131.52,31.68,213,1
131.64,31.68,213,1
131.77,31.68,213,1
131.89,31.68,213,1
132.01,31.67,213,1
132.13,31.68,213,1
132.26,31.69,213,1
132.38,31.68,213,1
132.5,31.68,213,1
132.62,31.69,213,1
132.75,31.68,213,1
132.87,31.68,213,1
132.99,31.69,213,1
133.11,31.68,213,1
133.23,31.68,213,1
133.36,31.68,213,1
133.48,31.69,213,1
133.6,31.68,213,1
133.73,31.68,213,1
133.85,31.7,213,1
133.97,31.68,213,1
134.09,31.68,213,1
134.21,31.69,213,1
134.34,31.69,213,1
134.46,31.69,213,1
134.58,31.7,213,1
134.7,31.7,213,1
134.83,31.7,213,1
134.95,31.71,213,1
135.07,31.72,213,1
135.19,31.72,213,1
135.32,31.72,213,1
135.44,31.73,213,1
135.56,31.73,213,1
135.68,31.73,213,1
135.8,31.74,213,1
135.93,31.74,213,1
136.05,31.74,213,1
136.17,31.75,213,1
136.3,31.76,213,1
136.42,31.75,213,1
136.54,31.76,213,1
136.66,31.76,213,1
136.78,31.76,213,1
136.91,31.76,213,1
137.03,31.76,213,1
137.15,31.76,213,1
137.27,31.76,213,1
137.4,31.76,213,1
137.52,31.76,213,1
137.64,31.76,213,1
137.76,31.76,213,1
137.89,31.76,213,1
138.01,31.76,213,1
138.13,31.76,213,1
138.25,31.76,213,1
138.38,31.77,213,1
138.5,31.76,213,1
138.62,31.76,213,1
138.74,31.76,213,1
138.87,31.77,213,1
138.99,31.76,213,1
139.11,31.76,213,1
139.23,31.77,213,1
139.36,31.76,213,1
139.48,31.76,213,1
139.6,31.77,213,1
139.72,31.77,213,1
139.84,31.76,213,1
139.97,31.77,213,1
140.09,31.78,213,1
140.21,31.77,213,1
140.33,31.77,213,1
140.46,31.79,213,1
140.58,31.79,213,1
140.7,31.79,213,1
140.82,31.8,213,1
140.95,31.81,213,1
141.07,31.81,213,1
141.19,31.81,213,1
141.31,31.82,213,1
141.44,31.83,213,1
141.56,31.83,213,1
141.68,31.83,213,1
141.8,31.84,213,1
141.93,31.84,213,1
142.05,31.84,213,1
142.17,31.84,213,1
142.29,31.84,213,1
142.41,31.84,213,1
142.54,31.84,213,1
142.66,31.85,213,1
142.78,31.84,213,1
142.9,31.84,213,1
143.03,31.84,213,1
143.15,31.85,213,1
143.27,31.84,213,1
143.39,31.84,213,1
143.52,31.85,213,1
143.64,31.85,213,1
143.76,31.84,213,1
143.88,31.84,213,1
144.01,31.85,213,1
144.13,31.85,213,1
144.25,31.84,213,1
144.37,31.84,213,1
144.5,31.85,213,1
144.62,31.84,213,1
144.74,31.84,213,1
144.86,31.85,213,1
144.99,31.85,213,1
145.11,31.84,213,1
145.23,31.84,213,1
145.35,31.86,213,1
145.47,31.86,213,1
145.6,31.85,213,1
145.72,31.85,213,1
145.84,31.87,213,1
145.96,31.87,213,1
146.09,31.87,213,1
146.21,31.88,213,1
146.33,31.89,213,1
146.45,31.9,213,1
146.58,31.89,213,1
146.7,31.89,213,1
146.82,31.91,213,1
146.94,31.91,213,1
147.07,31.91,213,1
147.19,31.92,213,1
147.31,31.92,213,1
147.43,31.92,213,1
147.55,31.92,213,1
147.68,31.92,213,1
147.8,31.93,213,1
147.92,31.92,213,1
148.04,31.92,213,1
148.17,31.93,213,1
148.29,31.93,213,1
148.41,31.92,213,1
148.54,31.92,213,1
148.66,31.93,213,1
148.78,31.93,213,1
148.9,31.92,213,1
149.02,31.92,213,1
149.15,31.93,213,1
149.27,31.93,213,1
149.39,31.92,213,1
149.51,31.92,213,1
149.64,31.93,213,1
149.76,31.93,213,1
149.88,31.92,213,1
150.0,31.93,213,1
150.13,31.94,213,1
150.25,31.93,213,1
150.37,31.92,213,1
150.49,31.93,213,1
150.62,31.94,213,1
150.74,31.93,213,1
150.86,31.92,213,1
150.98,31.94,213,1
151.11,31.94,213,1
151.23,31.93,213,1
151.35,31.93,213,1
151.47,31.95,213,1
151.6,31.96,213,1
151.72,31.95,213,1
151.84,31.96,213,1
151.96,31.97,213,1
152.08,31.98,213,1
152.21,31.98,213,1
152.33,31.98,213,1
152.45,31.98,213,1
152.57,31.99,213,1
152.7,31.99,213,1
152.82,31.99,213,1
152.94,32.0,213,1
153.06,32.0,213,1
153.19,32.0,213,1
153.31,32.0,213,1
153.43,32.01,213,1
153.55,32.01,213,1
153.68,32.0,213,1
153.8,32.0,213,1
153.92,32.01,213,1
154.04,32.01,213,1
154.16,32.01,213,1
154.29,32.01,213,1
154.41,32.01,213,1
154.53,32.01,213,1
154.65,32.01,213,1
154.78,32.0,213,1
154.9,32.01,213,1
155.02,32.01,213,1
155.14,32.01,213,1
155.27,32.01,213,1
155.39,32.01,213,1
155.51,32.02,213,1
155.63,32.01,213,1
155.76,32.01,213,1
155.88,32.01,213,1
156.0,32.02,213,1
156.12,32.01,213,1
156.25,32.01,213,1
156.37,32.01,213,1
156.49,32.02,213,1
156.61,32.01,213,1
156.74,32.01,213,1
156.86,32.01,213,1
156.98,32.02,213,1
157.1,32.02,213,1
157.22,32.01,213,1
157.35,32.01,213,1
157.47,32.02,213,1
157.59,32.03,213,1
157.71,32.02,213,1
157.84,32.03,213,1
157.96,32.03,213,1
158.08,32.05,213,1
158.2,32.05,213,1
158.33,32.05,213,1
158.45,32.05,213,1
158.57,32.06,213,1
158.69,32.07,213,1
158.82,32.07,213,1
158.94,32.06,213,1
159.06,32.07,213,1
159.18,32.08,213,1
159.3,32.08,213,1
159.43,32.08,213,1
159.55,32.08,213,1
159.67,32.09,213,1
159.8,32.09,213,1
159.92,32.09,213,1
160.04,32.09,213,1
160.16,32.09,213,1
160.28,32.09,213,1
160.41,32.09,213,1
160.53,32.09,213,1
160.65,32.09,213,1
160.77,32.09,213,1
160.9,32.09,213,1
161.02,32.09,213,1
161.14,32.09,213,1
161.26,32.09,213,1
161.39,32.09,213,1
161.51,32.1,213,1
161.63,32.09,213,1
161.75,32.09,213,1
161.88,32.09,213,1
162.0,32.09,213,1
162.12,32.1,213,1
162.24,32.1,213,1
162.37,32.09,213,1
162.49,32.09,213,1
162.61,32.09,213,1
162.73,32.1,213,1
162.85,32.09,213,1
162.98,32.09,213,1
163.1,32.09,213,1
163.22,32.09,213,1
163.34,32.1,213,1
163.47,32.1,213,1
163.59,32.09,213,1
163.71,32.09,213,1
163.83,32.1,213,1
163.96,32.11,213,1
164.08,32.1,213,1
164.2,32.09,213,1
164.32,32.1,213,1
164.45,32.11,213,1
164.57,32.12,213,1
164.69,32.12,213,1
164.81,32.12,213,1
164.94,32.12,213,1
165.06,32.13,213,1
165.18,32.14,213,1
165.3,32.14,213,1
165.43,32.14,213,1
165.55,32.14,213,1
165.67,32.15,213,1
165.79,32.16,213,1
165.91,32.16,213,1
166.04,32.16,213,1
166.16,32.16,213,1
166.28,32.16,213,1
166.41,32.17,213,1
166.53,32.17,213,1
166.65,32.17,213,1
166.77,32.17,213,1
166.89,32.17,213,1
167.02,32.17,213,1
167.14,32.17,213,1
167.26,32.18,213,1
167.38,32.18,213,1
167.51,32.17,213,1
167.63,32.17,213,1
167.75,32.17,213,1
167.87,32.18,213,1
168.0,32.18,213,1
168.12,32.17,213,1
168.24,32.17,213,1
168.36,32.17,213,1
168.49,32.17,213,1
168.61,32.18,213,1
168.73,32.18,213,1
168.85,32.17,213,1
168.98,32.17,213,1
169.1,32.17,213,1
169.22,32.17,213,1
169.34,32.18,213,1
169.46,32.18,213,1
169.59,32.18,213,1
169.71,32.17,213,1
169.83,32.17,213,1
169.95,32.17,213,1
170.08,32.18,213,1
170.2,32.19,213,1
170.32,32.18,213,1
170.44,32.17,213,1
170.57,32.17,213,1
170.69,32.17,213,1
170.81,32.18,213,1
170.93,32.19,213,1
171.06,32.18,213,1
171.18,32.17,213,1
171.3,32.17,213,1
171.42,32.18,213,1
171.55,32.19,213,1
171.67,32.19,213,1
171.79,32.19,213,1
171.91,32.19,213,1
172.04,32.19,213,1
172.16,32.19,213,1
172.28,32.2,213,1
172.4,32.21,213,1
172.52,32.22,213,1
172.65,32.22,213,1
172.77,32.22,213,1
172.89,32.22,213,1
173.01,32.22,213,1
173.14,32.22,213,1
173.26,32.23,213,1
173.38,32.24,213,1
173.5,32.24,213,1
173.63,32.24,213,1
173.75,32.24,213,1
173.87,32.24,213,1
173.99,32.25,213,1
174.12,32.25,213,1
174.24,32.25,213,1
174.36,32.25,213,1
174.48,32.25,213,1
174.61,32.25,213,1
174.73,32.25,213,1
174.85,32.25,213,1
174.97,32.26,213,1
175.09,32.26,213,1
175.22,32.26,213,1
175.34,32.25,213,1
175.46,32.25,213,1
175.58,32.25,213,1
175.71,32.26,213,1
175.83,32.26,213,1
175.95,32.26,213,1
176.07,32.26,213,1
176.2,32.25,213,1
176.32,32.25,213,1
176.44,32.25,213,1
176.56,32.25,213,1
176.69,32.26,213,1
176.81,32.26,213,1
176.93,32.26,213,1
177.05,32.26,213,1
177.18,32.25,213,1
177.3,32.25,213,1
177.42,32.25,213,1
177.54,32.26,213,1
177.66,32.27,213,1
177.79,32.27,213,1
177.91,32.26,213,1
178.03,32.26,213,1
178.15,32.25,213,1
178.28,32.25,213,1
178.4,32.26,213,1
178.52,32.26,213,1
178.64,32.27,213,1
178.77,32.27,213,1
178.89,32.26,213,1
179.01,32.26,213,1
179.13,32.26,213,1
179.26,32.26,213,1
179.38,32.26,213,1
179.5,32.27,213,1
179.62,32.28,213,1
179.75,32.27,213,1
179.87,32.26,213,1
179.99,32.26,213,1
180.11,32.26,213,1
180.24,32.26,213,1
180.36,32.26,213,1
180.48,32.27,213,1
180.6,32.29,213,1
180.73,32.28,213,1
180.85,32.27,213,1
180.97,32.27,213,1
181.09,32.28,213,1
181.22,32.28,213,1
181.34,32.29,213,1
181.46,32.3,213,1
181.58,32.31,213,1
181.7,32.3,213,1
181.83,32.31,213,1
181.95,32.31,213,1
182.07,32.31,213,1
182.19,32.31,213,1
182.32,32.32,213,1
182.44,32.33,213,1
182.56,32.33,213,1
182.68,32.33,213,1
182.81,32.33,213,1
182.93,32.33,213,1
183.05,32.33,213,1
183.17,32.33,213,1
183.3,32.34,213,1
183.42,32.34,213,1
183.54,32.34,213,1
183.66,32.34,213,1
183.79,32.34,213,1
183.91,32.34,213,1
184.03,32.34,213,1
184.15,32.34,213,1
184.27,32.34,213,1
184.4,32.34,213,1
184.52,32.34,213,1
184.64,32.34,213,1
184.76,32.34,213,1
184.89,32.34,213,1
185.01,32.34,213,1
185.13,32.34,213,1
185.25,32.34,213,1
185.38,32.34,213,1
185.5,32.34,213,1
185.62,32.34,213,1
185.74,32.35,213,1
185.87,32.35,213,1
185.99,32.34,213,1
186.11,32.34,213,1
186.23,32.34,213,1
186.36,32.34,213,1
186.48,32.34,213,1
186.6,32.34,213,1
186.72,32.34,213,1
186.85,32.35,213,1
186.97,32.35,213,1
187.09,32.35,213,1
187.21,32.34,213,1
187.33,32.34,213,1
187.46,32.34,213,1
187.58,32.34,213,1
187.7,32.34,213,1
187.82,32.34,213,1
187.95,32.34,213,1
188.07,32.35,213,1
188.19,32.35,213,1
188.31,32.35,213,1
188.44,32.35,213,1
188.56,32.34,213,1
188.68,32.34,213,1
188.8,32.34,213,1
188.93,32.34,213,1
189.05,32.34,213,1
189.17,32.34,213,1
189.29,32.35,213,1
189.41,32.35,213,1
189.54,32.35,213,1
189.66,32.36,213,1
189.78,32.35,213,1
189.9,32.34,213,1
190.03,32.34,213,1
190.15,32.34,213,1
190.27,32.34,213,1
190.39,32.34,213,1
190.52,32.35,213,1
190.64,32.35,213,1
190.76,32.36,213,1
190.88,32.36,213,1
191.01,32.36,213,1
191.13,32.36,213,1
191.25,32.35,213,1
191.37,32.35,213,1
191.5,32.36,213,1
191.62,32.36,213,1
191.74,32.36,213,1
191.86,32.37,213,1
191.99,32.37,213,1
192.11,32.38,213,1
192.23,32.39,213,1
192.35,32.39,213,1
192.48,32.39,213,1
192.6,32.39,213,1
192.72,32.39,213,1
192.84,32.39,213,1
192.96,32.39,213,1
193.09,32.39,213,1
193.21,32.4,213,1
193.33,32.4,213,1
193.46,32.4,213,1
193.58,32.4,213,1
193.7,32.41,213,1
193.82,32.4,213,1
193.94,32.41,213,1
194.07,32.41,213,1
194.19,32.41,213,1
194.31,32.41,213,1
194.43,32.42,213,1
194.55,32.42,213,1
194.68,32.42,213,1
194.8,32.42,213,1
194.92,32.42,213,1
195.05,32.42,213,1
195.17,32.42,213,1
195.29,32.42,213,1
195.41,32.42,213,1
195.53,32.42,213,1
195.66,32.42,213,1
195.78,32.42,213,1
195.9,32.42,213,1
196.02,32.42,213,1
196.15,32.43,213,1
196.27,32.43,213,1
196.39,32.42,213,1
196.51,32.42,213,1
196.64,32.42,213,1
196.76,32.42,213,1
196.88,32.42,213,1
197.0,32.42,213,1
197.13,32.42,213,1
197.25,32.42,213,1
197.37,32.42,213,1
197.49,32.43,213,1
197.62,32.43,213,1
197.74,32.43,213,1
197.86,32.42,213,1
197.98,32.42,213,1
198.11,32.42,213,1
198.23,32.42,213,1
198.35,32.42,213,1
198.47,32.42,213,1
198.6,32.42,213,1
198.72,32.43,213,1
198.84,32.43,213,1
198.96,32.43,213,1
199.09,32.43,213,1
199.21,32.42,213,1
199.33,32.42,213,1
199.45,32.42,213,1
199.57,32.42,213,1
199.7,32.42,213,1
199.82,32.42,213,1
199.94,32.42,213,1
200.06,32.42,213,1
200.19,32.43,213,1
200.31,32.43,213,1
200.43,32.43,213,1
200.55,32.43,213,1
200.68,32.43,213,1
200.8,32.42,213,1
200.92,32.42,213,1
201.04,32.42,213,1
201.16,32.42,213,1
201.29,32.42,213,1
201.41,32.42,213,1
201.53,32.43,213,1
201.66,32.43,213,1
201.78,32.43,213,1
201.9,32.44,213,1
202.02,32.43,213,1
202.14,32.43,213,1
202.27,32.42,213,1
202.39,32.42,213,1
202.51,32.42,213,1
202.63,32.42,213,1
202.76,32.42,213,1
202.88,32.42,213,1
203.0,32.43,213,1
203.12,32.43,213,1
203.25,32.44,213,1
203.37,32.44,213,1
203.49,32.44,213,1
203.61,32.45,213,1
203.74,32.44,213,1
203.86,32.44,213,1
203.98,32.44,213,1
204.1,32.44,213,1
204.23,32.44,213,1
204.35,32.44,213,1
204.47,32.45,213,1
204.59,32.45,213,1
204.72,32.45,213,1
204.84,32.46,213,1
204.96,32.47,213,1
205.08,32.47,213,1
205.2,32.48,213,1
205.33,32.48,213,1
205.45,32.48,213,1
205.57,32.48,213,1
205.69,32.48,213,1
205.82,32.48,213,1
205.94,32.48,213,1
206.06,32.48,213,1
206.18,32.48,213,1
206.31,32.48,213,1
206.43,32.48,213,1
206.55,32.49,213,1
206.67,32.49,213,1
206.8,32.49,213,1
206.92,32.5,213,1
207.04,32.5,213,1
207.16,32.5,213,1
207.29,32.5,213,1
207.41,32.5,213,1
207.53,32.5,213,1
207.65,32.5,213,1
207.77,32.5,213,1
207.9,32.5,213,1
208.02,32.5,213,1
208.14,32.5,213,1
208.26,32.5,213,1
208.39,32.5,213,1
208.51,32.5,213,1
208.63,32.5,213,1
208.75,32.5,213,1
208.88,32.5,213,1
209.0,32.5,213,1
209.12,32.51,213,1
209.24,32.51,213,1
209.37,32.51,213,1
209.49,32.51,213,1
209.61,32.51,213,1
209.73,32.51,213,1
209.86,32.51,213,1
209.98,32.51,213,1
210.1,32.5,213,1
210.22,32.5,213,1
210.34,32.5,213,1
210.47,32.5,213,1
210.59,32.5,213,1
210.71,32.5,213,1
210.84,32.5,213,1
210.96,32.5,213,1
211.08,32.5,213,1
211.2,32.5,213,1
211.32,32.5,213,1
211.45,32.5,213,1
211.57,32.51,213,1
211.69,32.51,213,1
211.81,32.51,213,1
211.94,32.51,213,1
212.06,32.51,213,1
212.18,32.51,213,1
212.3,32.51,213,1
212.43,32.51,213,1
212.55,32.51,213,1
212.67,32.51,213,1
212.79,32.5,213,1
212.92,32.5,213,1
213.04,32.5,213,1
213.16,32.5,213,1
213.28,32.5,213,1
213.41,32.5,213,1
213.53,32.5,213,1
213.65,32.5,213,1
213.77,32.5,213,1
213.9,32.51,213,1
214.02,32.51,213,1
214.14,32.51,213,1
214.26,32.52,213,1
214.38,32.52,213,1
214.51,32.52,213,1
214.63,32.52,213,1
214.75,32.52,213,1
214.87,32.52,213,1
215.0,32.51,213,1
215.12,32.51,213,1
215.24,32.51,213,1
215.36,32.51,213,1
215.49,32.5,213,1
215.61,32.5,213,1
215.73,32.5,213,1
215.85,32.5,213,1
215.98,32.5,213,1
216.1,32.5,213,1
216.22,32.5,213,1
216.34,32.5,213,1
216.47,32.51,213,1
216.59,32.51,213,1
216.71,32.51,213,1
216.83,32.51,213,1
216.95,32.52,213,1
217.08,32.52,213,1
217.2,32.52,213,1
217.32,32.52,213,1
217.44,32.52,213,1
217.57,32.52,213,1
217.69,32.52,213,1
217.81,32.52,213,1
217.93,32.52,213,1
218.06,32.52,213,1
218.18,32.51,213,1
218.3,32.51,213,1
218.42,32.51,213,1
218.55,32.51,213,1
218.67,32.52,213,1
218.79,32.52,213,1
218.91,32.52,213,1
219.04,32.52,213,1
219.16,32.52,213,1
219.28,32.52,213,1
219.4,32.53,213,1
219.52,32.53,213,1
219.65,32.53,213,1
219.77,32.53,213,1
219.89,32.54,213,1
220.01,32.54,213,1
220.14,32.54,213,1
220.26,32.54,213,1
220.38,32.54,213,1
220.5,32.55,213,1
220.63,32.55,213,1
220.75,32.55,213,1
220.87,32.56,213,1
220.99,32.56,213,1
221.12,32.56,213,1
221.24,32.56,213,1
221.36,32.56,213,1
221.48,32.56,213,1
221.61,32.56,213,1
221.73,32.56,213,1
221.85,32.56,213,1
221.97,32.56,213,1
222.1,32.56,213,1
222.22,32.57,213,1
222.34,32.57,213,1
222.46,32.57,213,1
222.58,32.57,213,1
222.71,32.57,213,1
222.83,32.57,213,1
222.95,32.57,213,1
223.07,32.57,213,1
223.2,32.57,213,1
223.32,32.57,213,1
223.44,32.57,213,1
223.56,32.58,213,1
223.69,32.58,213,1
223.81,32.58,213,1
223.93,32.58,213,1
224.05,32.58,213,1
224.18,32.58,213,1
224.3,32.58,213,1
224.42,32.58,213,1
224.54,32.58,213,1
224.66,32.58,213,1
224.79,32.58,213,1
224.91,32.58,213,1
225.03,32.59,213,1
225.16,32.59,213,1
225.28,32.59,213,1
225.4,32.59,213,1
225.52,32.59,213,1
225.65,32.59,213,1
225.77,32.59,213,1
225.89,32.59,213,1
226.01,32.59,213,1
226.13,32.59,213,1
226.26,32.59,213,1
226.38,32.59,213,1
226.5,32.59,213,1
226.62,32.59,213,1
226.75,32.59,213,1
226.87,32.59,213,1
226.99,32.59,213,1
227.11,32.59,213,1
227.24,32.59,213,1
227.36,32.59,213,1
227.48,32.59,213,1
227.6,32.59,213,1
227.73,32.59,213,1
227.85,32.59,213,1
227.97,32.59,213,1
228.09,32.59,213,1
228.22,32.59,213,1
228.34,32.59,213,1
228.46,32.59,213,1
228.58,32.59,213,1
228.71,32.59,213,1
228.83,32.59,213,1
228.95,32.59,213,1
229.07,32.59,213,1
229.19,32.59,213,1
229.32,32.59,213,1
229.44,32.59,213,1
229.56,32.59,213,1
229.68,32.59,213,1
229.81,32.59,213,1
229.93,32.59,213,1
230.05,32.59,213,1
230.17,32.59,213,1
230.3,32.59,213,1
230.42,32.59,213,1
230.54,32.59,213,1
230.66,32.59,213,1
230.79,32.59,213,1
230.91,32.59,213,1
231.03,32.59,213,1
231.15,32.59,213,1
231.27,32.59,213,1
231.4,32.59,213,1
231.52,32.59,213,1
231.64,32.59,213,1
231.76,32.59,213,1
231.89,32.59,213,1
232.01,32.59,213,1
232.13,32.59,213,1
232.25,32.59,213,1
232.38,32.59,213,1
232.5,32.59,213,1
232.62,32.59,213,1
232.74,32.59,213,1
232.87,32.59,213,1
232.99,32.59,213,1
233.11,32.59,213,1
233.23,32.59,213,1
233.36,32.59,213,1
233.48,32.59,213,1
233.6,32.59,213,1
233.72,32.59,213,1
233.85,32.59,213,1
233.97,32.6,213,1
234.09,32.6,213,1
234.21,32.6,213,1
234.34,32.6,213,1
234.46,32.6,213,1
234.58,32.6,213,1
234.7,32.6,213,1
234.82,32.6,213,1
234.95,32.6,213,1
235.07,32.6,213,1
235.19,32.6,213,1
235.31,32.6,213,1
235.44,32.6,213,1
235.56,32.6,213,1
235.68,32.6,213,1
235.8,32.6,213,1
235.93,32.6,213,1
236.05,32.6,213,1
236.17,32.6,213,1
236.29,32.6,213,1
236.42,32.6,213,1
236.54,32.6,213,1
236.66,32.6,213,1
236.78,32.6,213,1
236.91,32.6,213,1
237.03,32.6,213,1
237.15,32.6,213,1
237.27,32.6,213,1
237.39,32.6,213,1
237.52,32.6,213,1
237.64,32.6,213,1
237.76,32.6,213,1
237.88,32.6,213,1
238.01,32.6,213,1
238.13,32.6,213,1
238.25,32.6,213,1
238.37,32.6,213,1
238.5,32.6,213,1
238.62,32.6,213,1
238.74,32.6,213,1
238.86,32.6,213,1
238.99,32.6,213,1
239.11,32.6,213,1
239.23,32.6,213,1
239.35,32.6,213,1
239.48,32.6,213,1
239.6,32.6,213,1
239.72,32.6,213,1
239.84,32.6,213,1
239.97,32.6,213,1
240.09,32.6,213,1
240.21,32.6,213,1
240.33,32.6,213,1
240.46,32.6,213,1
240.58,32.6,213,1
240.7,32.6,213,1
240.82,32.61,213,1
240.95,32.61,213,1
241.07,32.61,213,1
241.19,32.61,213,1
241.31,32.61,213,1
241.43,32.61,213,1
241.56,32.61,213,1
241.68,32.61,213,1
241.8,32.61,213,1
241.92,32.62,213,1
242.05,32.62,213,1
242.17,32.62,213,1
242.29,32.62,213,1
242.41,32.62,213,1
242.54,32.62,213,1
242.66,32.62,213,1
242.78,32.63,213,1
242.9,32.63,213,1
243.02,32.63,213,1
243.15,32.63,213,1
243.27,32.63,213,1
243.39,32.63,213,1
243.52,32.63,213,1
243.64,32.64,213,1
243.76,32.64,213,1
243.88,32.64,213,1
244.0,32.64,213,1
244.13,32.65,213,1
244.25,32.65,213,1
244.37,32.65,213,1
244.49,32.65,213,1
244.62,32.65,213,1
244.74,32.65,213,1
244.86,32.65,213,1
244.98,32.66,213,1
245.11,32.66,213,1
245.23,32.66,213,1
245.35,32.66,213,1
245.47,32.66,213,1
245.6,32.66,213,1
245.72,32.66,213,1
245.84,32.66,213,1
245.96,32.66,213,1
246.09,32.66,213,1
246.21,32.67,213,1
246.33,32.66,213,1
246.45,32.67,213,1
246.58,32.67,213,1
246.7,32.66,213,1
246.82,32.67,213,1
246.94,32.67,213,1
247.06,32.67,213,1
247.19,32.66,213,1
247.31,32.67,213,1
247.43,32.67,213,1
247.55,32.67,213,1
247.68,32.67,213,1
247.8,32.67,213,1
247.92,32.67,213,1
248.04,32.67,213,1
248.17,32.67,213,1
248.29,32.67,213,1
248.41,32.67,213,1
248.53,32.67,213,1
248.66,32.67,213,1
248.78,32.67,213,1
248.9,32.67,213,1
249.02,32.67,213,1
249.15,32.67,213,1
249.27,32.67,213,1
249.39,32.67,213,1
249.51,32.68,213,1
249.63,32.68,213,1
249.76,32.68,213,1
249.88,32.68,213,1
250.0,32.67,213,1
250.12,32.67,213,1
250.25,32.67,213,1
250.37,32.67,213,1
250.49,32.67,213,1
250.61,32.67,213,1
250.74,32.67,213,1
250.86,32.67,213,1
250.98,32.67,213,1
251.1,32.67,213,1
251.23,32.67,213,1
251.35,32.67,213,1
251.47,32.67,213,1
251.59,32.67,213,1
251.72,32.67,213,1
251.84,32.67,213,1
251.96,32.67,213,1
252.08,32.67,213,1
252.21,32.68,213,1
252.33,32.68,213,1
252.45,32.68,213,1
252.57,32.68,213,1
252.7,32.68,213,1
252.82,32.68,213,1
252.94,32.68,213,1
253.06,32.68,213,1
253.19,32.68,213,1
253.31,32.67,213,1
253.43,32.67,213,1
253.55,32.67,213,1
253.67,32.67,213,1
253.8,32.67,213,1
253.92,32.67,213,1
254.04,32.67,213,1
254.16,32.67,213,1
254.29,32.67,213,1
254.41,32.67,213,1
254.53,32.67,213,1
254.65,32.67,213,1
254.78,32.67,213,1
254.9,32.68,213,1
255.02,32.68,213,1
255.14,32.68,213,1
255.27,32.68,213,1
255.39,32.68,213,1
255.51,32.68,213,1
255.63,32.68,213,1
255.76,32.67,213,1
255.88,32.67,213,1
256.0,32.67,213,1
256.12,32.67,213,1
256.24,32.67,213,1
256.37,32.67,213,1
256.49,32.67,213,1
256.61,32.67,213,1
256.73,32.67,213,1
256.86,32.67,213,1
256.98,32.67,213,1
257.1,32.67,213,1
257.22,32.68,213,1
257.35,32.68,213,1
257.47,32.68,213,1
257.59,32.68,213,1
257.71,32.68,213,1
257.84,32.68,213,1
257.96,32.68,213,1
258.08,32.68,213,1
258.2,32.67,213,1
258.33,32.67,213,1
258.45,32.67,213,1
258.57,32.67,213,1
258.69,32.67,213,1
258.81,32.67,213,1
258.94,32.67,213,1
259.06,32.67,213,1
259.18,32.67,213,1
259.3,32.67,213,1
259.43,32.67,213,1
259.55,32.67,213,1
259.67,32.68,213,1
259.79,32.68,213,1
259.92,32.68,213,1
260.04,32.68,213,1
260.16,32.68,213,1
260.28,32.68,213,1
260.41,32.68,213,1
260.53,32.68,213,1
260.65,32.67,213,1
260.77,32.67,213,1
260.89,32.67,213,1
261.02,32.67,213,1
261.14,32.67,213,1
261.26,32.67,213,1
261.39,32.67,213,1
261.51,32.67,213,1
261.63,32.67,213,1
261.75,32.68,213,1
261.87,32.68,213,1
262.0,32.68,213,1
262.12,32.68,213,1
262.24,32.68,213,1
262.36,32.68,213,1
262.49,32.67,213,1
262.61,32.67,213,1
262.73,32.67,213,1
262.85,32.67,213,1
262.98,32.67,213,1
263.1,32.67,213,1
263.22,32.67,213,1
263.34,32.67,213,1
263.47,32.67,213,1
263.59,32.68,213,1
263.71,32.68,213,1
263.83,32.69,213,1
263.95,32.68,213,1
264.08,32.69,213,1
264.2,32.68,213,1
264.32,32.68,213,1
264.44,32.67,213,1
264.57,32.67,213,1
264.69,32.67,213,1
264.81,32.67,213,1
264.93,32.67,213,1
265.06,32.67,213,1
265.18,32.67,213,1
265.3,32.68,213,1
265.42,32.69,213,1
265.55,32.68,213,1
265.67,32.69,213,1
265.79,32.68,213,1
265.91,32.68,213,1
266.04,32.67,213,1
266.16,32.67,213,1
266.28,32.67,213,1
266.4,32.67,213,1
266.52,32.67,213,1
266.65,32.67,213,1
266.77,32.67,213,1
266.89,32.68,213,1
267.02,32.68,213,1
267.14,32.69,213,1
267.26,32.69,213,1
267.38,32.69,213,1
267.51,32.68,213,1
267.63,32.68,213,1
267.75,32.67,213,1
267.87,32.67,213,1
268.0,32.67,213,1
268.12,32.67,213,1
268.24,32.67,213,1
268.36,32.67,213,1
268.48,32.67,213,1
268.61,32.68,213,1
268.73,32.69,213,1
268.85,32.69,213,1
268.97,32.69,213,1
269.1,32.69,213,1
269.22,32.69,213,1
269.34,32.68,213,1
269.46,32.68,213,1
269.59,32.67,213,1
269.71,32.68,213,1
269.83,32.68,213,1
269.95,32.68,213,1
270.08,32.68,213,1
270.2,32.69,213,1
270.32,32.7,213,1
270.44,32.7,213,1
270.57,32.7,213,1
270.69,32.69,213,1
270.81,32.69,213,1
270.93,32.69,213,1
271.05,32.68,213,1
271.18,32.69,213,1
271.3,32.68,213,1
271.42,32.69,213,1
271.54,32.69,213,1
271.67,32.71,213,1
271.79,32.71,213,1
271.91,32.7,213,1
272.03,32.7,213,1
272.16,32.69,213,1
272.28,32.7,213,1
272.4,32.69,213,1
272.52,32.7,213,1
272.65,32.7,213,1
272.77,32.71,213,1
272.89,32.71,213,1
273.01,32.71,213,1
273.14,32.71,213,1
273.26,32.71,213,1
273.38,32.7,213,1
273.5,32.71,213,1
273.63,32.71,213,1
273.75,32.71,213,1
273.87,32.72,213,1
273.99,32.72,213,1
274.11,32.72,213,1
274.24,32.73,213,1
274.36,32.73,213,1
274.48,32.72,213,1
274.6,32.72,213,1
274.73,32.71,213,1
274.85,32.72,213,1
274.97,32.72,213,1
275.09,32.72,213,1
275.22,32.73,213,1
275.34,32.73,213,1
275.46,32.73,213,1
275.58,32.73,213,1
275.7,32.73,213,1
275.83,32.73,213,1
275.95,32.73,213,1
276.07,32.73,213,1
276.2,32.73,213,1
276.32,32.73,213,1
276.44,32.74,213,1
276.56,32.74,213,1
276.68,32.74,213,1
276.81,32.74,213,1
276.93,32.74,213,1
277.05,32.74,213,1
277.17,32.73,213,1
277.3,32.73,213,1
277.42,32.74,213,1
277.54,32.74,213,1
277.66,32.74,213,1
277.79,32.74,213,1
277.91,32.75,213,1
278.03,32.75,213,1
278.15,32.75,213,1
278.28,32.75,213,1
278.4,32.75,213,1
278.52,32.75,213,1
278.64,32.75,213,1
278.77,32.75,213,1
278.89,32.75,213,1
279.01,32.75,213,1
279.13,32.75,213,1
279.26,32.75,213,1
279.38,32.75,213,1
279.5,32.76,213,1
279.62,32.76,213,1
279.75,32.75,213,1
279.87,32.75,213,1
279.99,32.75,213,1
280.11,32.75,213,1
280.23,32.75,213,1
280.36,32.75,213,1
280.48,32.75,213,1
280.6,32.76,213,1
280.72,32.76,213,1
280.85,32.76,213,1
280.97,32.76,213,1
281.09,32.75,213,1
281.21,32.75,213,1
281.33,32.75,213,1
281.46,32.75,213,1
281.58,32.75,213,1
281.7,32.76,213,1
281.83,32.76,213,1
281.95,32.76,213,1
282.07,32.76,213,1
282.19,32.75,213,1
282.32,32.75,213,1
282.44,32.75,213,1
282.56,32.75,213,1
282.68,32.75,213,1
282.8,32.75,213,1
282.93,32.76,213,1
283.05,32.76,213,1
283.17,32.76,213,1
283.29,32.76,213,1
283.42,32.75,213,1
283.54,32.75,213,1
283.66,32.75,213,1
283.78,32.75,213,1
283.91,32.76,213,1
284.03,32.76,213,1
284.15,32.76,213,1
284.27,32.76,213,1
284.4,32.75,213,1
284.52,32.75,213,1
284.64,32.75,213,1
284.76,32.75,213,1
284.89,32.75,213,1
285.01,32.76,213,1
285.13,32.76,213,1
285.25,32.76,213,1
285.38,32.76,213,1
285.5,32.76,213,1
285.62,32.75,213,1
285.74,32.75,213,1
285.86,32.75,213,1
285.99,32.75,213,1
286.11,32.76,213,1
286.23,32.76,213,1
286.35,32.76,213,1
286.48,32.76,213,1
286.6,32.75,213,1
286.72,32.75,213,1
286.84,32.75,213,1
286.97,32.75,213,1
287.09,32.76,213,1
287.21,32.76,213,1
287.33,32.76,213,1
287.46,32.76,213,1
287.58,32.76,213,1
287.7,32.75,213,1
287.82,32.75,213,1
287.95,32.75,213,1
288.07,32.76,213,1
288.19,32.76,213,1
288.31,32.76,213,1
288.44,32.76,213,1
288.56,32.76,213,1
288.68,32.75,213,1
288.8,32.75,213,1
288.92,32.75,213,1
289.05,32.76,213,1
289.17,32.76,213,1
289.29,32.76,213,1
289.41,32.76,213,1
289.54,32.75,213,1
289.66,32.75,213,1
289.78,32.75,213,1
289.9,32.75,213,1
290.03,32.76,213,1
290.15,32.76,213,1
290.27,32.76,213,1
290.39,32.76,213,1
290.52,32.75,213,1
290.64,32.75,213,1
290.76,32.75,213,1
290.88,32.76,213,1
291.01,32.76,213,1
291.13,32.76,213,1
291.25,32.76,213,1
291.37,32.75,213,1
291.49,32.75,213,1
291.62,32.75,213,1
291.74,32.76,213,1
291.86,32.76,213,1
291.98,32.77,213,1
292.11,32.76,213,1
292.23,32.75,213,1
292.35,32.75,213,1
292.47,32.75,213,1
292.6,32.76,213,1
292.72,32.76,213,1
292.84,32.77,213,1
292.96,32.76,213,1
293.09,32.76,213,1
293.21,32.75,213,1
293.33,32.75,213,1
293.45,32.76,213,1
293.58,32.76,213,1
293.7,32.77,213,1
293.82,32.76,213,1
293.94,32.76,213,1
294.07,32.75,213,1
294.19,32.75,213,1
294.31,32.76,213,1
294.43,32.76,213,1
294.55,32.77,213,1
294.68,32.76,213,1
294.8,32.76,213,1
294.92,32.75,213,1
295.05,32.75,213,1
295.17,32.76,213,1
295.29,32.77,213,1
295.41,32.77,213,1
295.53,32.76,213,1
295.66,32.75,213,1
295.78,32.75,213,1
295.9,32.75,213,1
296.02,32.76,213,1
296.14,32.77,213,1
296.27,32.77,213,1
296.39,32.76,213,1
296.51,32.75,213,1
296.64,32.76,213,1
296.76,32.76,213,1
296.88,32.76,213,1
297.0,32.77,213,1
297.13,32.77,213,1
297.25,32.76,213,1
297.37,32.75,213,1
297.49,32.76,213,1
297.61,32.76,213,1
297.74,32.76,213,1
297.86,32.77,213,1
297.98,32.77,213,1
298.1,32.76,213,1
298.23,32.76,213,1
298.35,32.76,213,1
298.47,32.76,213,1
298.59,32.77,213,1
298.72,32.77,213,1
298.84,32.77,213,1
298.96,32.76,213,1
299.08,32.76,213,1
299.21,32.76,213,1
299.33,32.76,213,1
299.45,32.77,213,1
299.57,32.77,213,1
299.7,32.77,213,1
299.82,32.76,213,1
299.94,32.76,213,1
300.06,32.76,213,1
300.19,32.76,213,1
300.31,32.77,213,1
300.43,32.77,213,1
300.55,32.76,213,1
300.67,32.76,213,1
300.8,32.76,213,1
300.92,32.76,213,1
301.04,32.77,213,1
301.16,32.78,213,1
301.29,32.77,213,1
301.41,32.76,213,1
301.53,32.76,213,1
301.65,32.77,213,1
301.78,32.78,213,1
301.9,32.78,213,1
302.02,32.77,213,1
302.14,32.77,213,1
302.27,32.77,213,1
302.39,32.77,213,1
302.51,32.78,213,1
302.63,32.79,213,1
302.76,32.78,213,1
302.88,32.78,213,1
303.0,32.77,213,1
303.12,32.77,213,1
303.25,32.78,213,1
303.37,32.79,213,1
303.49,32.79,213,1
303.61,32.78,213,1
303.73,32.78,213,1
303.86,32.78,213,1
303.98,32.78,213,1
304.1,32.79,213,1
304.22,32.8,213,1
304.35,32.78,213,1
304.47,32.78,213,1
304.59,32.78,213,1
304.71,32.79,213,1
304.84,32.8,213,1
304.96,32.8,213,1
305.08,32.79,213,1
305.2,32.79,213,1
305.33,32.79,213,1
305.45,32.8,213,1
305.57,32.81,213,1
305.69,32.81,213,1
305.82,32.79,213,1
305.94,32.79,213,1
306.06,32.8,213,1
306.18,32.8,213,1
306.3,32.81,213,1
306.43,32.81,213,1
306.55,32.8,213,1
306.67,32.8,213,1
306.8,32.8,213,1
306.92,32.81,213,1
307.04,32.81,213,1
307.16,32.81,213,1
307.28,32.8,213,1
307.41,32.8,213,1
307.53,32.81,213,1
307.65,32.81,213,1
307.77,32.82,213,1
307.9,32.82,213,1
308.02,32.81,213,1
308.14,32.81,213,1
308.26,32.82,213,1
308.39,32.82,213,1
308.51,32.82,213,1
308.63,32.82,213,1
308.75,32.81,213,1
308.88,32.82,213,1
309.0,32.82,213,1
309.12,32.82,213,1
309.24,32.83,213,1
309.36,32.83,213,1
309.49,32.82,213,1
309.61,32.82,213,1
309.73,32.82,213,1
309.86,32.83,213,1
309.98,32.83,213,1
310.1,32.83,213,1
310.22,32.83,213,1
310.34,32.83,213,1
310.47,32.83,213,1
310.59,32.83,213,1
310.71,32.84,213,1
310.83,32.83,213,1
310.96,32.83,213,1
311.08,32.83,213,1
311.2,32.83,213,1
311.32,32.84,213,1
311.45,32.83,213,1
311.57,32.83,213,1
311.69,32.83,213,1
311.81,32.83,213,1
311.94,32.84,213,1
312.06,32.84,213,1
312.18,32.84,213,1
312.3,32.83,213,1
312.42,32.83,213,1
312.55,32.84,213,1
312.67,32.84,213,1
312.79,32.84,213,1
312.91,32.84,213,1
313.04,32.83,213,1
313.16,32.84,213,1
313.28,32.84,213,1
313.4,32.84,213,1
313.53,32.84,213,1
313.65,32.83,213,1
313.77,32.84,213,1
313.89,32.84,213,1
314.02,32.84,213,1
314.14,32.84,213,1
314.26,32.84,213,1
314.38,32.83,213,1
314.51,32.84,213,1
314.63,32.84,213,1
314.75,32.84,213,1
314.87,32.84,213,1
315.0,32.84,213,1
315.12,32.84,213,1
315.24,32.84,213,1
315.36,32.84,213,1
315.48,32.84,213,1
315.61,32.84,213,1
315.73,32.84,213,1
315.85,32.84,213,1
315.97,32.84,213,1
316.1,32.84,213,1
316.22,32.84,213,1
316.34,32.84,213,1
316.46,32.84,213,1
316.59,32.84,213,1
316.71,32.85,213,1
316.83,32.84,213,1
316.95,32.84,213,1
317.08,32.84,213,1
317.2,32.84,213,1
317.32,32.84,213,1
317.44,32.84,213,1
317.57,32.84,213,1
317.69,32.84,213,1
317.81,32.84,213,1
317.93,32.84,213,1
318.05,32.84,213,1
318.18,32.84,213,1
318.3,32.84,213,1
318.42,32.84,213,1
318.54,32.84,213,1
318.67,32.85,213,1
318.79,32.84,213,1
318.91,32.84,213,1
319.03,32.84,213,1
319.16,32.84,213,1
319.28,32.85,213,1
319.4,32.84,213,1
319.52,32.84,213,1
319.65,32.84,213,1
319.77,32.84,213,1
319.89,32.85,213,1
320.01,32.84,213,1
320.14,32.84,213,1
320.26,32.84,213,1
320.38,32.84,213,1
320.5,32.84,213,1
320.63,32.84,213,1
320.75,32.84,213,1
320.87,32.84,213,1
320.99,32.84,213,1
321.11,32.85,213,1
321.24,32.84,213,1
321.36,32.84,213,1
321.48,32.84,213,1
321.61,32.84,213,1
321.73,32.85,213,1
321.85,32.84,213,1
321.97,32.84,213,1
322.1,32.84,213,1
322.22,32.84,213,1
322.34,32.85,213,1
322.46,32.84,213,1
322.58,32.84,213,1
322.71,32.84,213,1
322.83,32.84,213,1
322.95,32.85,213,1
323.07,32.84,213,1
323.2,32.84,213,1
323.32,32.84,213,1
323.44,32.84,213,1
323.56,32.85,213,1
323.69,32.84,213,1
323.81,32.84,213,1
323.93,32.84,213,1
324.05,32.84,213,1
324.17,32.85,213,1
324.3,32.84,213,1
324.42,32.84,213,1
324.54,32.84,213,1
324.67,32.85,213,1
324.79,32.84,213,1
324.91,32.84,213,1
325.03,32.84,213,1
325.15,32.84,213,1
325.28,32.85,213,1
325.4,32.84,213,1
0.24,32.84,213,1
0.37,32.85,213,1
0.49,32.85,213,1
0.61,32.84,213,1
0.73,32.84,213,1
0.85,32.85,213,1
0.98,32.85,213,1
1.1,32.84,213,1
1.22,32.84,213,1
1.34,32.85,213,1
1.47,32.85,213,1
1.59,32.84,213,1
1.71,32.84,213,1
1.83,32.85,213,1
1.95,32.85,213,1
2.08,32.84,213,1
2.2,32.84,213,1
2.32,32.84,213,1
2.44,32.86,213,1
2.57,32.84,213,1
2.69,32.84,213,1
2.81,32.84,213,1
2.93,32.85,213,1
3.06,32.84,213,1
3.18,32.84,213,1
3.3,32.84,213,1
3.42,32.85,213,1
3.54,32.85,213,1
3.67,32.84,213,1
3.79,32.84,213,1
3.91,32.85,213,1
4.03,32.85,213,1
4.16,32.84,213,1
4.28,32.84,213,1
4.4,32.85,213,1
4.52,32.85,213,1
4.64,32.84,213,1
4.77,32.84,213,1
4.89,32.84,213,1
5.01,32.85,213,1
5.13,32.84,213,1
5.26,32.84,213,1
5.38,32.84,213,1
5.5,32.85,213,1
5.62,32.85,213,1
5.75,32.84,213,1
5.87,32.84,213,1
5.99,32.85,213,1
6.11,32.85,213,1
6.23,32.84,213,1
6.36,32.84,213,1
6.48,32.85,213,1
6.6,32.86,213,1
6.72,32.84,213,1
6.84,32.84,213,1
6.97,32.85,213,1
7.09,32.86,213,1
7.21,32.85,213,1
7.33,32.84,213,1
7.46,32.84,213,1
7.58,32.86,213,1
7.7,32.85,213,1
7.82,32.84,213,1
7.95,32.84,213,1
8.07,32.86,213,1
8.19,32.86,213,1
8.31,32.84,213,1
8.44,32.84,213,1
8.56,32.85,213,1
8.68,32.86,213,1
8.8,32.85,213,1
8.93,32.84,213,1
9.05,32.85,213,1
9.17,32.86,213,1
9.29,32.86,213,1
9.41,32.84,213,1
9.54,32.85,213,1
9.66,32.86,213,1
9.78,32.86,213,1
9.9,32.85,213,1
10.02,32.85,213,1
10.15,32.86,213,1
10.27,32.86,213,1
10.39,32.85,213,1
10.51,32.85,213,1
10.64,32.86,213,1
10.76,32.87,213,1
10.88,32.86,213,1
11.0,32.86,213,1
11.13,32.86,213,1
11.25,32.87,213,1
11.37,32.86,213,1
11.49,32.86,213,1
11.61,32.86,213,1
11.74,32.87,213,1
11.86,32.86,213,1
11.98,32.86,213,1
12.1,32.86,213,1
12.23,32.88,213,1
12.35,32.87,213,1
12.47,32.86,213,1
12.59,32.87,213,1
12.72,32.87,213,1
12.84,32.88,213,1
12.96,32.87,213,1
13.08,32.87,213,1
13.21,32.87,213,1
13.33,32.88,213,1
13.45,32.87,213,1
13.57,32.87,213,1
13.69,32.87,213,1
13.82,32.88,213,1
13.94,32.87,213,1
14.06,32.87,213,1
14.18,32.88,213,1
14.31,32.89,213,1
14.43,32.88,213,1
14.55,32.88,213,1
14.67,32.88,213,1
14.8,32.89,213,1
14.92,32.88,213,1
15.04,32.88,213,1
15.16,32.88,213,1
15.28,32.89,213,1
15.41,32.88,213,1
15.53,32.88,213,1
15.65,32.88,213,1
15.77,32.89,213,1
15.9,32.89,213,1
16.02,32.88,213,1
16.14,32.88,213,1
16.26,32.89,213,1
16.39,32.89,213,1
16.51,32.88,213,1
16.63,32.89,213,1
16.75,32.89,213,1
16.88,32.9,213,1
17.0,32.89,213,1
17.12,32.89,213,1
17.24,32.9,213,1
17.36,32.9,213,1
17.49,32.89,213,1
17.61,32.89,213,1
17.73,32.9,213,1
17.85,32.9,213,1
17.98,32.89,213,1
18.1,32.89,213,1
18.22,32.9,213,1
18.34,32.9,213,1
18.47,32.89,213,1
18.59,32.89,213,1
18.71,32.9,213,1
18.83,32.9,213,1
18.96,32.89,213,1
19.08,32.9,213,1
19.2,32.9,213,1
19.32,32.9,213,1
19.44,32.9,213,1
19.57,32.9,213,1
19.69,32.9,213,1
19.81,32.9,213,1
19.93,32.9,213,1
20.06,32.9,213,1
20.18,32.91,213,1
20.3,32.91,213,1
20.42,32.9,213,1
20.55,32.9,213,1
20.67,32.91,213,1
20.79,32.91,213,1
20.91,32.9,213,1
21.04,32.91,213,1
21.16,32.91,213,1
21.28,32.91,213,1
21.4,32.9,213,1
21.52,32.91,213,1
21.65,32.91,213,1
21.77,32.9,213,1
21.89,32.91,213,1
22.01,32.92,213,1
22.14,32.91,213,1
22.26,32.91,213,1
22.38,32.91,213,1
0.12,33.01,213,1
0.24,33.01,213,1
0.37,33.0,213,1
0.49,33.01,213,1
0.61,33.01,213,1
0.73,33.01,213,1
0.85,33.0,213,1
0.98,33.01,213,1
1.1,33.01,213,1
1.22,33.01,213,1
1.34,33.0,213,1
1.47,33.01,213,1
1.59,33.01,213,1
1.71,33.0,213,1
1.83,33.0,213,1
1.95,33.01,213,1
2.08,33.01,213,1
2.2,33.0,213,1
2.32,33.01,213,1
2.44,33.01,213,1
2.57,33.01,213,1
2.69,33.01,213,1
2.81,33.01,213,1
2.93,33.01,213,1
3.06,33.0,213,1
3.18,33.0,213,1
3.3,33.01,213,1
3.42,33.01,213,1
3.54,33.0,213,1
3.67,33.0,213,1
3.79,33.0,213,1
3.91,33.0,213,1
4.03,33.01,213,1
4.16,33.05,213,1
4.28,33.08,213,1
4.4,33.13,213,1
4.52,33.19,213,1
4.64,33.27,213,1
4.77,33.35,213,1
4.89,33.44,213,1
5.01,33.55,213,1
5.13,33.66,213,1
5.26,33.78,213,1
5.38,33.89,213,1
5.5,34.03,213,1
5.62,34.15,213,1
5.75,34.3,213,1
5.87,34.46,213,1
5.99,34.6,213,1
6.11,34.76,213,1
6.23,34.94,213,1
6.36,35.1,213,1
6.48,35.27,213,1
6.6,35.44,213,1
6.72,35.63,213,1
6.84,35.81,213,1
6.97,35.99,213,1
7.09,36.19,213,1
7.21,36.39,9,1
7.34,36.59,41,1
7.46,36.78,59,1
7.58,36.98,66,1
7.71,37.17,81,1
7.83,37.36,81,1
7.95,37.54,81,1
8.07,37.72,81,1
8.19,37.88,81,1
8.32,38.04,81,1
8.44,38.19,81,1
8.56,38.35,81,1
8.68,38.49,81,1
8.8,38.62,81,1
8.93,38.77,81,1
9.05,38.92,81,1
9.17,39.03,81,1
9.29,39.17,81,1
9.42,39.3,81,1
9.54,39.43,81,1
9.66,39.55,81,1
9.78,39.66,81,1
9.9,39.79,81,1
10.02,39.9,81,1
10.15,40.01,81,1
10.27,40.13,81,1
10.39,40.25,81,1
10.51,40.35,81,1
10.64,40.45,81,1
10.76,40.56,81,1
10.88,40.67,89,1
11.0,40.77,97,1
11.13,40.88,109,1
11.25,40.98,119,1
11.37,41.08,127,1
11.5,41.18,133,1
11.62,41.28,138,1
11.74,41.37,144,1
11.87,41.47,144,1
11.99,41.58,144,1
12.11,41.69,144,1
12.23,41.78,144,1
12.35,41.89,144,1
12.48,42.02,144,1
12.6,42.14,144,1
12.72,42.25,144,1
12.84,42.38,144,1
12.97,42.49,144,1
13.09,42.6,144,0
13.21,42.72,144,0
13.33,42.84,144,0
13.46,42.96,144,0
13.58,43.08,144,0
13.7,43.19,144,0
13.82,43.28,144,0
13.94,43.36,144,0
14.06,43.43,144,0
14.19,43.49,144,0
14.31,43.53,144,0
14.43,43.55,144,0
14.55,43.58,144,0
14.68,43.63,144,0
14.8,43.63,144,0
14.92,43.64,144,0
15.04,43.64,144,0
15.17,43.65,144,0
15.29,43.62,144,0
15.41,43.6,144,0
15.53,43.6,144,0
15.65,43.56,144,0
15.78,43.53,144,0
15.9,43.5,144,0
16.02,43.47,144,0
16.14,43.43,144,0
16.26,43.38,144,0
16.39,43.34,144,0
16.51,43.3,144,0
16.63,43.24,144,0
16.75,43.18,144,0
16.87,43.13,144,0
17.0,43.08,144,0
17.12,43.01,144,0
17.24,42.94,144,0
17.36,42.9,144,0
17.49,42.83,144,0
17.61,42.76,144,0
17.73,42.69,144,0
17.85,42.62,144,0
17.97,42.55,144,0
18.1,42.48,144,0
18.22,42.4,144,0
18.34,42.33,144,0
18.46,42.24,144,0
18.59,42.16,144,0
18.71,42.09,144,0
18.83,42.01,144,0
18.95,41.92,144,0
19.07,41.85,144,0
19.2,41.77,144,0
19.32,41.69,144,0
19.44,41.6,144,0
19.56,41.53,144,0
19.69,41.43,144,0
19.81,41.34,148,0
19.93,41.27,149,0
20.05,41.19,155,0
20.18,41.1,178,0
20.3,41.01,190,0
20.42,40.94,196,0
20.55,40.84,196,0
20.67,40.74,196,0
20.79,40.66,196,0
20.91,40.57,196,0
21.03,40.47,196,0
21.16,40.39,196,0
21.28,40.29,196,0
21.4,40.18,196,0
21.52,40.09,196,0
21.65,40.01,196,0
21.77,39.89,196,0
21.89,39.78,196,0
22.01,39.69,196,0
22.13,39.61,196,0
22.26,39.49,196,0
22.38,39.39,196,0
22.5,39.3,196,0
22.62,39.2,196,0
22.75,39.08,196,0
22.87,38.99,196,0
22.99,38.89,196,0
23.11,38.78,196,0
23.23,38.68,196,0
23.36,38.59,196,0
23.48,38.48,196,0
23.6,38.37,196,0
23.72,38.27,196,0
23.84,38.17,196,0
23.97,38.06,196,0
24.09,37.97,196,0
24.21,37.87,196,0
24.33,37.75,196,0
24.46,37.65,196,0
24.58,37.56,196,0
24.7,37.45,196,0
24.82,37.34,196,0
24.94,37.25,196,0
25.07,37.15,196,0
25.19,37.04,196,0
25.31,36.94,196,0
25.43,36.85,196,0
25.56,36.74,196,0
25.68,36.64,196,0
25.8,36.54,196,0
25.92,36.44,196,0
26.04,36.33,196,0
26.17,36.25,196,0
26.29,36.13,196,0
26.41,36.03,196,0
26.53,35.92,196,0
26.66,35.85,196,0
26.78,35.74,196,0
26.9,35.64,196,0
27.02,35.54,196,0
27.14,35.45,196,0
27.27,35.36,196,0
27.39,35.26,196,0
27.51,35.17,196,0
27.63,35.07,196,0
27.76,34.96,196,0
27.88,34.87,196,0
28.0,34.78,196,0
28.12,34.68,196,0
28.24,34.59,196,0
28.37,34.51,196,0
28.49,34.4,196,0
28.61,34.31,196,0
28.73,34.22,196,0
28.86,34.13,196,0
28.98,34.02,196,0
29.1,33.94,196,0
29.22,33.86,196,0
29.34,33.76,196,0
29.47,33.67,196,0
29.59,33.58,196,0
29.71,33.5,196,0
29.83,33.4,196,0
29.96,33.32,196,0
30.08,33.24,196,0
30.2,33.13,196,0
30.32,33.05,196,0
30.44,32.97,196,0
30.57,32.88,196,0
30.69,32.79,196,0
30.81,32.71,196,0
30.93,32.63,196,0
31.05,32.54,196,0
31.18,32.45,196,0
31.3,32.37,196,0
31.42,32.3,196,0
31.54,32.2,196,0
31.67,32.11,196,0
31.79,32.04,196,0
31.91,31.95,196,0
32.03,31.86,196,0
32.15,31.8,196,0
32.28,31.71,196,0
32.4,31.61,196,0
32.52,31.54,196,0
32.64,31.46,196,0
32.77,31.38,196,0
32.89,31.3,196,0
33.01,31.23,196,0
33.13,31.14,196,0
33.26,31.06,196,0
33.38,30.98,196,0
33.5,30.91,196,0
33.62,30.83,196,0
33.74,30.75,196,0
33.87,30.68,196,0
33.99,30.59,196,0
34.11,30.51,196,0
34.23,30.44,196,0
34.36,30.36,196,0
34.48,30.27,196,0
34.6,30.21,196,0
34.72,30.13,196,0
34.84,30.05,196,0
34.97,29.99,196,0
35.09,29.91,196,0
35.21,29.83,196,0
35.33,29.76,196,0
35.45,29.69,196,0
35.58,29.61,196,0
35.7,29.54,196,0
35.82,29.47,196,0
35.94,29.39,196,0
36.06,29.31,196,0
36.19,29.25,196,0
36.31,29.17,196,0
36.43,29.1,196,0
36.55,29.03,196,0
36.68,28.96,196,0
36.8,28.89,196,0
36.92,28.82,196,0
37.04,28.76,196,0
37.17,28.67,196,0
37.29,28.61,196,0
37.41,28.55,196,0
37.53,28.48,196,0
37.65,28.41,196,0
37.78,28.34,196,0
37.9,28.28,196,0
38.02,28.2,196,0
38.14,28.14,196,0
38.26,28.09,196,0
38.39,28.01,196,0
38.51,27.94,196,0
38.63,27.88,196,0
38.75,27.82,196,0
38.88,27.74,196,0
39.0,27.68,196,0
39.12,27.63,196,0
39.24,27.54,196,0
39.36,27.47,196,0
39.49,27.43,196,0
39.61,27.37,196,0
39.73,27.3,196,0
39.85,27.22,196,0
39.97,27.18,196,0
40.1,27.1,196,0
40.22,27.04,196,0
40.34,26.98,196,0
40.46,26.92,196,0
40.59,26.86,196,0
40.71,26.79,196,0
40.83,26.74,196,0
40.95,26.66,196,0
41.08,26.6,196,0
41.2,26.55,196,0
41.32,26.49,196,0
41.44,26.42,196,0
41.56,26.36,196,0
41.69,26.31,196,0
41.81,26.24,196,0
41.93,26.19,196,0
42.05,26.14,196,0
42.18,26.06,196,0
42.3,26.0,196,0
42.42,25.96,196,0
42.54,25.89,196,0
42.66,25.82,196,0
42.79,25.78,196,0
42.91,25.71,196,0
43.03,25.65,196,0
43.15,25.59,196,0
43.28,25.54,196,0
43.4,25.47,196,0
43.52,25.41,196,0
43.64,25.37,196,0
43.76,25.29,196,0
43.89,25.23,196,0
44.01,25.19,196,0
44.13,25.12,196,0
44.25,25.07,196,0
44.38,25.01,196,0
44.5,24.95,196,0
44.62,24.9,196,0
44.74,24.85,196,0
44.86,24.79,196,0
44.99,24.72,196,0
45.11,24.67,196,0
45.23,24.62,196,0
45.35,24.55,196,0
45.47,24.49,196,0
45.6,24.45,196,0
45.72,24.38,196,0
45.84,24.33,196,0
45.96,24.28,196,0
46.09,24.22,196,0
46.21,24.16,196,0
46.33,24.11,196,0
46.45,24.06,196,0
46.57,23.99,196,0
46.7,23.94,196,0
46.82,23.9,196,0
46.94,23.83,196,0
47.06,23.78,196,0
47.18,23.73,196,0
47.31,23.67,196,0
47.43,23.62,196,0
47.55,23.58,196,0
47.67,23.52,196,0
47.8,23.46,196,0
47.92,23.41,196,0
48.04,23.36,196,0
48.16,23.3,196,0
48.28,23.24,196,0
48.41,23.21,196,0
48.53,23.14,196,0
48.65,23.09,196,0
48.77,23.04,196,0
48.9,22.98,196,0
49.02,22.93,196,0
49.14,22.88,196,0
49.26,22.83,196,0
49.38,22.77,196,0
49.51,22.72,196,0
49.63,22.67,196,0
49.75,22.62,196,0
49.87,22.57,196,0
50.0,22.53,196,0
50.12,22.47,196,0
50.24,22.41,196,0
50.36,22.37,196,0
50.48,22.32,196,0
50.61,22.26,196,0
50.73,22.2,196,0
50.85,22.15,196,0
50.97,22.09,196,0
51.1,22.05,196,0
51.22,22.01,196,0
51.34,21.95,196,0
51.46,21.89,196,0
51.58,21.86,196,0
51.71,21.8,196,0
51.83,21.75,196,0
51.95,21.7,196,0
52.07,21.65,196,0
52.2,21.6,196,0
52.32,21.54,196,1
52.44,21.5,196,1
52.56,21.45,196,1
52.68,21.4,196,1
52.81,21.39,196,1
52.93,21.36,196,1
53.05,21.36,196,1
53.17,21.38,196,1
53.29,21.43,196,1
53.42,21.48,196,1
53.54,21.53,196,1
53.66,21.61,196,1
53.78,21.72,196,1
53.9,21.82,196,1
54.03,21.94,196,1
54.15,22.07,196,1
54.27,22.2,196,1
54.39,22.34,196,1
54.52,22.5,196,1
54.64,22.65,196,1
54.76,22.8,196,1
54.88,22.97,196,1
55.01,23.14,196,1
55.13,23.32,196,1
55.25,23.51,196,1
55.37,23.7,196,1
55.49,23.88,196,1
55.62,24.07,196,1
55.74,24.27,196,1
55.86,24.47,196,1
55.98,24.67,196,1
56.1,24.89,196,1
56.23,25.08,196,1
56.35,25.29,196,1
56.47,25.53,196,1
56.59,25.76,196,1
56.72,25.96,196,1
56.84,26.19,196,1
56.96,26.41,196,1
57.08,26.63,196,1
57.2,26.87,196,1
57.33,27.09,196,1
57.45,27.32,196,1
57.57,27.54,196,1
57.69,27.78,196,1
57.81,28.0,196,1
57.94,28.24,196,1
58.06,28.48,196,1
58.18,28.7,196,1
58.3,28.93,196,1
58.43,29.18,196,1
58.55,29.4,196,1
58.67,29.64,196,1
58.79,29.87,196,1
58.91,30.09,196,1
59.04,30.33,196,1
59.16,30.57,196,1
59.28,30.81,196,1
59.4,31.02,196,1
59.53,31.27,196,1
59.65,31.5,196,1
59.77,31.71,196,1
59.89,31.95,196,1
60.01,32.19,196,1
60.14,32.41,196,1
60.26,32.63,196,1
60.38,32.86,196,1
60.5,33.09,196,1
60.63,33.31,196,1
60.75,33.54,196,1
60.87,33.77,196,1
60.99,33.98,196,1
61.11,34.22,196,1
61.24,34.45,196,1
61.36,34.68,196,1
61.48,34.91,196,0
61.6,35.15,196,0
61.72,35.37,196,0
61.85,35.59,196,0
61.97,35.81,196,0
62.09,36.01,196,0
62.21,36.18,196,0
62.34,36.35,196,0
62.46,36.5,196,0
62.58,36.63,196,0
62.7,36.75,196,0
62.83,36.85,196,0
62.95,36.95,196,0
63.07,37.02,196,0
63.19,37.1,196,0
63.31,37.15,196,0
63.44,37.2,196,0
63.56,37.24,196,0
63.68,37.28,196,0
63.8,37.31,196,0
63.93,37.32,196,0
64.05,37.34,196,0
64.17,37.35,196,0
64.29,37.35,196,0
64.41,37.33,196,0
64.54,37.33,196,0
64.66,37.3,196,0
64.78,37.28,196,0
64.9,37.27,196,0
65.02,37.22,196,0
65.15,37.19,196,0
65.27,37.17,196,0
65.39,37.12,196,0
65.51,37.07,196,0
65.64,37.03,196,0
65.76,36.98,196,0
65.88,36.92,196,0
66.0,36.86,196,0
66.12,36.81,196,0
66.25,36.74,196,0
66.37,36.69,196,0
66.49,36.62,196,0
66.61,36.54,196,0
66.74,36.48,196,0
66.86,36.41,196,0
66.98,36.33,196,0
67.1,36.26,196,0
67.22,36.19,196,0
67.35,36.1,196,0
67.47,36.02,196,0
67.59,35.95,196,0
67.71,35.87,196,0
67.84,35.78,196,0
67.96,35.69,196,0
68.08,35.6,196,0
68.2,35.51,196,0
68.32,35.44,196,0
68.45,35.36,196,0
68.57,35.26,196,0
68.69,35.18,196,0
68.81,35.09,196,0
68.94,34.99,196,0
69.06,34.89,196,0
69.18,34.81,196,0
69.3,34.73,196,0
69.43,34.62,196,0
69.55,34.53,196,0
69.67,34.44,196,0
69.79,34.35,196,0
69.91,34.25,196,0
70.04,34.16,196,0
70.16,34.07,196,0
70.28,33.97,196,0
70.4,33.88,196,0
70.52,33.8,196,0
70.65,33.7,196,0
70.77,33.6,196,0
70.89,33.52,196,0
71.01,33.41,196,0
71.14,33.32,196,0
71.26,33.24,196,0
71.38,33.14,196,0
71.5,33.03,196,0
71.62,32.94,196,0
71.75,32.85,196,0
71.87,32.76,196,0
71.99,32.66,196,0
72.11,32.58,196,0
72.24,32.49,196,0
72.36,32.39,196,0
72.48,32.3,196,0
72.6,32.21,196,0
72.72,32.12,196,0
72.85,32.01,196,0
72.97,31.94,196,0
73.09,31.85,196,0
73.21,31.75,196,0
73.33,31.66,196,0
73.46,31.58,196,0
73.58,31.48,196,0
73.7,31.39,196,0
73.82,31.3,196,0
73.95,31.22,196,0
74.07,31.13,196,0
74.19,31.04,196,0
74.31,30.96,196,0
74.43,30.87,196,0
74.56,30.77,196,0
74.68,30.69,196,0
74.8,30.6,196,0
74.92,30.52,196,0
75.04,30.42,196,0
75.17,30.35,196,0
75.29,30.26,196,0
75.41,30.17,196,0
75.54,30.09,196,0
75.66,30.01,196,0
75.78,29.91,196,0
75.9,29.83,196,0
76.02,29.77,196,0
76.14,29.68,196,0
76.27,29.59,196,0
76.39,29.51,196,0
76.51,29.43,196,0
76.63,29.33,196,0
76.76,29.26,196,0
76.88,29.2,196,0
77.0,29.1,196,0
77.12,29.02,196,0
77.25,28.96,196,0
77.37,28.87,196,0
77.49,28.78,196,0
77.61,28.72,196,0
77.73,28.64,196,0
77.86,28.56,196,0
77.98,28.48,196,0
78.1,28.42,196,0
78.22,28.33,196,0
78.34,28.26,196,0
78.47,28.19,196,0
78.59,28.11,196,0
78.71,28.04,196,0
78.83,27.97,196,0
78.96,27.9,196,0
79.08,27.82,196,0
79.2,27.75,196,0
79.32,27.69,196,0
79.44,27.61,196,0
79.57,27.54,196,0
79.69,27.47,196,0
79.81,27.4,196,0
79.93,27.33,196,0
80.06,27.27,196,0
80.18,27.19,196,0
80.3,27.12,196,0
80.42,27.06,196,0
80.54,26.99,196,0
80.67,26.92,196,0
80.79,26.86,196,0
80.91,26.79,196,0
81.03,26.72,196,0
81.16,26.65,196,0
81.28,26.59,196,0
81.4,26.52,196,0
81.52,26.45,196,0
81.64,26.4,196,0
81.77,26.32,196,0
81.89,26.25,196,0
82.01,26.2,196,0
82.13,26.13,196,0
82.25,26.07,196,0
82.38,26.02,196,0
82.5,25.95,196,0
82.62,25.88,196,0
82.74,25.81,196,0
82.87,25.75,196,0
82.99,25.69,196,0
83.11,25.62,196,0
83.23,25.57,196,0
83.36,25.49,196,0
83.48,25.45,196,0
83.6,25.37,196,0
83.72,25.33,196,0
83.84,25.24,196,0
83.97,25.2,196,0
84.09,25.14,196,0
84.21,25.05,196,0
84.33,25.02,196,0
84.45,24.95,196,0
84.58,24.88,196,0
84.7,24.83,196,0
84.82,24.78,196,0
84.94,24.72,196,0
85.07,24.64,196,0
85.19,24.58,196,0
85.31,24.53,196,0
85.43,24.46,196,0
85.55,24.41,196,0
85.68,24.35,196,0
85.8,24.29,196,0
85.92,24.24,196,0
86.04,24.18,196,0
86.17,24.12,196,0
86.29,24.06,196,0
86.41,24.01,196,0
86.53,23.95,196,0
86.65,23.88,196,0
86.78,23.84,196,0
86.9,23.77,196,0
87.02,23.72,196,0
87.14,23.68,196,0
87.27,23.62,196,0
87.39,23.55,196,0
87.51,23.5,196,0
87.63,23.45,196,0
87.75,23.39,196,0
87.88,23.33,196,0
88.0,23.28,196,0
88.12,23.23,196,0
88.24,23.16,196,0
88.37,23.11,196,0
88.49,23.06,196,0
88.61,23.01,196,0
88.73,22.94,196,0
88.85,22.9,196,0
88.98,22.85,196,0
89.1,22.78,196,0
89.22,22.74,196,0
89.34,22.69,196,0
89.46,22.62,196,0
89.59,22.57,196,0
89.71,22.53,196,0
89.83,22.47,196,0
89.95,22.42,196,0
90.08,22.37,196,0
90.2,22.31,196,0
90.32,22.25,196,0
90.44,22.2,196,0
90.56,22.16,196,0
90.69,22.1,196,0
90.81,22.03,196,0
90.93,22.0,196,0
91.05,21.94,196,0
91.18,21.89,196,0
91.3,21.84,196,0
91.42,21.79,196,0
91.54,21.73,196,0
91.66,21.68,196,0
91.79,21.64,196,0
91.91,21.58,196,0
92.03,21.52,196,0
92.15,21.47,196,0
92.27,21.42,196,0
92.4,21.38,196,0
92.52,21.32,196,0
92.64,21.29,196,0
92.76,21.22,196,0
92.89,21.17,196,0
93.01,21.12,196,0
93.13,21.08,196,0
93.25,21.02,196,0
93.37,20.97,196,0
93.5,20.93,196,0
93.62,20.87,196,0
93.74,20.83,196,0
93.86,20.78,196,0
93.98,20.73,196,0
94.11,20.69,196,0
94.23,20.63,196,0
94.35,20.59,196,0
94.47,20.53,196,0
94.6,20.48,196,0
94.72,20.43,196,0
94.84,20.38,196,0
94.96,20.33,196,0
95.08,20.29,196,0
95.21,20.25,196,0
95.33,20.19,196,0
95.45,20.14,196,0
95.57,20.11,196,0
95.7,20.06,196,0
95.82,20.01,196,0
95.94,19.96,196,0
96.06,19.93,196,0
96.18,19.87,196,0
96.31,19.82,196,0
96.43,19.79,196,0
96.55,19.73,196,0
96.67,19.69,196,0
96.79,19.65,196,0
96.92,19.61,196,0
97.04,19.56,196,0
97.16,19.49,196,0
97.28,19.46,196,0
97.41,19.4,196,0
97.53,19.36,196,0
97.65,19.33,196,0
97.77,19.28,196,0
97.89,19.22,196,0
98.02,19.19,196,0
98.14,19.15,196,0
98.26,19.1,196,0
98.38,19.05,196,0
98.51,19.03,196,0
98.63,18.96,196,0
98.75,18.92,196,0
98.87,18.89,196,0
99.0,18.84,196,0
99.12,18.79,196,0
99.24,18.76,196,0
99.36,18.72,196,0
99.48,18.66,196,0
99.61,18.62,196,0
99.73,18.58,196,0
99.85,18.54,196,0
99.97,18.49,196,0
100.09,18.46,196,0
100.22,18.41,196,0
100.34,18.36,196,0
100.46,18.33,196,0
100.58,18.3,196,0
100.7,18.24,196,0
100.83,18.2,196,0
100.95,18.17,196,0
101.07,18.11,196,0
101.19,18.07,196,0
101.32,18.04,196,0
101.44,17.99,196,0
101.56,17.96,196,0
101.68,17.92,196,0
101.8,17.87,196,0
101.93,17.84,196,0
102.05,17.78,196,0
102.17,17.75,196,0
102.29,17.71,196,0
102.42,17.67,196,0
102.54,17.63,196,0
102.66,17.59,196,0
102.78,17.55,196,0
102.9,17.5,196,0
103.03,17.47,196,0
103.15,17.43,196,0
103.27,17.39,196,0
103.39,17.35,196,0
103.52,17.31,196,0
103.64,17.27,196,0
103.76,17.24,196,0
103.88,17.2,196,0
104.0,17.15,196,0
104.13,17.11,196,0
104.25,17.08,196,0
104.37,17.04,196,0
104.49,16.99,196,0
104.61,16.96,196,0
104.74,16.93,196,0
104.86,16.87,196,0
104.98,16.85,196,0
105.11,16.81,196,0
105.23,16.76,196,0
105.35,16.72,196,0
105.47,16.69,196,0
105.59,16.66,196,0
105.72,16.61,196,0
105.84,16.57,196,0
105.96,16.55,196,0
106.08,16.5,196,0
106.2,16.48,196,0
106.33,16.43,196,0
106.45,16.39,196,0
106.57,16.36,196,0
106.69,16.33,196,0
106.82,16.29,196,0
106.94,16.25,196,0
107.06,16.22,196,0
107.18,16.19,196,0
107.3,16.14,196,0
107.43,16.08,196,0
107.55,16.06,196,0
107.67,16.02,196,0
107.79,15.98,196,0
107.92,15.97,196,0
108.04,15.93,196,0
108.16,15.88,196,0
108.28,15.85,196,0
108.4,15.82,196,0
108.53,15.79,196,0
108.65,15.74,196,0
108.77,15.71,196,0
108.89,15.69,196,0
109.02,15.64,196,0
109.14,15.61,196,0
109.26,15.57,196,0
109.38,15.55,196,0
109.5,15.5,196,0
109.63,15.47,196,0
109.75,15.45,196,0
109.87,15.4,196,0
109.99,15.37,196,0
110.11,15.33,196,0
110.24,15.31,196,0
110.36,15.27,196,0
110.48,15.22,196,0
110.61,15.2,196,0
110.73,15.16,196,0
110.85,15.13,196,0
110.97,15.1,196,0
111.09,15.07,196,0
111.21,15.04,196,0
111.34,14.99,196,0
111.46,14.96,196,0
111.58,14.93,196,0
111.7,14.9,196,0
111.83,14.87,196,0
111.95,14.83,196,0
112.07,14.8,196,0
112.19,14.76,196,0
112.32,14.73,196,0
112.44,14.71,196,0
112.56,14.68,196,0
112.68,14.63,196,0
112.8,14.6,196,0
112.93,14.57,196,0
113.05,14.54,196,0
113.17,14.5,196,0
113.29,14.48,196,0
113.42,14.43,196,0
113.54,14.4,196,0
113.66,14.36,196,0
113.78,14.34,196,0
113.9,14.32,196,0
114.03,14.27,196,0
114.15,14.25,196,0
114.27,14.23,196,0
114.39,14.18,196,0
114.51,14.17,196,0
114.64,14.13,196,0
114.76,14.11,196,0
114.88,14.06,196,0
115.0,14.04,196,0
115.13,14.01,196,0
115.25,13.97,196,0
115.37,13.95,196,0
115.49,13.92,196,0
115.61,13.88,196,0
115.74,13.85,196,0
115.86,13.82,196,0
115.98,13.8,196,0
116.11,13.75,196,0
116.23,13.73,196,0
116.35,13.7,196,0
116.47,13.67,196,0
116.59,13.64,196,0
116.71,13.6,196,0
116.84,13.58,196,0
116.96,13.54,196,0
117.08,13.5,196,0
117.2,13.48,196,0
117.33,13.47,196,0
117.45,13.42,196,0
117.57,13.38,196,0
117.69,13.36,196,0
117.82,13.34,196,0
117.94,13.3,196,0
118.06,13.27,196,0
118.18,13.24,196,0
118.3,13.22,196,0
118.43,13.18,196,0
118.55,13.16,196,0
118.67,13.13,196,0
118.79,13.11,196,0
118.92,13.07,196,0
119.04,13.05,196,0
119.16,13.01,196,0
119.28,12.99,196,0
119.4,12.95,196,0
119.53,12.94,196,0
119.65,12.9,196,0
119.77,12.86,196,0
119.89,12.83,196,0
120.01,12.82,196,0
120.14,12.79,196,0
120.26,12.76,196,0
120.38,12.73,196,0
120.5,12.7,196,0
120.63,12.67,196,0
120.75,12.65,196,0
120.87,12.62,196,0
120.99,12.6,196,0
121.12,12.55,196,0
121.24,12.53,196,0
121.36,12.51,196,0
121.48,12.47,196,0
121.61,12.45,196,0
121.73,12.42,196,0
121.85,12.39,196,0
121.97,12.35,196,0
122.09,12.33,196,0
122.22,12.31,196,0
122.34,12.27,196,0
122.46,12.24,196,0
122.58,12.21,196,0
122.7,12.2,196,0
122.83,12.16,196,0
122.95,12.13,196,0
123.07,12.1,196,0
123.19,12.09,196,0
123.32,12.05,196,0
123.44,12.02,196,0
123.56,12.0,196,0
123.68,11.97,196,0
123.8,11.93,196,0
123.93,11.92,196,0
124.05,11.89,196,0
124.17,11.86,196,0
124.29,11.83,196,0
124.42,11.81,196,0
124.54,11.79,196,0
124.66,11.75,196,0
124.78,11.73,196,0
124.91,11.71,196,0
125.03,11.67,196,0
125.15,11.64,196,0
125.27,11.63,196,0
125.39,11.6,196,0
125.52,11.56,196,0
125.64,11.54,196,0
125.76,11.53,196,0
125.88,11.49,196,0
126.01,11.46,196,0
126.13,11.46,196,0
126.25,11.42,196,0
126.37,11.38,196,0
126.5,11.36,196,0
126.62,11.35,196,0
126.74,11.31,196,0
126.86,11.29,196,0
126.98,11.27,196,0
127.11,11.24,196,0
127.23,11.21,196,0
127.35,11.19,196,0
127.47,11.16,196,0
127.59,11.14,196,0
127.72,11.1,196,0
127.84,11.09,196,0
127.96,11.06,196,0
128.08,11.04,196,0
128.21,11.01,196,0
128.33,10.99,196,0
128.45,10.96,196,0
128.57,10.92,196,0
128.7,10.91,196,0
128.82,10.87,196,0
128.94,10.85,196,0
129.06,10.84,196,0
129.18,10.81,196,0
129.31,10.79,196,0
129.43,10.76,196,0
129.55,10.75,196,0
129.67,10.72,196,0
129.8,10.69,196,0
129.92,10.68,196,0
130.04,10.64,196,0
130.16,10.62,196,0
130.28,10.59,196,0
130.41,10.58,196,0
130.53,10.55,196,0
130.65,10.52,196,0
130.77,10.51,196,0
130.9,10.48,196,0
131.02,10.45,196,0
131.14,10.44,196,0
131.26,10.43,196,0
131.38,10.39,196,0
131.51,10.38,196,0
131.63,10.35,196,0
131.75,10.32,196,0
131.87,10.3,196,0
132.0,10.29,196,0
132.12,10.26,196,0
132.24,10.23,196,0
132.36,10.21,196,0
132.49,10.2,196,0
132.61,10.16,196,0
132.73,10.14,196,0
132.85,10.14,196,0
132.97,10.1,196,0
133.1,10.07,196,0
133.22,10.05,196,0
133.34,10.04,196,0
133.46,10.01,196,0
133.58,9.99,196,0
133.71,9.97,196,0
133.83,9.95,196,0
133.95,9.92,196,0
134.07,9.89,196,0
134.2,9.88,196,0
134.32,9.86,196,0
134.44,9.83,196,0
134.56,9.81,196,0
134.68,9.8,196,0
134.81,9.78,196,0
134.93,9.74,196,0
135.05,9.72,196,0
135.17,9.71,196,0
135.3,9.69,196,0
135.42,9.66,196,0
135.54,9.65,196,0
135.66,9.64,196,0
135.78,9.6,196,0
135.91,9.58,196,0
136.03,9.56,196,0
136.15,9.54,196,0
136.27,9.51,196,0
136.4,9.49,196,0
136.52,9.49,196,0
136.64,9.46,196,0
136.76,9.43,196,0
136.88,9.43,196,0
137.01,9.4,196,0
137.13,9.39,196,0
137.25,9.36,196,0
137.37,9.35,196,0
137.5,9.32,196,0
137.62,9.3,196,0
137.74,9.29,196,0
137.86,9.27,196,0
137.98,9.24,196,0
138.11,9.22,196,0
138.23,9.21,196,0
138.35,9.19,196,0
138.47,9.16,196,0
138.6,9.15,196,0
138.72,9.13,196,0
138.84,9.11,196,0
138.96,9.1,196,0
139.08,9.07,196,0
139.21,9.06,196,0
139.33,9.04,196,0
139.45,9.02,196,0
139.57,9.0,196,0
139.7,9.0,196,0
139.82,8.98,196,0
139.94,8.95,196,0
140.06,8.93,196,0
140.18,8.91,196,0
140.31,8.9,196,0
140.43,8.87,196,0
140.55,8.86,196,0
140.67,8.84,196,0
140.79,8.82,196,0
140.92,8.79,196,0
141.04,8.79,196,0
141.16,8.77,196,0
141.28,8.75,196,0
141.41,8.72,196,0
141.53,8.7,196,0
141.65,8.7,196,0
141.77,8.68,196,0
141.89,8.66,196,0
142.02,8.64,196,0
142.14,8.63,196,0
142.26,8.61,196,0
142.38,8.59,196,0
142.51,8.56,196,0
142.63,8.55,196,0
142.75,8.54,196,0
142.87,8.52,196,0
142.99,8.49,196,0
143.12,8.48,196,0
143.24,8.47,196,0
143.36,8.44,196,0
143.48,8.43,196,0
143.61,8.42,196,0
143.73,8.39,196,0
143.85,8.37,196,0
143.97,8.36,196,0
144.09,8.35,196,0
144.22,8.33,196,0
144.34,8.31,196,0
144.46,8.29,196,0
144.58,8.28,196,0
144.71,8.26,196,0
144.83,8.24,196,0
144.95,8.23,196,0
145.07,8.23,196,0
145.19,8.2,196,0
145.32,8.18,196,0
145.44,8.17,196,0
145.56,8.15,196,0
145.68,8.12,196,0
145.8,8.11,196,0
145.93,8.1,196,0
146.05,8.09,196,0
146.17,8.06,196,0
146.29,8.05,196,0
146.42,8.04,196,0
146.54,8.03,196,0
146.66,8.0,196,0
146.78,7.98,196,0
146.91,7.97,196,0
147.03,7.95,196,0
147.15,7.93,196,0
147.27,7.92,196,0
147.39,7.91,196,0
147.52,7.9,196,0
147.64,7.86,196,0
147.76,7.86,196,0
147.88,7.85,196,0
148.0,7.83,196,0
148.13,7.82,196,0
148.25,7.8,196,0
148.37,7.78,196,0
148.49,7.76,196,0
148.62,7.74,196,0
148.74,7.74,196,0
148.86,7.72,196,0
148.98,7.7,196,0
149.1,7.69,196,0
149.23,7.68,196,0
149.35,7.66,196,0
149.47,7.64,196,0
149.59,7.64,196,0
149.72,7.62,196,0
149.84,7.6,196,0
149.96,7.59,196,0
150.08,7.58,196,0
150.2,7.56,196,0
150.33,7.54,196,0
150.45,7.53,196,0
150.57,7.52,196,0
150.69,7.5,196,0
150.82,7.48,196,0
150.94,7.48,196,0
151.06,7.46,196,0
151.18,7.44,196,0
151.3,7.42,196,0
151.43,7.41,196,0
151.55,7.4,196,0
151.67,7.39,196,0
151.79,7.37,196,0
151.91,7.36,196,0
152.04,7.34,196,0
152.16,7.33,196,0
152.28,7.32,196,0
152.4,7.31,196,0
152.53,7.29,196,0
152.65,7.27,196,0
152.77,7.27,196,0
152.89,7.25,196,0
153.02,7.24,196,0
153.14,7.22,196,0
153.26,7.21,196,0
153.38,7.2,196,0
153.5,7.18,196,0
153.63,7.16,196,0
153.75,7.16,196,0
153.87,7.14,196,0
153.99,7.12,196,0
154.12,7.11,196,0
154.24,7.11,196,0
154.36,7.09,196,0
154.48,7.07,196,0
154.6,7.06,196,0
154.73,7.05,196,0
154.85,7.03,196,0
154.97,7.02,196,0
155.09,7.02,196,0
155.21,7.0,196,0
155.34,6.98,196,0
155.46,6.97,196,0
155.58,6.96,196,0
155.7,6.95,196,0
155.83,6.93,196,0
155.95,6.92,196,0
156.07,6.91,196,0
156.19,6.9,196,0
156.31,6.88,196,0
156.44,6.87,196,0
156.56,6.84,196,0
156.68,6.83,196,0
156.8,6.83,196,0
156.92,6.81,196,0
157.05,6.79,196,0
157.17,6.79,196,0
157.29,6.78,196,0
157.41,6.75,196,0
157.54,6.75,196,0
157.66,6.73,196,0
157.78,6.7,196,0
157.9,6.7,196,0
158.02,6.69,196,0
158.15,6.68,196,0
158.27,6.67,196,0
158.39,6.64,196,0
158.51,6.64,196,0
158.64,6.63,196,0
158.76,6.6,196,0
158.88,6.61,196,0
159.0,6.6,196,0
159.12,6.57,196,0
159.25,6.57,196,0
159.37,6.55,196,0
159.49,6.53,196,0
159.61,6.52,196,0
159.74,6.52,196,0
159.86,6.5,196,0
159.98,6.48,196,0
160.1,6.48,196,0
160.22,6.46,196,0
160.35,6.44,196,0
160.47,6.44,196,0
160.59,6.42,196,0
160.71,6.42,196,0
160.84,6.4,196,0
160.96,6.39,196,0
161.08,6.38,196,0
161.2,6.36,196,0
161.32,6.36,196,0
161.45,6.35,196,0
161.57,6.33,196,0
161.69,6.32,196,0
161.81,6.31,196,0
161.94,6.3,196,0
162.06,6.27,196,0
162.18,6.26,196,0
162.3,6.26,196,0
162.42,6.25,196,0
162.55,6.23,196,0
162.67,6.22,196,0
162.79,6.22,196,0
162.91,6.2,196,0
163.04,6.19,196,0
163.16,6.17,196,0
163.28,6.18,196,0
163.4,6.16,196,0
163.52,6.14,196,0
163.65,6.14,196,0
163.77,6.13,196,0
163.89,6.11,196,0
164.01,6.1,196,0
164.13,6.1,196,0
164.26,6.09,196,0
164.38,6.07,196,0
164.5,6.05,196,0
164.62,6.05,196,0
164.75,6.03,196,0
164.87,6.02,196,0
164.99,6.01,196,0
165.11,6.0,196,0
165.23,5.97,196,0
165.36,5.97,196,0
165.48,5.98,196,0
165.6,5.96,196,0
165.72,5.93,196,0
165.84,5.93,196,0
165.97,5.93,196,0
166.09,5.91,196,0
166.21,5.88,196,0
166.33,5.88,196,0
166.46,5.87,196,0
166.58,5.85,196,0
166.7,5.84,196,0
166.82,5.85,196,0
166.94,5.83,196,0
167.07,5.82,196,0
167.19,5.81,196,0
167.31,5.8,196,0
167.43,5.79,196,0
167.56,5.76,196,0
167.68,5.76,196,0
167.8,5.74,196,0
167.92,5.73,196,0
168.04,5.72,196,0
168.17,5.72,196,0
168.29,5.7,196,0
168.41,5.68,196,0
168.53,5.68,196,0
168.66,5.68,196,0
168.78,5.65,196,0
168.9,5.63,196,0
169.02,5.63,196,0
169.14,5.62,196,0
169.27,5.6,196,0
169.39,5.6,196,0
169.51,5.6,196,0
169.63,5.58,196,0
169.76,5.56,196,0
169.88,5.55,196,0
170.0,5.54,196,0
170.12,5.52,196,0
170.24,5.52,196,0
170.37,5.5,196,0
170.49,5.5,196,0
170.61,5.48,196,0
170.73,5.47,196,0
170.86,5.46,196,0
170.98,5.46,196,0
171.1,5.43,196,0
171.22,5.43,196,0
171.34,5.43,196,0
171.47,5.41,196,0
171.59,5.41,196,0
171.71,5.38,196,0
171.83,5.38,196,0
171.96,5.37,196,0
172.08,5.35,196,0
172.2,5.35,196,0
172.32,5.34,196,0
172.44,5.32,196,0
172.57,5.32,196,0
172.69,5.31,196,0
172.81,5.31,196,0
172.93,5.29,196,0
173.05,5.28,196,0
173.18,5.27,196,0
173.3,5.26,196,0
173.42,5.25,196,0
173.54,5.25,196,0
173.67,5.26,196,0
173.79,5.23,196,0
173.91,5.22,196,0
174.03,5.22,196,0
174.15,5.22,196,0
174.28,5.2,196,0
174.4,5.19,196,0
174.52,5.19,196,0
174.64,5.18,196,0
174.77,5.17,196,0
174.89,5.16,196,0
175.01,5.18,196,0
175.13,5.14,196,0
175.25,5.14,196,0
175.38,5.14,196,0
175.5,5.13,196,0
175.62,5.13,196,0
175.74,5.11,196,0
175.87,5.11,196,0
175.99,5.09,196,0
176.11,5.09,196,0
176.23,5.08,196,0
176.35,5.08,196,0
176.48,5.06,196,0
176.6,5.05,196,0
176.72,5.06,196,0
176.84,5.05,196,0
176.97,5.03,196,0
177.09,5.03,196,0
177.21,5.03,196,0
177.33,5.01,196,0
177.45,5.0,196,0
177.58,5.0,196,0
177.7,4.99,196,0
177.82,4.98,196,0
177.94,4.97,196,0
178.06,4.98,196,0
178.19,4.97,196,0
178.31,4.95,196,0
178.43,4.95,196,0
178.55,4.94,196,0
178.68,4.93,196,0
178.8,4.92,196,0
178.92,4.92,196,0
179.04,4.91,196,0
179.16,4.89,196,0
179.29,4.89,196,0
179.41,4.89,196,0
179.53,4.88,196,0
179.65,4.86,196,0
179.77,4.86,196,0
179.9,4.85,196,0
180.02,4.84,196,0
180.14,4.83,196,0
180.26,4.83,196,0
180.39,4.83,196,0
180.51,4.81,196,0
180.63,4.81,196,0
180.75,4.8,196,0
180.88,4.79,196,0
181.0,4.77,196,0
181.12,4.78,196,0
181.24,4.76,196,0
181.36,4.74,196,0
181.49,4.75,196,0
181.61,4.73,196,0
181.73,4.73,196,0
181.85,4.72,196,0
181.98,4.73,196,0
182.1,4.71,196,0
182.22,4.7,196,0
182.34,4.7,196,0
182.46,4.68,196,0
182.59,4.67,196,0
182.71,4.66,196,0
182.83,4.66,196,0
182.95,4.65,196,0
183.07,4.63,196,0
183.2,4.65,196,0
183.32,4.63,196,0
183.44,4.61,196,0
183.56,4.61,196,0
183.69,4.61,196,0
183.81,4.59,196,0
183.93,4.59,196,0
184.05,4.56,196,0
184.17,4.58,196,0
184.3,4.54,196,0
184.42,4.55,196,0
184.54,4.54,196,0
184.66,4.52,196,0
184.79,4.52,196,0
184.91,4.52,196,0
185.03,4.51,196,0
185.15,4.5,196,0
185.27,4.48,196,0
185.4,4.49,196,0
185.52,4.47,196,0
185.64,4.47,196,0
185.76,4.46,196,0
185.88,4.45,196,0
186.01,4.44,196,0
186.13,4.44,196,0
186.25,4.42,196,0
186.37,4.42,196,0
186.5,4.42,196,0
186.62,4.42,196,0
186.74,4.4,196,0
186.86,4.38,196,0
186.99,4.39,196,0
187.11,4.37,196,0
187.23,4.36,196,0
187.35,4.36,196,0
187.47,4.36,196,0
187.6,4.34,196,0
187.72,4.34,196,0
187.84,4.35,196,0
187.96,4.33,196,0
188.09,4.31,196,0
188.21,4.31,196,0
188.33,4.31,196,0
188.45,4.29,196,0
188.57,4.29,196,0
188.7,4.29,196,0
188.82,4.28,196,0
188.94,4.27,196,0
189.06,4.26,196,0
189.19,4.26,196,0
189.31,4.25,196,0
189.43,4.23,196,0
189.55,4.24,196,0
189.67,4.23,196,0
189.8,4.22,196,0
189.92,4.22,196,0
190.04,4.21,196,0
190.16,4.21,196,0
190.28,4.2,196,0
190.41,4.19,196,0
190.53,4.19,196,0
190.65,4.19,196,0
190.77,4.17,196,0
190.9,4.18,196,0
191.02,4.16,196,0
191.14,4.16,196,0
191.26,4.16,196,0
191.38,4.16,196,0
191.51,4.13,196,0
191.63,4.14,196,0
191.75,4.14,196,0
191.87,4.14,196,0
191.99,4.13,196,0
192.12,4.12,196,0
192.24,4.11,196,0
192.36,4.1,196,0
192.48,4.1,196,0
192.61,4.1,196,0
192.73,4.09,196,0
192.85,4.08,196,0
192.97,4.09,196,0
193.09,4.08,196,0
193.22,4.07,196,0
193.34,4.08,196,0
193.46,4.07,196,0
193.58,4.06,196,0
193.71,4.06,196,0
193.83,4.06,196,0
193.95,4.05,196,0
194.07,4.04,196,0
194.19,4.04,196,0
194.32,4.05,196,0
194.44,4.03,196,0
194.56,4.02,196,0
194.68,4.03,196,0
194.8,4.03,196,0
194.93,4.01,196,0
195.05,4.01,196,0
195.17,4.01,196,0
195.29,4.0,196,0
195.42,4.0,196,0
195.54,4.01,196,0
195.66,3.99,196,0
195.78,3.99,196,0
195.9,4.0,196,0
196.03,3.99,196,0
196.15,3.98,196,0
196.27,3.97,196,0
196.39,3.97,196,0
196.52,3.97,196,0
196.64,3.96,196,0
196.76,3.97,196,0
196.88,3.96,196,0
197.0,3.95,196,0
197.13,3.94,196,0
197.25,3.94,196,0
197.37,3.95,196,0
197.49,3.94,196,0
197.62,3.93,196,0
197.74,3.94,196,0
197.86,3.9,196,0
197.98,3.9,196,0
198.1,3.92,196,0
198.23,3.92,196,0
198.35,3.91,196,0
198.47,3.9,196,0
198.59,3.91,196,0
198.72,3.91,196,0
198.84,3.89,196,0
198.96,3.89,196,0
199.08,3.89,196,0
199.2,3.87,196,0
199.33,3.88,196,0
199.45,3.89,196,0
199.57,3.86,196,0
199.69,3.86,196,0
199.82,3.86,196,0
199.94,3.86,196,0
200.06,3.85,196,0
200.18,3.85,196,0
200.3,3.84,196,0
200.43,3.83,196,0
200.55,3.83,196,0
200.67,3.83,196,0
200.79,3.83,196,0
200.91,3.82,196,0
201.04,3.81,196,0
201.16,3.82,196,0
201.28,3.82,196,0
201.4,3.81,196,0
201.52,3.81,196,0
201.65,3.8,196,0
201.77,3.79,196,0
201.89,3.79,196,0
202.01,3.79,196,0
202.14,3.78,196,0
202.26,3.78,196,0
202.38,3.78,196,0
202.5,3.77,196,0
202.63,3.77,196,0
202.75,3.76,196,0
202.87,3.77,196,0
202.99,3.74,196,0
203.11,3.74,196,0
203.24,3.75,196,0
203.36,3.74,196,0
203.48,3.74,196,0
203.6,3.73,196,0
203.72,3.74,196,0
203.85,3.72,196,0
203.97,3.72,196,0
204.09,3.72,196,0
204.21,3.72,196,0
204.34,3.7,196,0
204.46,3.71,196,0
204.58,3.7,196,0
204.7,3.69,196,0
204.82,3.69,196,0
204.95,3.7,196,0
205.07,3.69,196,0
205.19,3.68,196,0
205.31,3.68,196,0
205.44,3.68,196,0
205.56,3.67,196,0
205.68,3.64,196,0
205.8,3.66,196,0
205.92,3.66,196,0
206.05,3.64,196,0
206.17,3.64,196,0
206.29,3.64,196,0
206.41,3.65,196,0
206.54,3.63,196,0
206.66,3.63,196,0
206.78,3.63,196,0
206.9,3.63,196,0
207.02,3.61,196,0
207.15,3.61,196,0
207.27,3.62,196,0
207.39,3.6,196,0
207.51,3.59,196,0
207.63,3.59,196,0
207.76,3.59,196,0
207.88,3.59,196,0
208.0,3.58,196,0
208.12,3.58,196,0
208.25,3.59,196,0
208.37,3.54,196,0
208.49,3.56,196,0
208.61,3.56,196,0
208.73,3.56,196,0
208.86,3.55,196,0
208.98,3.55,196,0
209.1,3.55,196,0
209.22,3.55,196,0
209.35,3.53,196,0
209.47,3.53,196,0
209.59,3.53,196,0
209.71,3.52,196,0
209.83,3.5,196,0
209.96,3.51,196,0
210.08,3.51,196,0
210.2,3.51,196,0
210.32,3.5,196,0
210.45,3.5,196,0
210.57,3.5,196,0
210.69,3.48,196,0
210.81,3.47,196,0
210.93,3.48,196,0
211.06,3.48,196,0
211.18,3.46,196,0
211.3,3.46,196,0
211.42,3.45,196,0
211.55,3.45,196,0
211.67,3.45,196,0
211.79,3.44,196,0
211.91,3.43,196,0
212.03,3.44,196,0
212.16,3.43,196,0
212.28,3.43,196,0
212.4,3.43,196,0
212.52,3.42,196,0
212.64,3.41,196,0
212.77,3.4,196,0
212.89,3.4,196,0
213.01,3.41,196,0
213.13,3.39,196,0
213.26,3.37,196,0
213.38,3.38,196,0
213.5,3.39,196,0
213.62,3.38,196,0
213.74,3.38,196,0
213.87,3.37,196,0
213.99,3.36,196,0
214.11,3.36,196,0
214.23,3.35,196,0
214.36,3.37,196,0
214.48,3.35,196,0
214.6,3.34,196,0
214.72,3.34,196,0
214.84,3.33,196,0
214.97,3.33,196,0
215.09,3.33,196,0
215.21,3.33,196,0
215.33,3.33,196,0
215.46,3.3,196,0
215.58,3.32,196,0
215.7,3.34,196,0
215.82,3.3,196,0
215.94,3.28,196,0
216.07,3.28,196,0
216.19,3.28,196,0
216.31,3.29,196,0
216.43,3.29,196,0
216.55,3.29,196,0
216.68,3.27,196,0
216.8,3.25,196,0
216.92,3.26,196,0
217.04,3.26,196,0
217.16,3.26,196,0
217.29,3.25,196,0
217.41,3.24,196,0
217.53,3.25,196,0
217.65,3.24,196,0
217.78,3.22,196,0
217.9,3.22,196,0
218.02,3.23,196,0
218.14,3.2,196,0
218.27,3.21,196,0
218.39,3.22,196,0
218.51,3.21,196,0
218.63,3.2,196,0
218.75,3.19,196,0
218.88,3.18,196,0
219.0,3.19,196,0
219.12,3.17,196,0
219.24,3.17,196,0
219.37,3.17,196,0
219.49,3.17,196,0
219.61,3.14,196,0
219.73,3.15,196,0
219.85,3.15,196,0
219.98,3.16,196,0
220.1,3.13,196,0
220.22,3.13,196,0
220.34,3.13,196,0
220.47,3.13,196,0
220.59,3.11,196,0
220.71,3.11,196,0
220.83,3.11,196,0
220.95,3.11,196,0
221.08,3.09,196,0
221.2,3.09,196,0
221.32,3.1,196,0
221.44,3.08,196,0
221.56,3.07,196,0
221.69,3.07,196,0
221.81,3.08,196,0
221.93,3.06,196,0
222.05,3.06,196,0
222.18,3.06,196,0
222.3,3.05,196,0
222.42,3.05,196,0
222.54,3.04,196,0
222.66,3.06,196,0
222.79,3.03,196,0
222.91,3.02,196,0
223.03,3.01,196,0
223.15,3.01,196,0
223.27,3.02,196,0
223.4,3.0,196,0
223.52,2.99,196,0
223.64,2.99,196,0
223.76,3.0,196,0
223.89,2.98,196,0
224.01,2.98,196,0
224.13,2.98,196,0
224.25,2.98,196,0
224.37,2.97,196,0
224.5,2.96,196,0
224.62,2.97,196,0
224.74,2.96,196,0
224.86,2.94,196,0
224.99,2.95,196,0
225.11,2.94,196,0
225.23,2.95,196,0
225.35,2.93,196,0
225.47,2.93,196,0
225.6,2.93,196,0
225.72,2.93,196,0
225.84,2.92,196,0
225.96,2.91,196,0
226.08,2.9,196,0
226.21,2.9,196,0
226.33,2.9,196,0
226.45,2.89,196,0
226.57,2.88,196,0
226.7,2.89,196,0
226.82,2.89,196,0
226.94,2.87,196,0
227.06,2.86,196,0
227.18,2.86,196,0
227.31,2.87,196,0
227.43,2.84,196,0
227.55,2.84,196,0
227.67,2.83,196,0
227.8,2.83,196,0
227.92,2.83,196,0
228.04,2.81,196,0
228.16,2.81,196,0
228.28,2.81,196,0
228.41,2.8,196,0
228.53,2.79,196,0
228.65,2.8,196,0
228.77,2.8,196,0
228.9,2.78,196,0
229.02,2.78,196,0
229.14,2.78,196,0
229.26,2.77,196,0
229.38,2.76,196,0
229.51,2.74,196,0
229.63,2.74,196,0
229.75,2.75,196,0
229.87,2.74,196,0
230.0,2.73,196,0
230.12,2.72,196,0
230.24,2.71,196,0
230.36,2.72,196,0
230.48,2.71,196,0
230.61,2.69,196,0
230.73,2.69,196,0
230.85,2.69,196,0
230.97,2.68,196,0
231.1,2.68,196,0
231.22,2.66,196,0
231.34,2.68,196,0
231.46,2.67,196,0
231.58,2.65,196,0
231.71,2.64,196,0
231.83,2.65,196,0
231.95,2.65,196,0
232.07,2.64,196,0
232.2,2.63,196,0
232.32,2.63,196,0
232.44,2.62,196,0
232.56,2.62,196,0
232.68,2.61,196,0
232.8,2.59,196,0
232.93,2.6,196,0
233.05,2.58,196,0
233.17,2.58,196,0
233.29,2.59,196,0
233.42,2.59,196,0
233.54,2.58,196,0
233.66,2.57,196,0
233.78,2.57,196,0
233.91,2.57,196,0
234.03,2.57,196,0
234.15,2.55,196,0
234.27,2.54,196,0
234.39,2.54,196,0
234.52,2.55,196,0
234.64,2.53,196,0
234.76,2.53,196,0
234.88,2.51,196,0
235.0,2.51,196,0
235.13,2.51,196,0
235.25,2.49,196,0
235.37,2.52,196,0
235.49,2.51,196,0
235.62,2.5,196,0
235.74,2.47,196,0
235.86,2.48,196,0
235.98,2.48,196,0
236.1,2.47,196,0
236.23,2.47,196,0
236.35,2.45,196,0
236.47,2.45,196,0
236.59,2.45,196,0
236.72,2.45,196,0
236.84,2.44,196,0
236.96,2.44,196,0
237.08,2.44,196,0
237.2,2.43,196,0
237.33,2.43,196,0
237.45,2.43,196,0
237.57,2.42,196,0
237.69,2.43,196,0
237.82,2.41,196,0
237.94,2.39,196,0
238.06,2.42,196,0
238.18,2.41,196,0
238.3,2.4,196,0
238.43,2.38,196,0
238.55,2.39,196,0
238.67,2.4,196,0
238.79,2.39,196,0
238.91,2.38,196,0
239.04,2.38,196,0
239.16,2.38,196,0
239.28,2.39,196,0
239.4,2.38,196,0
239.52,2.37,196,0
239.65,2.37,196,0
239.77,2.37,196,0
239.89,2.37,196,0
240.02,2.36,196,0
240.14,2.35,196,0
240.26,2.37,196,0
240.38,2.35,196,0
240.5,2.36,196,0
240.63,2.33,196,0
240.75,2.35,196,0
240.87,2.36,196,0
240.99,2.33,196,0
241.12,2.36,196,0
241.24,2.35,196,0
241.36,2.36,196,0
241.48,2.36,196,0
241.6,2.34,196,0
241.73,2.36,196,0
241.85,2.38,196,0
241.97,2.37,196,0
242.09,2.36,196,0
242.21,2.37,196,0
242.34,2.36,196,0
242.46,2.37,196,0
242.58,2.37,196,0
242.7,2.37,196,0
242.83,2.36,196,0
242.95,2.38,196,0
243.07,2.38,196,0
243.19,2.36,196,0
243.31,2.36,196,0
243.44,2.36,196,0
243.56,2.39,196,0
243.68,2.35,196,0
243.8,2.35,196,0
243.92,2.37,196,0
244.05,2.37,196,0
244.17,2.38,196,0
244.29,2.34,196,0
244.41,2.35,196,0
244.54,2.35,196,0
244.66,2.36,196,0
244.78,2.38,196,0
244.9,2.37,196,0
245.02,2.37,196,0
245.15,2.34,196,0
245.27,2.35,196,0
245.39,2.35,196,0
245.51,2.37,196,0
245.64,2.37,196,0
245.76,2.36,196,0
245.88,2.38,196,0
246.0,2.38,196,0
246.12,2.36,196,0
246.25,2.33,196,0
246.37,2.38,196,0
246.49,2.36,196,0
246.61,2.37,196,0
246.73,2.33,196,0
246.86,2.33,196,0
246.98,2.36,196,0
247.1,2.32,196,0
247.22,2.32,196,0
247.35,2.36,196,0
247.47,2.37,196,0
247.59,2.37,196,0
247.71,2.33,196,0
247.84,2.33,196,0
247.96,2.33,196,0
248.08,2.34,196,0
248.2,2.34,196,0
248.32,2.34,196,0
248.45,2.33,196,0
248.57,2.32,196,0
248.69,2.32,196,0
248.81,2.32,196,0
248.94,2.34,196,0
249.06,2.32,196,0
249.18,2.32,196,0
249.3,2.33,196,0
249.42,2.3,196,0
249.55,2.3,196,0
249.67,2.32,196,0
249.79,2.31,196,0
249.91,2.32,196,0
250.04,2.31,196,0
250.16,2.31,196,0
250.28,2.32,196,0
250.4,2.32,196,0
250.52,2.31,196,0
250.65,2.3,196,0
250.77,2.3,196,0
250.89,2.31,196,0
251.01,2.31,196,0
251.13,2.29,196,0
251.26,2.29,196,0
251.38,2.31,196,0
251.5,2.29,196,0
251.62,2.3,196,0
251.75,2.29,196,0
251.87,2.29,196,0
251.99,2.31,196,0
252.11,2.29,196,0
252.23,2.29,196,0
252.36,2.28,196,0
252.48,2.3,196,0
252.6,2.28,196,0
252.72,2.28,196,0
252.85,2.28,196,0
252.97,2.29,196,0
253.09,2.29,196,0
253.21,2.29,196,0
253.33,2.27,196,0
253.46,2.28,196,0
253.58,2.28,196,0
253.7,2.28,196,0
253.82,2.28,196,0
253.95,2.27,196,0
254.07,2.27,196,0
254.19,2.26,196,0
254.31,2.28,196,0
254.43,2.27,196,0
254.56,2.27,196,0
254.68,2.26,196,0
254.8,2.26,196,0
254.92,2.25,196,0
255.05,2.28,196,0
255.17,2.27,196,0
255.29,2.25,196,0
255.41,2.25,196,0
255.53,2.25,196,0
255.66,2.25,196,0
255.78,2.26,196,0
255.9,2.23,196,0
256.02,2.23,196,0
256.14,2.24,196,0
256.27,2.26,196,0
256.39,2.24,196,0
256.51,2.24,196,0
256.63,2.24,196,0
256.76,2.23,196,0
256.88,2.22,196,0
257.0,2.22,196,0
257.12,2.21,196,0
257.25,2.22,196,0
257.37,2.22,196,0
257.49,2.19,196,0
257.61,2.2,196,0
257.73,2.21,196,0
257.86,2.21,196,0
257.98,2.19,196,0
258.1,2.2,196,0
258.22,2.2,196,0
258.34,2.21,196,0
258.47,2.19,196,0
258.59,2.18,196,0
258.71,2.19,196,0
258.83,2.2,196,0
258.96,2.18,196,0
259.08,2.17,196,0
259.2,2.18,196,0
259.32,2.18,196,0
259.44,2.16,196,0
259.57,2.15,196,0
259.69,2.16,196,0
259.81,2.16,196,0
259.93,2.16,196,0
260.06,2.15,196,0
260.18,2.15,196,0
260.3,2.15,196,0
260.42,2.16,196,0
260.55,2.15,196,0
260.67,2.12,196,0
260.79,2.14,196,0
260.91,2.12,196,0
261.03,2.13,196,0
261.16,2.12,196,0
261.28,2.11,196,0
261.4,2.11,196,0
261.52,2.12,196,0
261.64,2.11,196,0
261.77,2.1,196,0
261.89,2.09,196,0
262.01,2.09,196,0
262.13,2.1,196,0
262.26,2.08,196,0
262.38,2.09,196,0
262.5,2.07,196,0
262.62,2.09,196,0
262.75,2.08,196,0
262.87,2.06,196,0
262.99,2.07,196,0
263.11,2.06,196,0
263.23,2.06,196,0
263.36,2.05,196,0
263.48,2.04,196,0
263.6,2.04,196,0
263.72,2.04,196,0
263.84,2.04,196,0
263.97,2.04,196,0
264.09,2.01,196,0
264.21,2.03,196,0
264.33,2.04,196,0
264.46,2.02,196,0
264.58,2.0,196,0
264.7,2.01,196,0
264.82,2.01,196,0
264.94,2.01,196,0
265.07,2.0,196,0
265.19,2.01,196,0
265.31,2.01,196,0
265.43,2.0,196,0
265.55,2.0,196,0
265.68,1.99,196,0
265.8,1.98,196,0
265.92,1.99,196,0
266.04,1.98,196,0
266.17,1.98,196,0
266.29,1.98,196,0
266.41,1.98,196,0
266.53,1.98,196,0
266.66,1.98,196,0
266.78,1.97,196,0
266.9,1.96,196,0
267.02,1.97,196,0
267.14,1.97,196,0
267.27,1.98,196,0
267.39,1.95,196,0
267.51,1.96,196,0
267.63,1.96,196,0
267.76,1.96,196,0
267.88,1.96,196,0
268.0,1.95,196,0
268.12,1.95,196,0
268.24,1.95,196,0
268.37,1.95,196,0
268.49,1.94,196,0
268.61,1.95,196,0
268.73,1.95,196,0
268.86,1.95,196,0
268.98,1.94,196,0
269.1,1.92,196,0
269.22,1.94,196,0
269.34,1.95,196,0
269.47,1.93,196,0
269.59,1.93,196,0
269.71,1.92,196,0
269.83,1.94,196,0
269.95,1.93,196,0
270.08,1.93,196,0
270.2,1.93,196,0
270.32,1.92,196,0
270.44,1.93,196,0
270.57,1.92,196,0
270.69,1.91,196,0
270.81,1.91,196,0
270.93,1.94,196,0
271.05,1.92,196,0
271.18,1.91,196,0
271.3,1.9,196,0
271.42,1.92,196,0
271.54,1.93,196,0
271.67,1.91,196,0
271.79,1.91,196,0
271.91,1.89,196,0
272.03,1.92,196,0
272.16,1.92,196,0
272.28,1.89,196,0
272.4,1.9,196,0
272.52,1.9,196,0
272.64,1.91,196,0
272.77,1.91,196,0
272.89,1.91,196,0
273.01,1.9,196,0
273.13,1.9,196,0
273.26,1.89,196,0
273.38,1.89,196,0
273.5,1.9,196,0
273.62,1.9,196,0
273.74,1.9,196,0
273.87,1.9,196,0
273.99,1.89,196,0
274.11,1.9,196,0
274.23,1.91,196,0
274.36,1.89,196,0
274.48,1.87,196,0
274.6,1.9,196,0
274.72,1.87,196,0
274.84,1.89,196,0
274.97,1.89,196,0
275.09,1.88,196,0
275.21,1.87,196,0
275.33,1.87,196,0
275.45,1.87,196,0
275.58,1.89,196,0
275.7,1.88,196,0
275.82,1.89,196,0
275.94,1.9,196,0
276.07,1.88,196,0
276.19,1.88,196,0
276.31,1.89,196,0
276.43,1.89,196,0
276.55,1.89,196,0
276.68,1.87,196,0
276.8,1.87,196,0
276.92,1.88,196,0
277.04,1.88,196,0
277.17,1.87,196,0
277.29,1.87,196,0
277.41,1.86,196,0
277.53,1.87,196,0
277.65,1.89,196,0
277.78,1.87,196,0
277.9,1.87,196,0
278.02,1.87,196,0
278.14,1.88,196,0
278.27,1.87,196,0
278.39,1.87,196,0
278.51,1.87,196,0
278.63,1.87,196,0
278.76,1.88,196,0
278.88,1.87,196,0
279.0,1.86,196,0
279.12,1.88,196,0
279.24,1.87,196,0
279.36,1.87,196,0
279.49,1.87,196,0
279.61,1.86,196,0
279.73,1.86,196,0
279.86,1.88,196,0
279.98,1.88,196,0
280.1,1.86,196,0
280.22,1.86,196,0
280.34,1.87,196,0
280.47,1.88,196,0
280.59,1.87,196,0
280.71,1.87,196,0
280.83,1.86,196,0
280.95,1.85,196,0
281.08,1.87,196,0
281.2,1.88,196,0
281.32,1.87,196,0
281.44,1.85,196,0
281.57,1.85,196,0
281.69,1.86,196,0
281.81,1.86,196,0
281.93,1.85,196,0
282.05,1.86,196,0
282.18,1.85,196,0
282.3,1.85,196,0
282.42,1.85,196,0
282.54,1.86,196,0
282.67,1.86,196,0
282.79,1.85,196,0
282.91,1.85,196,0
283.03,1.85,196,0
283.15,1.83,196,0
283.28,1.85,196,0
283.4,1.86,196,0
283.52,1.87,196,0
283.64,1.86,196,0
283.77,1.86,196,0
283.89,1.84,196,0
284.01,1.85,196,0
284.13,1.85,196,0
284.25,1.82,196,0
284.38,1.85,196,0
284.5,1.85,196,0
284.62,1.83,196,0
284.74,1.84,196,0
284.86,1.85,196,0
284.99,1.86,196,0
285.11,1.82,196,0
285.23,1.89,196,0
285.36,1.83,196,0
285.48,1.84,196,0
285.6,1.82,196,0
285.72,1.86,196,0
285.84,1.82,196,0
285.97,1.78,196,0
286.09,1.84,196,0
286.21,1.8,196,0
286.33,1.83,196,0
286.45,1.86,196,0
286.58,1.83,196,0
286.7,1.82,196,0
286.82,1.83,196,0
286.94,1.82,196,0
287.07,1.81,196,0
287.19,1.81,196,0
287.31,1.82,196,0
287.43,1.81,196,0
287.55,1.8,196,0
287.68,1.82,196,0
287.8,1.83,196,0
287.92,1.81,196,0
288.04,1.8,196,0
288.17,1.79,196,0
288.29,1.81,196,0
288.41,1.8,196,0
288.53,1.79,196,0
288.65,1.79,196,0
288.78,1.78,196,0
288.9,1.79,196,0
289.02,1.78,196,0
289.14,1.79,196,0
289.27,1.78,196,0
289.39,1.79,196,0
289.51,1.79,196,0
289.63,1.78,196,0
289.75,1.77,196,0
289.88,1.77,196,0
290.0,1.77,196,0
290.12,1.76,196,0
290.24,1.76,196,0
290.36,1.75,196,0
290.49,1.76,196,0
290.61,1.77,196,0
290.73,1.75,196,0
290.85,1.74,196,0
290.98,1.74,196,0
291.1,1.76,196,0
291.22,1.71,196,0
291.34,1.73,196,0
291.47,1.72,196,0
291.59,1.72,196,0
291.71,1.73,196,0
291.83,1.71,196,0
291.95,1.72,196,0
292.08,1.71,196,0
292.2,1.71,196,0
292.32,1.71,196,0
292.44,1.7,196,0
292.56,1.69,196,0
292.69,1.7,196,0
292.81,1.69,196,0
292.93,1.68,196,0
293.05,1.69,196,0
293.18,1.67,196,0
293.3,1.68,196,0
293.42,1.68,196,0
293.54,1.66,196,0
293.67,1.68,196,0
293.79,1.68,196,0
293.91,1.65,196,0
294.03,1.64,196,0
294.15,1.66,196,0
294.28,1.64,196,0
294.4,1.65,196,0
294.52,1.63,196,0
294.64,1.65,196,0
294.77,1.65,196,0
294.89,1.66,196,0
295.01,1.64,196,0
295.13,1.62,196,0
295.25,1.64,196,0
295.38,1.64,196,1
295.5,1.62,196,1
295.62,1.62,196,1
295.74,1.62,196,1
295.86,1.64,196,1
295.99,1.68,196,1
296.11,1.72,196,1
296.23,1.78,196,1
296.35,1.86,196,1
296.48,1.96,196,1
296.6,2.07,196,1
296.72,2.2,196,1
296.84,2.35,196,1
296.97,2.51,196,1
297.09,2.66,196,1
297.21,2.83,196,1
297.33,3.02,196,1
297.45,3.2,196,1
297.58,3.4,196,1
297.7,3.61,196,1
297.82,3.83,196,1
297.94,4.05,196,1
298.06,4.27,196,1
298.19,4.49,196,1
298.31,4.73,196,1
298.43,4.97,196,1
298.55,5.21,196,1
298.68,5.44,196,1
298.8,5.69,196,1
298.92,5.96,196,1
299.04,6.2,196,1
299.16,6.47,196,1
299.29,6.7,196,1
299.41,6.97,196,1
299.53,7.25,196,1
299.65,7.51,196,1
299.78,7.76,196,1
299.9,8.03,196,1
300.02,8.29,196,1
300.14,8.57,196,1
300.26,8.83,196,1
300.39,9.11,196,1
300.51,9.37,196,1
300.63,9.65,196,1
300.75,9.92,196,1
300.88,10.2,196,1
301.0,10.47,196,1
301.12,10.75,196,1
301.24,11.02,196,1
301.36,11.29,196,1
301.49,11.57,196,1
301.61,11.86,196,1
301.73,12.12,196,1
301.85,12.41,196,1
301.98,12.69,196,1
302.1,12.96,196,1
302.22,13.23,196,1
302.34,13.51,196,1
302.47,13.79,196,1
302.59,14.07,196,1
302.71,14.34,196,1
302.83,14.61,196,1
302.95,14.87,196,1
303.08,15.16,196,1
303.2,15.42,196,1
303.32,15.7,196,1
303.44,15.98,196,1
303.56,16.25,196,1
303.69,16.52,196,1
303.81,16.78,196,1
303.93,17.07,196,1
304.05,17.34,196,1
304.18,17.61,196,1
304.3,17.87,196,1
304.42,18.15,196,1
304.54,18.42,196,1
304.67,18.69,196,1
304.79,18.95,196,1
304.91,19.21,196,1
305.03,19.49,196,1
305.15,19.75,196,1
305.27,20.01,196,1
305.4,20.28,196,1
305.52,20.55,196,1
305.64,20.81,196,1
305.77,21.07,196,1
305.89,21.33,196,1
306.01,21.59,196,1
306.13,21.85,196,1
306.25,22.11,196,1
306.38,22.36,196,1
306.5,22.62,196,1
306.62,22.87,196,1
306.74,23.12,196,1
306.86,23.38,196,1
306.99,23.64,196,1
307.11,23.87,196,1
307.23,24.12,196,1
307.35,24.37,196,1
307.48,24.63,196,1
307.6,24.86,196,1
307.72,25.1,196,1
307.84,25.35,196,1
307.96,25.6,196,1
308.09,25.84,196,1
308.21,26.07,196,1
308.33,26.31,196,1
308.45,26.55,196,1
308.58,26.78,196,1
308.7,27.02,196,1
308.82,27.26,196,1
308.94,27.49,196,1
309.06,27.71,196,1
309.19,27.95,196,1
309.31,28.18,196,1
309.43,28.41,196,1
309.55,28.62,196,1
309.68,28.86,196,1
309.8,29.11,196,1
309.92,29.31,196,1
310.04,29.54,196,1
310.17,29.76,196,1
310.29,29.99,196,1
310.41,30.2,196,1
310.53,30.42,196,1
310.65,30.64,196,1
310.77,30.86,196,1
310.9,31.05,196,1
311.02,31.28,196,1
311.14,31.48,196,1
311.27,31.69,196,1
311.39,31.89,196,1
311.51,32.11,196,1
311.63,32.32,196,1
311.75,32.53,196,1
311.88,32.71,196,1
312.0,32.93,196,1
312.12,33.13,196,1
312.24,33.33,196,1
312.36,33.54,196,1
312.49,33.73,196,1
312.61,33.92,196,1
312.73,34.15,196,1
312.85,34.33,196,1
312.98,34.54,196,1
313.1,34.75,196,1
313.22,34.94,196,1
313.34,35.15,196,1
313.46,35.35,196,1
313.59,35.56,196,1
313.71,35.75,196,1
313.83,35.97,196,1
313.95,36.18,196,1
314.08,36.38,196,1
314.2,36.56,196,1
314.32,36.77,196,1
314.44,36.97,196,1
314.56,37.16,196,1
314.69,37.35,196,1
314.81,37.57,196,1
314.93,37.76,196,1
315.05,37.94,196,1
315.17,38.15,196,1
315.3,38.36,196,1
315.42,38.55,196,1
315.54,38.74,196,1
315.67,38.93,196,1
315.79,39.14,196,1
315.91,39.32,196,1
316.03,39.51,196,1
316.15,39.7,196,1
316.28,39.9,196,1
316.4,40.09,196,1
316.52,40.28,196,1
316.64,40.48,196,1
316.77,40.67,196,1
316.89,40.85,196,1
317.01,41.05,196,1
317.13,41.24,196,1
317.25,41.41,196,1
317.38,41.6,196,1
317.5,41.79,196,1
317.62,41.99,196,1
317.74,42.17,196,1
317.86,42.34,196,1
317.99,42.55,196,1
318.11,42.73,196,1
318.23,42.89,196,1
318.35,43.06,196,1
318.48,43.28,196,1
318.6,43.46,196,1
318.72,43.61,196,1
318.84,43.78,196,1
318.97,43.98,196,1
319.09,44.17,196,1
319.21,44.35,196,1
319.33,44.5,196,1
319.45,44.68,196,1
319.58,44.86,196,1
319.7,45.0,196,1
319.82,45.2,196,1
319.94,45.38,196,1
320.07,45.55,196,1
320.19,45.71,196,1
320.31,45.89,196,1
320.43,46.07,196,1
320.55,46.24,196,1
320.68,46.38,196,1
320.8,46.56,196,1
320.92,46.73,196,1
321.04,46.91,196,1
321.17,47.06,196,1
321.29,47.23,196,1
321.41,47.4,196,1
321.53,47.57,196,1
321.65,47.72,196,1
321.78,47.89,196,1
321.9,48.06,196,1
322.02,48.21,196,1
322.14,48.36,196,1
322.27,48.53,196,1
322.39,48.69,196,1
322.51,48.86,196,1
322.63,49.02,196,1
322.75,49.17,196,1
322.88,49.32,196,1
323.0,49.5,196,1
323.12,49.65,196,1
323.24,49.81,196,1
323.36,49.97,196,1
323.49,50.12,196,1
323.61,50.28,196,1
323.73,50.42,196,1
323.85,50.59,196,1
323.98,50.75,196,1
324.1,50.91,196,1
324.22,51.05,196,1
324.34,51.21,196,1
324.47,51.37,196,1
324.59,51.53,196,1
324.71,51.67,196,1
324.83,51.82,196,1
324.95,51.98,196,1
325.08,52.15,196,1
325.2,52.26,196,1
325.32,52.4,196,1
325.44,52.58,196,1
325.57,52.74,196,1
325.69,52.84,196,1
325.81,53.0,196,1
325.93,53.14,196,1
326.05,53.3,196,1
326.18,53.43,196,1
326.3,53.58,196,1
326.42,53.71,196,1
326.54,53.88,196,1
326.67,54.01,196,1
326.79,54.15,196,1
326.91,54.28,196,1
327.03,54.43,196,1
327.15,54.57,196,1
327.28,54.69,196,1
327.4,54.84,196,1
327.52,54.97,196,1
327.64,55.13,196,1
327.77,55.24,196,1
327.89,55.38,196,1
328.01,55.52,196,1
328.13,55.66,196,1
328.25,55.78,196,1
328.38,55.91,196,1
328.5,56.05,196,1
328.62,56.19,196,1
328.74,56.32,196,1
328.86,56.45,196,1
328.99,56.56,196,1
329.11,56.73,196,1
329.23,56.86,196,1
329.36,56.96,196,1
329.48,57.1,196,1
329.6,57.23,196,1
329.72,57.38,196,1
329.84,57.48,196,1
329.97,57.62,196,1
330.09,57.73,196,1
330.21,57.87,196,1
330.33,57.99,196,1
330.45,58.11,196,1
330.58,58.24,196,1
330.7,58.37,196,1
330.82,58.5,196,1
330.94,58.61,196,1
331.07,58.74,196,1
331.19,58.87,196,1
331.31,59.0,196,1
331.43,59.12,196,1
331.55,59.23,196,1
331.68,59.34,196,1
331.8,59.48,196,1
331.92,59.59,196,1
332.04,59.71,196,1
332.17,59.83,196,1
332.29,59.97,196,1
332.41,60.07,196,1
332.53,60.18,196,1
332.65,60.3,196,1
332.78,60.43,196,1
332.9,60.55,196,1
333.02,60.66,196,1
333.14,60.76,196,1
333.27,60.9,196,1
333.39,61.02,196,1
333.51,61.13,196,1
333.63,61.25,196,1
333.75,61.36,196,1
333.88,61.49,196,1
334.0,61.61,196,1
334.12,61.71,196,1
334.24,61.84,196,1
334.36,61.96,196,1
334.49,62.07,196,1
334.61,62.17,196,1
334.73,62.28,196,1
334.86,62.41,196,1
334.98,62.52,196,1
335.1,62.62,196,1
335.22,62.74,196,1
335.34,62.86,196,1
335.47,62.97,196,1
335.59,63.08,196,1
335.71,63.18,196,1
335.83,63.31,196,1
335.95,63.43,196,1
336.08,63.52,196,1
336.2,63.63,196,1
336.32,63.74,196,1
336.44,63.87,196,1
336.57,63.94,196,1
336.69,64.05,196,1
336.81,64.17,196,1
336.93,64.3,196,1
337.05,64.42,196,1
337.18,64.5,196,1
337.3,64.6,196,1
337.42,64.73,196,1
337.54,64.85,196,1
337.67,64.94,196,1
337.79,65.04,196,1
337.91,65.16,196,1
338.03,65.28,196,1
338.15,65.38,196,1
338.28,65.46,196,1
338.4,65.57,196,1
338.52,65.7,196,1
338.64,65.81,196,1
338.77,65.9,196,1
338.89,65.99,196,1
339.01,66.12,196,1
339.13,66.22,196,1
339.25,66.33,196,1
339.38,66.42,196,1
339.5,66.51,196,1
339.62,66.61,196,1
339.74,66.76,196,1
339.86,66.82,196,1
339.99,66.93,196,1
340.11,67.04,196,1
340.23,67.15,196,1
340.35,67.26,196,1
340.48,67.37,196,1
340.6,67.45,196,1
340.72,67.55,196,1
340.84,67.65,196,1
340.97,67.77,196,1
341.09,67.87,196,1
341.21,67.96,196,1
341.33,68.07,196,1
341.45,68.17,196,1
341.58,68.29,196,1
341.7,68.38,196,1
341.82,68.48,196,1
341.94,68.58,196,1
342.07,68.69,196,1
342.19,68.79,196,1
342.31,68.87,196,1
342.43,68.98,196,1
342.55,69.07,196,1
342.68,69.17,196,1
342.8,69.28,196,1
342.92,69.37,196,1
343.04,69.46,196,1
343.17,69.58,196,1
343.29,69.69,196,1
343.41,69.78,196,1
343.53,69.87,196,1
343.65,69.96,196,1
343.78,70.06,196,1
343.9,70.17,196,1
344.02,70.25,196,1
344.14,70.36,196,1
344.27,70.46,196,1
344.39,70.58,196,1
344.51,70.66,196,1
344.63,70.73,196,1
344.75,70.84,196,1
344.88,70.97,196,1
345.0,71.04,196,1
345.12,71.13,196,1
345.24,71.23,196,1
345.36,71.33,196,1
345.49,71.44,196,1
345.61,71.51,196,1
345.73,71.6,196,1
345.85,71.7,196,1
345.98,71.8,196,1
346.1,71.93,196,1
346.22,71.99,196,1
346.34,72.08,196,1
346.47,72.19,196,1
346.59,72.3,196,1
346.71,72.38,196,1
346.83,72.47,196,1
346.95,72.57,196,1
347.08,72.65,196,1
347.2,72.77,196,1
347.32,72.81,196,1
347.44,72.92,196,1
347.57,73.02,196,1
347.69,73.14,196,1
347.81,73.22,196,1
347.93,73.3,196,1
348.05,73.39,196,1
348.18,73.48,196,1
348.3,73.61,196,1
348.42,73.7,196,1
348.54,73.74,196,1
348.67,73.85,196,1
348.79,73.95,196,1
348.91,74.09,196,1
349.03,74.11,196,1
349.16,74.24,196,1
349.28,74.33,196,1
349.4,74.44,196,1
349.52,74.55,196,1
349.64,74.63,196,1
349.77,74.69,196,1
349.89,74.81,196,1
350.01,74.91,196,1
350.13,74.98,196,1
350.26,75.04,196,1
350.38,75.14,196,1
350.5,75.26,196,1
350.62,75.35,196,1
350.74,75.43,196,1
350.87,75.5,196,1
350.99,75.6,196,1
351.11,75.71,196,1
351.23,75.82,196,1
351.36,75.89,196,1
351.48,75.94,196,1
351.6,76.07,196,1
351.72,76.17,196,1
351.84,76.26,196,1
351.97,76.33,196,1
352.09,76.41,196,1
352.21,76.5,196,1
352.33,76.64,196,1
352.45,76.72,196,1
352.58,76.77,196,1
352.7,76.87,196,1
352.82,76.98,196,1
352.94,77.08,196,1
353.07,77.16,196,1
353.19,77.21,196,1
353.31,77.29,196,1
353.43,77.38,196,1
353.55,77.49,196,1
353.68,77.58,196,1
353.8,77.66,196,1
353.92,77.73,196,1
354.04,77.82,196,1
354.17,77.92,196,1
354.29,77.98,196,1
354.41,78.07,196,1
354.53,78.17,196,1
354.66,78.26,196,1
354.78,78.34,196,1
354.9,78.42,196,1
355.02,78.51,196,1
355.14,78.6,196,1
355.27,78.68,196,1
355.39,78.75,196,1
355.51,78.81,196,1
355.63,78.93,196,1
355.76,79.05,196,1
355.88,79.13,196,1
356.0,79.17,196,1
356.12,79.27,196,1
356.24,79.34,196,1
356.37,79.46,196,1
356.49,79.53,196,1
356.61,79.59,196,1
356.73,79.69,196,1
356.86,79.78,196,1
356.98,79.86,196,1
357.1,79.9,196,1
357.22,80.0,196,1
357.34,80.09,196,1
357.47,80.18,196,1
357.59,80.27,196,1
357.71,80.32,196,1
357.83,80.45,196,1
357.95,80.54,196,1
358.08,80.62,196,1
358.2,80.68,196,1
358.32,80.75,196,1
358.44,80.85,196,1
358.57,80.94,196,1
358.69,81.03,196,1
358.81,81.1,196,1
358.93,81.14,196,1
359.05,81.25,196,1
359.18,81.33,196,1
359.3,81.46,196,1
359.42,81.49,196,1
359.54,81.57,196,1
359.67,81.65,196,1
359.79,81.78,196,1
359.91,81.85,196,1
360.03,81.91,196,1
360.16,82.01,196,1
360.28,82.09,196,1
360.4,82.19,196,1
360.52,82.24,196,1
360.64,82.31,196,1
360.77,82.42,196,1
360.89,82.51,196,1
361.01,82.58,196,1
361.13,82.64,196,1
361.25,82.69,196,1
361.38,82.81,196,1
361.5,82.91,196,1
361.62,82.96,196,1
361.74,83.01,196,1
361.87,83.12,196,1
361.99,83.22,196,1
362.11,83.29,196,1
362.23,83.34,196,1
362.35,83.4,196,1
362.48,83.51,196,1
362.6,83.62,196,1
362.72,83.68,196,1
362.84,83.75,196,1
362.97,83.83,196,1
363.09,83.91,196,1
363.21,84.03,196,1
363.33,84.08,196,1
363.45,84.14,196,1
363.58,84.22,196,1
363.7,84.32,196,1
363.82,84.41,196,1
363.94,84.47,196,1
364.07,84.53,196,1
364.19,84.6,196,1
364.31,84.72,196,1
364.43,84.79,196,1
364.55,84.83,196,1
364.68,84.9,196,1
364.8,85.03,196,1
364.92,85.13,196,1
365.04,85.19,196,1
365.17,85.22,196,1
365.29,85.31,196,1
365.41,85.39,196,1
365.53,85.51,196,1
365.66,85.56,196,1
365.78,85.61,196,1
365.9,85.67,196,1
366.02,85.76,196,1
366.14,85.85,196,1
366.27,85.9,196,1
366.39,85.97,196,1
366.51,86.05,196,1
366.63,86.15,196,1
366.75,86.23,196,1
366.88,86.27,196,1
367.0,86.36,196,1
367.12,86.45,196,1
367.24,86.52,196,1
367.37,86.59,196,1
367.49,86.66,196,1
367.61,86.73,196,1
367.73,86.85,196,1
367.85,86.91,196,1
367.98,86.94,196,1
368.1,87.04,196,1
368.22,87.12,196,1
368.34,87.21,196,1
368.47,87.29,196,1
368.59,87.32,196,1
368.71,87.38,196,1
368.83,87.48,196,1
368.95,87.58,196,1
369.08,87.64,196,1
369.2,87.69,196,1
369.32,87.76,196,1
369.44,87.86,196,1
369.57,87.95,196,1
369.69,87.97,196,1
369.81,88.05,196,1
369.93,88.13,196,1
370.05,88.23,196,1
370.18,88.29,196,1
370.3,88.33,196,1
370.42,88.39,196,1
370.54,88.5,196,1
370.67,88.61,196,1
370.79,88.61,196,1
370.91,88.68,196,1
371.03,88.78,196,1
371.15,88.87,196,1
371.28,88.91,196,1
371.4,88.96,196,1
371.52,89.03,196,1
371.64,89.12,196,1
371.77,89.22,196,1
371.89,89.25,196,1
372.01,89.27,196,1
372.13,89.38,196,1
372.25,89.47,196,1
372.38,89.5,196,1
372.5,89.56,196,1
372.62,89.65,196,1
372.74,89.72,196,1
372.87,89.81,196,1
372.99,89.82,196,1
373.11,89.89,196,1
373.23,89.96,196,1
373.36,90.06,196,1
373.48,90.12,196,1
373.6,90.14,196,1
373.72,90.2,196,1
373.84,90.33,196,1
373.97,90.38,196,1
374.09,90.43,196,1
374.21,90.48,196,1
374.33,90.57,196,1
374.45,90.65,196,1
374.58,90.7,196,1
374.7,90.75,196,1
374.82,90.84,196,1
374.94,90.91,196,1
375.07,91.0,196,1
375.19,91.01,196,1
375.31,91.07,196,1
375.43,91.16,196,1
375.55,91.25,196,1
375.68,91.3,196,1
375.8,91.34,196,1
375.92,91.39,196,1
376.04,91.51,196,1
376.17,91.58,196,1
376.29,91.58,196,1
376.41,91.66,196,1
376.53,91.73,196,1
376.66,91.83,196,1
376.78,91.89,196,1
376.9,91.92,196,1
377.02,91.98,196,1
377.14,92.09,196,1
377.27,92.13,196,1
377.39,92.16,196,1
377.51,92.23,196,1
377.63,92.31,196,1
377.76,92.39,196,1
377.88,92.43,196,1
378.0,92.47,196,1
378.12,92.54,196,1
378.25,92.66,196,1
378.37,92.67,196,1
378.49,92.72,196,1
378.61,92.8,196,1
378.73,92.87,196,1
378.86,92.96,196,1
378.98,92.95,196,1
379.1,93.06,196,1
379.22,93.13,196,1
379.34,93.22,196,1
379.47,93.21,196,1
379.59,93.28,196,1
379.71,93.38,196,1
379.83,93.42,196,1
379.96,93.45,196,1
380.08,93.54,196,1
380.2,93.63,196,1
380.32,93.68,196,1
380.45,93.68,196,1
380.57,93.78,196,1
380.69,93.84,196,1
380.81,93.97,196,1
380.93,93.96,196,1
381.06,94.03,196,1
381.18,94.06,196,1
381.3,94.15,196,1
381.42,94.22,196,1
381.55,94.27,196,1
381.67,94.33,196,1
381.79,94.38,196,1
381.91,94.46,196,1
382.03,94.52,196,1
382.16,94.54,196,1
382.28,94.6,196,1
382.4,94.68,196,1
382.52,94.77,196,1
382.64,94.79,196,1
382.77,94.83,196,1
382.89,94.92,196,1
383.01,94.97,196,1
383.13,95.1,196,1
383.26,95.06,196,1
383.38,95.1,196,1
383.5,95.19,196,1
383.62,95.32,196,1
383.75,95.36,196,1
383.87,95.37,196,1
383.99,95.44,196,1
384.11,95.52,196,1
384.23,95.59,196,1
384.36,95.63,196,1
384.48,95.66,196,1
384.6,95.74,196,1
384.72,95.82,196,1
384.85,95.9,196,1
384.97,95.92,196,1
385.09,95.92,196,1
385.21,96.03,196,1
385.33,96.04,196,1
385.46,96.24,196,1
385.58,96.2,196,1
385.7,96.23,196,1
385.82,96.29,196,1
385.95,96.37,196,1
386.07,96.47,196,1
386.19,96.47,196,1
386.31,96.51,196,1
386.43,96.59,196,1
386.56,96.64,196,1
386.68,96.75,196,1
386.8,96.75,196,1
386.92,96.78,196,1
387.05,96.89,196,1
387.17,96.95,196,1
387.29,97.0,196,1
387.41,97.01,196,1
387.53,97.07,196,1
387.66,97.15,196,1
387.78,97.22,196,1
387.9,97.27,196,1
388.02,97.32,196,1
388.14,97.33,196,1
388.27,97.42,196,1
388.39,97.5,196,1
388.51,97.48,196,1
388.63,97.54,196,1
388.76,97.61,196,1
388.88,97.73,196,1
389.0,97.75,196,1
389.12,97.77,196,1
389.24,97.82,196,1
389.37,97.92,196,1
389.49,97.96,196,1
389.61,97.97,196,1
389.73,98.03,196,1
389.86,98.12,196,1
389.98,98.19,196,1
390.1,98.18,196,1
390.22,98.22,196,1
390.35,98.25,196,1
390.47,98.31,196,1
390.59,98.32,196,1
390.71,98.28,196,1
390.83,98.3,196,1
390.96,98.36,196,1
391.08,98.31,196,1
391.2,98.32,196,1
391.32,98.23,196,1
391.45,98.23,196,1
391.57,98.22,196,1
391.69,98.18,196,1
391.81,98.06,196,1
391.93,98.04,196,1
392.06,98.03,196,1
392.18,98.01,196,1
392.3,97.87,196,1
392.42,97.8,196,1
392.55,97.78,196,1
392.67,97.72,196,1
392.79,97.64,196,1
392.91,97.52,196,1
393.03,97.47,196,1
393.16,97.39,196,1
393.28,97.31,196,1
393.4,97.18,196,1
393.52,97.1,196,1
393.64,97.06,196,1
393.77,96.95,196,1
393.89,96.89,196,1
394.01,96.71,196,1
394.13,96.66,196,1
394.26,96.58,196,1
394.38,96.49,196,1
394.5,96.36,196,1
394.62,96.24,196,1
394.74,96.18,196,1
394.87,96.06,196,1
394.99,95.97,196,1
395.11,95.87,196,1
395.23,95.75,196,1
395.36,95.7,196,1
395.48,95.52,196,1
395.6,95.41,196,1
395.72,95.34,196,1
395.84,95.28,196,1
395.97,95.1,196,1
396.09,94.98,196,1
396.21,94.86,196,1
396.33,94.8,196,1
396.45,94.72,196,1
396.58,94.59,196,1
396.7,94.42,196,1
396.82,94.32,196,1
396.95,94.24,196,1
397.07,94.18,196,1
397.19,94.09,196,1
397.31,93.91,196,1
397.43,93.72,196,1
397.56,93.63,196,1
397.68,93.62,196,1
397.8,93.59,196,1
397.92,93.37,196,1
398.05,93.15,196,1
398.17,93.07,196,1
398.29,93.09,196,1
398.41,93.06,196,1
398.53,92.8,196,1
398.66,92.6,196,1
398.78,92.55,196,1
398.9,92.57,196,1
399.02,92.46,196,1
399.14,92.25,196,1
399.27,92.08,196,1
399.39,92.05,196,1
399.51,92.03,196,1
399.63,91.96,196,1
399.76,91.74,196,1
399.88,91.57,196,1
400.0,91.53,196,1
400.12,91.46,196,1
400.25,91.38,196,1
400.37,91.25,196,1
400.49,91.1,196,1
400.61,90.97,196,1
400.73,90.95,196,1
400.86,90.89,196,1
400.98,90.7,196,1
401.1,90.49,196,1
401.22,90.45,196,1
401.35,90.45,196,1
401.47,90.33,196,1
401.59,90.15,196,1
401.71,89.99,196,1
401.83,89.99,196,1
401.96,89.99,196,1
402.08,89.92,196,1
402.2,89.66,196,1
402.32,89.52,196,1
402.45,89.53,196,1
402.57,89.47,196,1
402.69,89.42,196,1
402.81,89.3,196,1
402.93,89.15,196,1
403.06,89.01,196,1
403.18,88.99,196,1
403.3,88.98,196,1
403.42,88.86,196,1
403.55,88.61,196,1
403.67,88.53,196,1
403.79,88.53,196,1
403.91,88.52,196,1
404.03,88.36,196,1
404.16,88.22,196,1
404.28,88.1,196,1
404.4,88.11,196,1
404.52,88.04,196,1
404.64,87.95,196,1
404.77,87.83,196,1
404.89,87.75,196,1
405.01,87.64,196,1
405.13,87.6,196,1
405.26,87.59,196,1
405.38,87.49,196,1
405.5,87.34,196,1
405.62,87.24,196,1
405.75,87.2,196,1
405.87,87.17,196,1
405.99,87.07,196,1
406.11,86.91,196,1
406.23,86.82,196,1
406.36,86.75,196,1
406.48,86.7,196,1
406.6,86.65,196,1
406.72,86.55,196,1
406.85,86.39,196,1
406.97,86.28,196,1
407.09,86.28,196,1
407.21,86.29,196,1
407.33,86.19,196,1
407.46,85.98,196,1
407.58,85.88,196,1
407.7,85.91,196,1
407.82,85.87,196,1
407.95,85.79,196,1
408.07,85.69,196,1
408.19,85.59,196,1
408.31,85.49,196,1
408.43,85.43,196,1
408.56,85.42,196,1
408.68,85.38,196,1
408.8,85.18,196,1
408.92,85.04,196,1
409.05,85.02,196,1
409.17,85.04,196,1
409.29,84.97,196,1
409.41,84.84,196,1
409.53,84.74,196,1
409.66,84.68,196,1
409.78,84.62,196,1
409.9,84.6,196,1
410.02,84.58,196,1
410.14,84.49,196,1
410.27,84.27,196,1
410.39,84.21,196,1
410.51,84.21,196,1
410.63,84.22,196,1
410.76,84.11,196,1
410.88,83.99,196,1
411.0,83.9,196,1
411.12,83.87,196,1
411.25,83.81,196,1
411.37,83.79,196,1
411.49,83.73,196,1
411.61,83.6,196,1
411.73,83.47,196,1
411.86,83.42,196,1
411.98,83.44,196,1
412.1,83.41,196,1
412.22,83.29,196,1
412.35,83.21,196,1
412.47,83.12,196,1
412.59,83.05,196,1
412.71,83.03,196,1
412.83,83.02,196,1
412.96,82.94,196,1
413.08,82.82,196,1
413.2,82.69,196,1
413.32,82.67,196,1
413.45,82.68,196,1
413.57,82.65,196,1
413.69,82.58,196,1
413.81,82.5,196,1
413.93,82.41,196,1
414.06,82.3,196,1
414.18,82.27,196,1
414.3,82.27,196,1
414.42,82.26,196,1
414.55,82.1,196,1
414.67,81.97,196,1
414.79,81.93,196,1
414.91,81.94,196,1
415.03,81.91,196,1
415.16,81.86,196,1
415.28,81.77,196,1
415.4,81.67,196,1
415.52,81.56,196,1
415.64,81.54,196,1
415.77,81.55,196,1
415.89,81.55,196,1
416.01,81.42,196,1
416.13,81.25,196,1
416.26,81.22,196,1
416.38,81.2,196,1
416.5,81.17,196,1
416.62,81.15,196,1
416.75,81.08,196,1
416.87,80.97,196,1
416.99,80.86,196,1
417.11,80.83,196,1
417.23,80.85,196,1
417.36,80.83,196,1
417.48,80.78,196,1
417.6,80.68,196,1
417.72,80.59,196,1
417.85,80.48,196,1
417.97,80.47,196,1
418.09,80.48,196,1
418.21,80.44,196,1
418.33,80.33,196,1
418.46,80.25,196,1
418.58,80.2,196,1
418.7,80.13,196,1
418.82,80.12,196,1
418.95,80.13,196,1
419.07,80.09,196,1
419.19,79.97,196,1
419.31,79.85,196,1
419.43,79.83,196,1
419.56,79.8,196,1
419.68,79.77,196,1
419.8,79.76,196,1
419.92,79.71,196,1
420.04,79.58,196,1
420.17,79.49,196,1
420.29,79.47,196,1
420.41,79.47,196,1
420.53,79.44,196,1
420.66,79.43,196,1
420.78,79.37,196,1
420.9,79.24,196,1
421.02,79.12,196,1
421.14,79.1,196,1
421.27,79.13,196,1
421.39,79.1,196,1
421.51,79.05,196,1
421.63,78.99,196,1
421.76,78.9,196,1
421.88,78.79,196,1
422.0,78.77,196,1
422.12,78.79,196,1
422.25,78.78,196,1
422.37,78.75,196,1
422.49,78.65,196,1
422.61,78.54,196,1
422.73,78.48,196,1
422.86,78.45,196,1
422.98,78.44,196,1
423.1,78.45,196,1
423.22,78.37,196,1
423.35,78.29,196,1
423.47,78.21,196,1
423.59,78.17,196,1
423.71,78.13,196,1
423.83,78.12,196,1
423.96,78.12,196,1
424.08,78.06,196,1
424.2,77.91,196,1
424.32,77.84,196,1
424.44,77.84,196,1
424.57,77.82,196,1
424.69,77.8,196,1
424.81,77.77,196,1
424.93,77.72,196,1
425.06,77.64,196,1
425.18,77.53,196,1
425.3,77.51,196,1
425.42,77.52,196,1
425.54,77.48,196,1
425.67,77.46,196,1
425.79,77.43,196,1
425.91,77.39,196,1
426.03,77.31,196,1
426.16,77.24,196,1
426.28,77.23,196,1
426.4,77.21,196,1
426.52,77.17,196,1
426.64,77.15,196,1
426.77,77.14,196,1
426.89,77.09,196,1
427.01,77.01,196,1
427.13,76.95,196,1
427.26,76.92,196,1
427.38,76.89,196,1
427.5,76.86,196,1
427.62,76.85,196,1
427.75,76.84,196,1
427.87,76.76,196,1
427.99,76.66,196,1
428.11,76.62,196,1
428.23,76.61,196,1
428.36,76.57,196,1
428.48,76.55,196,1
428.6,76.53,196,1
428.72,76.5,196,1
428.85,76.4,196,1
428.97,76.34,196,1
429.09,76.31,196,1
429.21,76.29,196,1
429.33,76.26,196,1
429.46,76.24,196,1
429.58,76.21,196,1
429.7,76.16,196,1
429.82,76.02,196,1
429.94,75.97,196,1
430.07,76.0,196,1
430.19,75.97,196,1
430.31,75.95,196,1
430.43,75.92,196,1
430.56,75.88,196,1
430.68,75.79,196,1
430.8,75.7,196,1
430.92,75.68,196,1
431.04,75.69,196,1
431.17,75.66,196,1
431.29,75.65,196,1
431.41,75.62,196,1
431.53,75.52,196,1
431.66,75.41,196,1
431.78,75.38,196,1
431.9,75.4,196,1
432.02,75.38,196,1
432.14,75.35,196,1
432.27,75.31,196,1
432.39,75.27,196,1
432.51,75.18,196,1
432.63,75.1,196,1
432.76,75.1,196,1
432.88,75.1,196,1
433.0,75.07,196,1
433.12,75.05,196,1
433.25,75.02,196,1
433.37,74.91,196,1
433.49,74.83,196,1
433.61,74.82,196,1
433.73,74.82,196,1
433.86,74.79,196,1
433.98,74.78,196,1
434.1,74.76,196,1
434.22,74.67,196,1
434.34,74.61,196,1
434.47,74.55,196,1
434.59,74.54,196,1
434.71,74.51,196,1
434.83,74.5,196,1
434.95,74.5,196,1
435.08,74.44,196,1
435.2,74.33,196,1
435.32,74.28,196,1
435.44,74.27,196,1
435.57,74.23,196,1
435.69,74.22,196,1
435.81,74.22,196,1
435.93,74.19,196,1
436.06,74.11,196,1
436.18,74.05,196,1
436.3,74.02,196,1
436.42,73.97,196,1
436.54,73.94,196,1
436.67,73.95,196,1
436.79,73.96,196,1
436.91,73.92,196,1
437.03,73.82,196,1
437.16,73.73,196,1
437.28,73.72,196,1
437.4,73.68,196,1
437.52,73.67,196,1
437.64,73.67,196,1
437.77,73.65,196,1
437.89,73.58,196,1
438.01,73.52,196,1
438.13,73.48,196,1
438.26,73.43,196,1
438.38,73.4,196,1
438.5,73.4,196,1
438.62,73.41,196,1
438.75,73.37,196,1
438.87,73.27,196,1
438.99,73.23,196,1
439.11,73.18,196,1
439.23,73.14,196,1
439.36,73.13,196,1
439.48,73.14,196,1
439.6,73.13,196,1
439.72,73.06,196,1
439.85,73.01,196,1
439.97,72.96,196,1
440.09,72.88,196,1
440.21,72.86,196,1
440.33,72.87,196,1
440.46,72.88,196,1
440.58,72.85,196,1
440.7,72.8,196,1
440.82,72.76,196,1
440.95,72.67,196,1
441.07,72.61,196,1
441.19,72.61,196,1
441.31,72.62,196,1
441.44,72.6,196,1
441.56,72.58,196,1
441.68,72.55,196,1
441.8,72.49,196,1
441.92,72.42,196,1
442.05,72.36,196,1
442.17,72.37,196,1
442.29,72.34,196,1
442.41,72.33,196,1
442.53,72.33,196,1
442.66,72.31,196,1
442.78,72.2,196,1
442.9,72.14,196,1
443.02,72.11,196,1
443.15,72.11,196,1
443.27,72.07,196,1
443.39,72.07,196,1
443.51,72.07,196,1
443.64,72.01,196,1
443.76,71.94,196,1
443.88,71.89,196,1
444.0,71.87,196,1
444.12,71.83,196,1
444.25,71.81,196,1
444.37,71.82,196,1
444.49,71.82,196,1
444.61,71.77,196,1
444.73,71.68,196,1
444.86,71.63,196,1
444.98,71.59,196,1
445.1,71.56,196,1
445.22,71.56,196,1
445.35,71.57,196,1
445.47,71.54,196,1
445.59,71.48,196,1
445.71,71.44,196,1
445.84,71.39,196,1
445.96,71.32,196,1
446.08,71.31,196,1
446.2,71.32,196,1
446.32,71.32,196,1
446.45,71.3,196,1
446.57,71.26,196,1
446.69,71.21,196,1
446.81,71.11,196,1
446.94,71.06,196,1
447.06,71.07,196,1
447.18,71.07,196,1
447.3,71.05,196,1
447.42,71.03,196,1
447.55,70.99,196,1
447.67,70.93,196,1
447.79,70.87,196,1
447.91,70.85,196,1
448.04,70.84,196,1
448.16,70.8,196,1
448.28,70.8,196,1
448.4,70.82,196,1
448.52,70.78,196,1
448.65,70.72,196,1
448.77,70.66,196,1
448.89,70.61,196,1
449.01,70.56,196,1
449.14,70.57,196,1
449.26,70.58,196,1
449.38,70.56,196,1
449.5,70.54,196,1
449.63,70.51,196,1
449.75,70.44,196,1
449.87,70.37,196,1
449.99,70.34,196,1
450.11,70.35,196,1
450.24,70.31,196,1
450.36,70.31,196,1
450.48,70.32,196,1
450.6,70.29,196,1
450.73,70.21,196,1
450.85,70.18,196,1
450.97,70.11,196,1
451.09,70.07,196,1
451.21,70.08,196,1
451.34,70.09,196,1
451.46,70.07,196,1
451.58,70.05,196,1
451.7,70.02,196,1
451.83,69.94,196,1
451.95,69.89,196,1
452.07,69.87,196,1
452.19,69.84,196,1
452.31,69.83,196,1
452.44,69.84,196,1
452.56,69.84,196,1
452.68,69.82,196,1
452.8,69.78,196,1
452.92,69.71,196,1
453.05,69.62,196,1
453.17,69.6,196,1
453.29,69.62,196,1
453.41,69.6,196,1
453.54,69.59,196,1
453.66,69.58,196,1
453.78,69.55,196,1
453.9,69.48,196,1
454.02,69.44,196,1
454.15,69.42,196,1
454.27,69.38,196,1
454.39,69.36,196,1
454.51,69.36,196,1
454.64,69.37,196,1
454.76,69.35,196,1
454.88,69.3,196,1
455.0,69.26,196,1
455.12,69.21,196,1
455.25,69.14,196,1
455.37,69.12,196,1
455.49,69.14,196,1
455.61,69.13,196,1
455.74,69.11,196,1
455.86,69.09,196,1
455.98,69.05,196,1
456.1,69.0,196,1
456.23,68.94,196,1
456.35,68.93,196,1
456.47,68.92,196,1
456.59,68.89,196,1
456.71,68.89,196,1
456.84,68.9,196,1
456.96,68.89,196,1
457.08,68.84,196,1
457.2,68.79,196,1
457.33,68.74,196,1
457.45,68.67,196,1
457.57,68.66,196,1
457.69,68.68,196,1
457.81,68.67,196,1
457.94,68.65,196,1
458.06,68.65,196,1
458.18,68.64,196,1
458.3,68.58,196,1
458.42,68.54,196,1
458.55,68.5,196,1
458.67,68.48,196,1
458.79,68.43,196,1
458.91,68.43,196,1
459.04,68.44,196,1
459.16,68.43,196,1
459.28,68.41,196,1
459.4,68.38,196,1
459.52,68.34,196,1
459.65,68.26,196,1
459.77,68.22,196,1
459.89,68.22,196,1
460.01,68.22,196,1
460.14,68.2,196,1
460.26,68.2,196,1
460.38,68.19,196,1
460.5,68.15,196,1
460.62,68.09,196,1
460.75,68.05,196,1
460.87,68.03,196,1
460.99,67.99,196,1
461.11,67.98,196,1
461.24,67.98,196,1
461.36,67.99,196,1
461.48,67.97,196,1
461.6,67.95,196,1
461.73,67.92,196,1
461.85,67.82,196,1
461.97,67.77,196,1
462.09,67.77,196,1
462.21,67.78,196,1
462.34,67.75,196,1
462.46,67.75,196,1
462.58,67.75,196,1
462.7,67.72,196,1
462.83,67.66,196,1
462.95,67.64,196,1
463.07,67.6,196,1
463.19,67.55,196,1
463.31,67.53,196,1
463.44,67.55,196,1
463.56,67.54,196,1
463.68,67.53,196,1
463.8,67.52,196,1
463.92,67.51,196,1
464.05,67.42,196,1
464.17,67.37,196,1
464.29,67.35,196,1
464.41,67.33,196,1
464.54,67.31,196,1
464.66,67.31,196,1
464.78,67.33,196,1
464.9,67.3,196,1
465.02,67.28,196,1
465.15,67.25,196,1
465.27,67.19,196,1
465.39,67.14,196,1
465.51,67.12,196,1
465.64,67.12,196,1
465.76,67.09,196,1
465.88,67.09,196,1
466.0,67.1,196,1
466.12,67.08,196,1
466.25,67.05,196,1
466.37,67.02,196,1
466.49,66.97,196,1
466.61,66.9,196,1
466.74,66.9,196,1
466.86,66.9,196,1
466.98,66.87,196,1
467.1,66.88,196,1
467.23,66.89,196,1
467.35,66.87,196,1
467.47,66.83,196,1
467.59,66.81,196,1
467.71,66.75,196,1
467.83,66.69,196,1
467.96,66.68,196,1
468.08,66.68,196,1
468.2,66.66,196,1
468.33,66.66,196,1
468.45,66.67,196,1
468.57,66.65,196,1
468.69,66.63,196,1
468.81,66.6,196,1
468.94,66.53,196,1
469.06,66.47,196,1
469.18,66.47,196,1
469.3,66.47,196,1
469.42,66.45,196,1
469.55,66.45,196,1
469.67,66.45,196,1
469.79,66.43,196,1
469.91,66.4,196,1
470.04,66.38,196,1
470.16,66.32,196,1
470.28,66.27,196,1
470.4,66.25,196,1
470.52,66.26,196,1
470.65,66.23,196,1
470.77,66.23,196,1
470.89,66.25,196,1
471.01,66.23,196,1
471.14,66.22,196,1
471.26,66.19,196,1
471.38,66.12,196,1
471.5,66.04,196,1
471.62,66.04,196,1
471.75,66.05,196,1
471.87,66.02,196,1
471.99,66.02,196,1
472.11,66.03,196,1
472.24,66.02,196,1
472.36,65.99,196,1
472.48,65.97,196,1
472.6,65.93,196,1
472.72,65.87,196,1
472.85,65.83,196,1
472.97,65.84,196,1
473.09,65.83,196,1
473.21,65.81,196,1
473.33,65.82,196,1
473.46,65.82,196,1
473.58,65.8,196,1
473.7,65.77,196,1
473.83,65.74,196,1
473.95,65.67,196,1
474.07,65.63,196,1
474.19,65.64,196,1
474.31,65.62,196,1
474.44,65.61,196,1
474.56,65.61,196,1
474.68,65.61,196,1
474.8,65.6,196,1
474.92,65.57,196,1
475.05,65.54,196,1
475.17,65.5,196,1
475.29,65.46,196,1
475.41,65.45,196,1
475.54,65.4,196,1
475.66,65.4,196,1
475.78,65.42,196,1
475.9,65.4,196,1
476.02,65.4,196,1
476.15,65.4,196,1
476.27,65.35,196,1
476.39,65.32,196,1
476.51,65.31,196,1
476.64,65.25,196,1
476.76,65.21,196,1
476.88,65.22,196,1
477.0,65.21,196,1
477.12,65.2,196,1
477.25,65.2,196,1
477.37,65.2,196,1
477.49,65.19,196,1
477.61,65.17,196,1
477.73,65.14,196,1
477.86,65.09,196,1
477.98,65.08,196,1
478.1,65.04,196,1
478.22,65.0,196,1
478.35,65.01,196,1
478.47,65.01,196,1
478.59,64.99,196,1
478.71,65.0,196,1
478.83,65.0,196,1
478.96,64.98,196,1
479.08,64.95,196,1
479.2,64.89,196,1
479.32,64.84,196,1
479.45,64.84,196,1
479.57,64.81,196,1
479.69,64.79,196,1
479.81,64.8,196,1
479.94,64.8,196,1
480.06,64.79,196,1
480.18,64.79,196,1
480.3,64.76,196,1
480.42,64.72,196,1
480.55,64.7,196,1
480.67,64.65,196,1
480.79,64.62,196,1
480.91,64.63,196,1
481.04,64.6,196,1
481.16,64.59,196,1
481.28,64.61,196,1
481.4,64.59,196,1
481.52,64.59,196,1
481.65,64.59,196,1
481.77,64.55,196,1
481.89,64.49,196,1
482.01,64.46,196,1
482.14,64.42,196,1
482.26,64.39,196,1
482.38,64.42,196,1
482.5,64.4,196,1
482.62,64.39,196,1
482.75,64.4,196,1
482.87,64.39,196,1
482.99,64.37,196,1
483.11,64.34,196,1
483.23,64.3,196,1
483.36,64.26,196,1
483.48,64.25,196,1
483.6,64.21,196,1
483.72,64.2,196,1
483.85,64.21,196,1
483.97,64.2,196,1
484.09,64.19,196,1
484.21,64.2,196,1
484.33,64.19,196,1
484.46,64.16,196,1
484.58,64.14,196,1
484.7,64.07,196,1
484.82,64.03,196,1
484.95,64.03,196,1
485.07,64.01,196,1
485.19,64.0,196,1
485.31,64.01,196,1
485.44,64.0,196,1
485.56,64.0,196,1
485.68,63.99,196,1
485.8,63.96,196,1
485.92,63.93,196,1
486.05,63.91,196,1
486.17,63.86,196,1
486.29,63.82,196,1
486.41,63.83,196,1
486.54,63.81,196,1
486.66,63.81,196,1
486.78,63.82,196,1
486.9,63.81,196,1
487.02,63.8,196,1
487.15,63.8,196,1
487.27,63.77,196,1
487.39,63.73,196,1
487.51,63.7,196,1
487.63,63.64,196,1
487.76,63.63,196,1
487.88,63.63,196,1
488.0,63.61,196,1
488.12,63.62,196,1
488.25,63.62,196,1
488.37,63.61,196,1
488.49,63.61,196,1
488.61,63.6,196,1
488.73,63.56,196,1
488.86,63.55,196,1
488.98,63.5,196,1
489.1,63.46,196,1
489.22,63.46,196,1
489.35,63.43,196,1
489.47,63.42,196,1
489.59,63.44,196,1
489.71,63.42,196,1
489.83,63.42,196,1
489.96,63.43,196,1
490.08,63.41,196,1
490.2,63.39,196,1
490.32,63.36,196,1
490.45,63.29,196,1
490.57,63.26,196,1
490.69,63.26,196,1
490.81,63.23,196,1
490.94,63.24,196,1
491.06,63.24,196,1
491.18,63.23,196,1
491.3,63.23,196,1
491.42,63.23,196,1
491.55,63.2,196,1
491.67,63.19,196,1
491.79,63.15,196,1
491.91,63.12,196,1
492.04,63.1,196,1
492.16,63.07,196,1
492.28,63.04,196,1
492.4,63.05,196,1
492.52,63.05,196,1
492.65,63.04,196,1
492.77,63.04,196,1
492.89,63.04,196,1
493.01,63.03,196,1
493.13,63.03,196,1
493.26,63.0,196,1
493.38,62.94,196,1
493.5,62.92,196,1
493.62,62.86,196,1
493.75,62.86,196,1
493.87,62.87,196,1
493.99,62.85,196,1
494.11,62.86,196,1
494.23,62.86,196,1
494.36,62.85,196,1
494.48,62.85,196,1
494.6,62.83,196,1
494.72,62.8,196,1
494.85,62.78,196,1
494.97,62.74,196,1
495.09,62.71,196,1
495.21,62.71,196,1
495.33,62.67,196,1
495.46,62.67,196,1
495.58,62.68,196,1
495.7,62.66,196,1
495.82,62.67,196,1
495.95,62.67,196,1
496.07,62.65,196,1
496.19,62.64,196,1
496.31,62.6,196,1
496.44,62.55,196,1
496.56,62.56,196,1
496.68,62.5,196,1
496.8,62.48,196,1
496.92,62.5,196,1
497.05,62.47,196,1
497.17,62.48,196,1
497.29,62.49,196,1
497.41,62.47,196,1
497.53,62.47,196,1
497.66,62.46,196,1
497.78,62.43,196,1
497.9,62.42,196,1
498.02,62.38,196,1
498.15,62.36,196,1
498.27,62.34,196,1
498.39,62.3,196,1
498.51,62.3,196,1
498.63,62.31,196,1
498.76,62.29,196,1
498.88,62.3,196,1
499.0,62.3,196,1
499.12,62.29,196,1
499.25,62.29,196,1
499.37,62.27,196,1
499.49,62.25,196,1
499.61,62.22,196,1
499.73,62.17,196,1
499.86,62.16,196,1
499.98,62.13,196,1
500.1,62.11,196,1
500.22,62.13,196,1
500.35,62.11,196,1
500.47,62.11,196,1
500.59,62.11,196,1
500.71,62.1,196,1
500.83,62.11,196,1
500.96,62.1,196,1
501.08,62.08,196,1
501.2,62.06,196,1
501.32,62.02,196,1
501.45,62.0,196,1
501.57,61.97,196,1
501.69,61.94,196,1
501.81,61.95,196,1
501.94,61.92,196,1
502.06,61.93,196,1
502.18,61.94,196,1
502.3,61.92,196,1
502.42,61.93,196,1
502.55,61.92,196,1
502.67,61.91,196,1
502.79,61.89,196,1
502.91,61.84,196,1
503.03,61.83,196,1
503.16,61.79,196,1
503.28,61.76,196,1
503.4,61.77,196,1
503.52,61.75,196,1
503.65,61.74,196,1
503.77,61.76,196,1
503.89,61.74,196,1
504.01,61.74,196,1
504.13,61.74,196,1
504.26,61.72,196,1
504.38,61.71,196,1
504.5,61.67,196,1
504.62,61.65,196,1
504.75,61.64,196,1
504.87,61.59,196,1
504.99,61.57,196,1
505.11,61.58,196,1
505.23,61.56,196,1
505.36,61.57,196,1
505.48,61.57,196,1
505.6,61.56,196,1
505.72,61.57,196,1
505.85,61.56,196,1
505.97,61.55,196,1
506.09,61.54,196,1
506.21,61.48,196,1
506.33,61.44,196,1
506.46,61.42,196,1
506.58,61.39,196,1
506.7,61.4,196,1
506.82,61.38,196,1
506.95,61.38,196,1
507.07,61.39,196,1
507.19,61.38,196,1
507.31,61.38,196,1
507.44,61.38,196,1
507.56,61.36,196,1
507.68,61.35,196,1
507.8,61.31,196,1
507.92,61.29,196,1
508.05,61.28,196,1
508.17,61.23,196,1
508.29,61.23,196,1
508.41,61.22,196,1
508.53,61.2,196,1
508.66,61.21,196,1
508.78,61.21,196,1
508.9,61.2,196,1
509.02,61.21,196,1
509.15,61.2,196,1
509.27,61.19,196,1
509.39,61.17,196,1
509.51,61.12,196,1
509.63,61.12,196,1
509.76,61.07,196,1
509.88,61.04,196,1
510.0,61.05,196,1
510.12,61.03,196,1
510.25,61.03,196,1
510.37,61.04,196,1
510.49,61.02,196,1
510.61,61.03,196,1
510.73,61.03,196,1
510.86,61.02,196,1
510.98,61.0,196,1
511.1,60.97,196,1
511.22,60.96,196,1
511.35,60.94,196,1
511.47,60.89,196,1
511.59,60.88,196,1
511.71,60.87,196,1
511.83,60.85,196,1
511.96,60.87,196,1
512.08,60.85,196,1
512.2,60.85,196,1
512.32,60.86,196,1
512.45,60.84,196,1
512.57,60.85,196,1
512.69,60.83,196,1
512.81,60.82,196,1
512.93,60.79,196,1
513.06,60.75,196,1
513.18,60.73,196,1
513.3,60.71,196,1
513.42,60.68,196,1
513.54,60.7,196,1
513.67,60.68,196,1
513.79,60.68,196,1
513.91,60.68,196,1
514.03,60.67,196,1
514.16,60.68,196,1
514.28,60.67,196,1
514.4,60.66,196,1
514.52,60.64,196,1
514.64,60.61,196,1
514.77,60.61,196,1
514.89,60.57,196,1
515.01,60.54,196,1
515.13,60.54,196,1
515.26,60.5,196,1
515.38,60.52,196,1
515.5,60.5,196,1
515.62,60.5,196,1
515.75,60.51,196,1
515.87,60.5,196,1
515.99,60.51,196,1
516.11,60.49,196,1
516.23,60.49,196,1
516.36,60.47,196,1
516.48,60.43,196,1
516.6,60.42,196,1
516.72,60.37,196,1
516.84,60.36,196,1
516.97,60.35,196,1
517.09,60.33,196,1
517.21,60.35,196,1
517.33,60.33,196,1
517.46,60.33,196,1
517.58,60.33,196,1
517.7,60.32,196,1
517.82,60.33,196,1
517.95,60.31,196,1
518.07,60.3,196,1
518.19,60.27,196,1
518.31,60.25,196,1
518.43,60.24,196,1
518.56,60.2,196,1
518.68,60.19,196,1
518.8,60.17,196,1
518.92,60.16,196,1
519.04,60.17,196,1
519.17,60.16,196,1
519.29,60.16,196,1
519.41,60.16,196,1
519.53,60.15,196,1
519.66,60.16,196,1
519.78,60.15,196,1
519.9,60.14,196,1
520.02,60.14,196,1
520.14,60.1,196,1
520.27,60.07,196,1
520.39,60.01,196,1
520.51,60.01,196,1
520.63,59.99,196,1
520.76,59.99,196,1
520.88,60.0,196,1
521.0,59.98,196,1
521.12,59.99,196,1
521.25,59.99,196,1
521.37,59.98,196,1
521.49,59.98,196,1
521.61,59.97,196,1
521.73,59.96,196,1
521.86,59.93,196,1
521.98,59.92,196,1
522.1,59.91,196,1
522.22,59.87,196,1
522.34,59.86,196,1
522.47,59.83,196,1
522.59,59.82,196,1
522.71,59.83,196,1
522.83,59.81,196,1
522.96,59.82,196,1
523.08,59.81,196,1
523.2,59.81,196,1
523.32,59.82,196,1
523.45,59.81,196,1
523.57,59.8,196,1
523.69,59.78,196,1
523.81,59.75,196,1
523.93,59.73,196,1
524.06,59.68,196,1
524.18,59.68,196,1
524.3,59.66,196,1
524.42,59.65,196,1
524.54,59.66,196,1
524.67,59.64,196,1
524.79,59.65,196,1
524.91,59.64,196,1
525.03,59.64,196,1
525.16,59.65,196,1
525.28,59.63,196,1
525.4,59.62,196,1
525.52,59.59,196,1
525.64,59.58,196,1
525.77,59.57,196,1
525.89,59.54,196,1
526.01,59.53,196,1
526.13,59.49,196,1
526.26,59.48,196,1
526.38,59.49,196,1
526.5,59.47,196,1
526.62,59.49,196,1
526.74,59.48,196,1
526.87,59.48,196,1
526.99,59.48,196,1
527.11,59.47,196,1
527.23,59.47,196,1
527.35,59.46,196,1
527.48,59.43,196,1
527.6,59.41,196,1
527.72,59.38,196,1
527.84,59.37,196,1
527.97,59.33,196,1
528.09,59.33,196,1
528.21,59.33,196,1
528.33,59.31,196,1
528.46,59.33,196,1
528.58,59.31,196,1
528.7,59.31,196,1
528.82,59.31,196,1
528.95,59.31,196,1
529.07,59.31,196,1
529.19,59.3,196,1
529.31,59.29,196,1
529.43,59.28,196,1
529.56,59.25,196,1
529.68,59.24,196,1
529.8,59.21,196,1
529.92,59.19,196,1
530.04,59.18,196,1
530.17,59.15,196,1
530.29,59.16,196,1
530.41,59.15,196,1
530.53,59.14,196,1
530.66,59.15,196,1
530.78,59.14,196,1
530.9,59.15,196,1
531.02,59.14,196,1
531.14,59.14,196,1
531.27,59.14,196,1
531.39,59.12,196,1
531.51,59.1,196,1
531.63,59.06,196,1
531.76,59.03,196,1
531.88,59.03,196,1
532.0,58.98,196,1
532.12,59.0,196,1
532.24,58.98,196,1
532.37,58.98,196,1
532.49,58.99,196,1
532.61,58.97,196,1
532.73,58.98,196,1
532.85,58.98,196,1
532.98,58.97,196,1
533.1,58.98,196,1
533.22,58.96,196,1
533.34,58.95,196,1
533.47,58.93,196,1
533.59,58.9,196,1
533.71,58.89,196,1
533.83,58.86,196,1
533.96,58.85,196,1
534.08,58.83,196,1
534.2,58.82,196,1
534.32,58.83,196,1
534.45,58.81,196,1
534.57,58.82,196,1
534.69,58.82,196,1
534.81,58.81,196,1
534.93,58.82,196,1
535.05,58.81,196,1
535.18,58.81,196,1
535.3,58.81,196,1
535.42,58.79,196,1
535.54,58.78,196,1
535.67,58.72,196,1
535.79,58.7,196,1
535.91,58.68,196,1
536.03,58.65,196,1
536.16,58.67,196,1
536.28,58.65,196,1
536.4,58.66,196,1
536.52,58.65,196,1
536.64,58.65,196,1
536.77,58.66,196,1
536.89,58.64,196,1
537.01,58.65,196,1
537.13,58.65,196,1
537.26,58.64,196,1
537.38,58.63,196,1
537.5,58.6,196,1
537.62,58.59,196,1
537.74,58.56,196,1
537.87,58.55,196,1
537.99,58.53,196,1
538.11,58.5,196,1
538.23,58.51,196,1
538.35,58.49,196,1
538.48,58.5,196,1
538.6,58.49,196,1
538.72,58.48,196,1
538.84,58.5,196,1
538.97,58.48,196,1
539.09,58.5,196,1
539.21,58.48,196,1
539.33,58.48,196,1
539.46,58.48,196,1
539.58,58.47,196,1
539.7,58.46,196,1
539.82,58.41,196,1
539.94,58.4,196,1
540.07,58.37,196,1
540.19,58.34,196,1
540.31,58.35,196,1
540.43,58.32,196,1
540.55,58.34,196,1
540.68,58.33,196,1
540.8,58.33,196,1
540.92,58.33,196,1
541.04,58.32,196,1
541.17,58.33,196,1
541.29,58.32,196,1
541.41,58.32,196,1
541.53,58.32,196,1
541.66,58.3,196,1
541.78,58.3,196,1
541.9,58.26,196,1
542.02,58.26,196,1
542.14,58.23,196,1
542.27,58.21,196,1
542.39,58.2,196,1
542.51,58.17,196,1
542.63,58.18,196,1
542.76,58.16,196,1
542.88,58.17,196,1
543.0,58.17,196,1
543.12,58.16,196,1
543.24,58.17,196,1
543.37,58.16,196,1
543.49,58.17,196,1
543.61,58.16,196,1
543.73,58.16,196,1
543.85,58.15,196,1
543.98,58.14,196,1
544.1,58.13,196,1
544.22,58.11,196,1
544.34,58.09,196,1
544.47,58.05,196,1
544.59,58.04,196,1
544.71,58.02,196,1
544.83,58.01,196,1
544.96,58.02,196,1
545.08,58.0,196,1
545.2,58.02,196,1
545.32,58.0,196,1
545.44,58.01,196,1
545.57,58.0,196,1
545.69,58.0,196,1
545.81,58.01,196,1
545.93,58.0,196,1
546.05,58.0,196,1
546.18,57.98,196,1
546.3,57.97,196,1
546.42,57.94,196,1
546.54,57.94,196,1
546.67,57.92,196,1
546.79,57.89,196,1
546.91,57.89,196,1
547.03,57.86,196,1
547.15,57.86,196,1
547.28,57.85,196,1
547.4,57.84,196,1
547.52,57.86,196,1
547.64,57.84,196,1
547.77,57.85,196,1
547.89,57.84,196,1
548.01,57.84,196,1
548.13,57.84,196,1
548.26,57.83,196,1
548.38,57.84,196,1
548.5,57.82,196,1
548.62,57.82,196,1
548.74,57.77,196,1
548.87,57.77,196,1
548.99,57.74,196,1
549.11,57.72,196,1
549.23,57.72,196,1
549.35,57.69,196,1
549.48,57.7,196,1
549.6,57.68,196,1
549.72,57.69,196,1
549.84,57.69,196,1
549.97,57.68,196,1
550.09,57.69,196,1
550.21,57.68,196,1
550.33,57.69,196,1
550.46,57.67,196,1
550.58,57.67,196,1
550.7,57.66,196,1
550.82,57.64,196,1
550.94,57.64,196,1
551.07,57.61,196,1
551.19,57.61,196,1
551.31,57.57,196,1
551.43,57.56,196,1
551.55,57.54,196,1
551.68,57.53,196,1
551.8,57.54,196,1
551.92,57.52,196,1
552.04,57.54,196,1
552.17,57.53,196,1
552.29,57.52,196,1
552.41,57.53,196,1
552.53,57.52,196,1
552.65,57.53,196,1
552.78,57.52,196,1
552.9,57.52,196,1
553.02,57.52,196,1
553.14,57.5,196,1
553.27,57.5,196,1
553.39,57.44,196,1
553.51,57.43,196,1
553.63,57.4,196,1
553.75,57.38,196,1
553.88,57.39,196,1
554.0,57.37,196,1
554.12,57.39,196,1
554.24,57.37,196,1
554.36,57.37,196,1
554.49,57.37,196,1
554.61,57.36,196,1
554.73,57.38,196,1
554.85,57.36,196,1
554.98,57.37,196,1
555.1,57.36,196,1
555.22,57.34,196,1
555.34,57.34,196,1
555.47,57.31,196,1
555.59,57.31,196,1
555.71,57.29,196,1
555.83,57.26,196,1
555.96,57.26,196,1
556.08,57.22,196,1
556.2,57.23,196,1
556.32,57.22,196,1
556.44,57.21,196,1
556.57,57.23,196,1
556.69,57.21,196,1
556.81,57.22,196,1
556.93,57.22,196,1
557.05,57.2,196,1
557.18,57.22,196,1
557.3,57.2,196,1
557.42,57.2,196,1
557.54,57.19,196,1
557.67,57.16,196,1
557.79,57.16,196,1
557.91,57.11,196,1
558.03,57.12,196,1
558.15,57.09,196,1
558.28,57.07,196,1
558.4,57.07,196,1
558.52,57.05,196,1
558.64,57.07,196,1
558.77,57.06,196,1
558.89,57.06,196,1
559.01,57.06,196,1
559.13,57.05,196,1
559.26,57.07,196,1
559.38,57.05,196,1
559.5,57.05,196,1
559.62,57.04,196,1
559.74,57.02,196,1
559.86,57.02,196,1
559.99,56.99,196,1
560.11,57.0,196,1
560.23,56.97,196,1
560.35,56.97,196,1
560.48,56.94,196,1
560.6,56.92,196,1
560.72,56.92,196,1
560.84,56.9,196,1
560.97,56.92,196,1
561.09,56.9,196,1
561.21,56.91,196,1
561.33,56.91,196,1
561.46,56.9,196,1
561.58,56.91,196,1
561.7,56.9,196,1
561.82,56.91,196,1
561.94,56.9,196,1
562.07,56.9,196,1
562.19,56.9,196,1
562.31,56.88,196,1
562.43,56.88,196,1
562.55,56.84,196,1
562.68,56.82,196,1
562.8,56.79,196,1
562.92,56.77,196,1
563.04,56.77,196,1
563.17,56.75,196,1
563.29,56.77,196,1
563.41,56.75,196,1
563.53,56.76,196,1
563.66,56.75,196,1
563.78,56.75,196,1
563.9,56.76,196,1
564.02,56.74,196,1
564.14,56.75,196,1
564.27,56.74,196,1
564.39,56.75,196,1
564.51,56.74,196,1
564.63,56.74,196,1
564.76,56.73,196,1
564.88,56.71,196,1
565.0,56.71,196,1
565.12,56.68,196,1
565.24,56.68,196,1
565.37,56.65,196,1
565.49,56.64,196,1
565.61,56.63,196,1
565.73,56.61,196,1
565.85,56.62,196,1
565.98,56.6,196,1
566.1,56.61,196,1
566.22,56.6,196,1
566.34,56.6,196,1
566.47,56.6,196,1
566.59,56.59,196,1
566.71,56.6,196,1
566.83,56.58,196,1
566.96,56.6,196,1
567.08,56.59,196,1
567.2,56.57,196,1
567.32,56.56,196,1
567.44,56.53,196,1
567.57,56.53,196,1
567.69,56.48,196,1
567.81,56.48,196,1
567.93,56.46,196,1
568.05,56.45,196,1
568.18,56.46,196,1
568.3,56.44,196,1
568.42,56.46,196,1
568.54,56.44,196,1
568.67,56.45,196,1
568.79,56.44,196,1
568.91,56.44,196,1
569.03,56.44,196,1
569.16,56.42,196,1
569.28,56.42,196,1
569.4,56.4,196,1
569.52,56.39,196,1
569.65,56.37,196,1
569.77,56.36,196,1
569.89,56.35,196,1
570.01,56.31,196,1
570.13,56.32,196,1
570.26,56.29,196,1
570.38,56.31,196,1
570.5,56.29,196,1
570.62,56.29,196,1
570.74,56.3,196,1
570.87,56.29,196,1
570.99,56.3,196,1
571.11,56.28,196,1
571.23,56.29,196,1
571.36,56.28,196,1
571.48,56.29,196,1
571.6,56.28,196,1
571.72,56.27,196,1
571.84,56.26,196,1
571.97,56.22,196,1
572.09,56.22,196,1
572.21,56.16,196,1
572.33,56.17,196,1
572.46,56.15,196,1
572.58,56.15,196,1
572.7,56.15,196,1
572.82,56.14,196,1
572.95,56.15,196,1
573.07,56.13,196,1
573.19,56.15,196,1
573.31,56.14,196,1
573.43,56.14,196,1
573.56,56.14,196,1
573.68,56.13,196,1
573.8,56.14,196,1
573.92,56.12,196,1
574.05,56.12,196,1
574.17,56.1,196,1
574.29,56.1,196,1
574.41,56.07,196,1
574.53,56.06,196,1
574.66,56.05,196,1
574.78,56.02,196,1
574.9,56.03,196,1
575.02,56.0,196,1
575.15,56.01,196,1
575.27,56.0,196,1
575.39,55.99,196,1
575.51,56.0,196,1
575.63,55.98,196,1
575.76,56.0,196,1
575.88,55.98,196,1
576.0,56.0,196,1
576.12,55.98,196,1
576.25,55.99,196,1
576.37,55.99,196,1
576.49,55.98,196,1
576.61,55.98,196,1
576.73,55.95,196,1
576.86,55.95,196,1
576.98,55.92,196,1
577.1,55.93,196,1
577.22,55.89,196,1
577.34,55.88,196,1
577.47,55.87,196,1
577.59,55.85,196,1
577.71,55.85,196,1
577.84,55.84,196,1
577.96,55.85,196,1
578.08,55.83,196,1
578.2,55.85,196,1
578.32,55.84,196,1
578.45,55.84,196,1
578.57,55.84,196,1
578.69,55.84,196,1
578.81,55.84,196,1
578.94,55.83,196,1
579.06,55.83,196,1
579.18,55.81,196,1
579.3,55.81,196,1
579.42,55.78,196,1
579.55,55.79,196,1
579.67,55.77,196,1
579.79,55.76,196,1
579.91,55.74,196,1
580.03,55.72,196,1
580.16,55.72,196,1
580.28,55.69,196,1
580.4,55.71,196,1
580.53,55.69,196,1
580.65,55.7,196,1
580.77,55.69,196,1
580.89,55.69,196,1
581.01,55.7,196,1
581.14,55.69,196,1
581.26,55.7,196,1
581.38,55.69,196,1
581.5,55.69,196,1
581.62,55.68,196,1
581.75,55.68,196,1
581.87,55.68,196,1
581.99,55.66,196,1
582.11,55.66,196,1
582.24,55.64,196,1
582.36,55.63,196,1
582.48,55.6,196,1
582.6,55.6,196,1
582.72,55.56,196,1
582.85,55.56,196,1
582.97,55.55,196,1
583.09,55.55,196,1
583.21,55.55,196,1
583.34,55.54,196,1
583.46,55.55,196,1
583.58,55.54,196,1
583.7,55.55,196,1
583.83,55.54,196,1
583.95,55.55,196,1
584.07,55.54,196,1
584.19,55.54,196,1
584.31,55.54,196,1
584.44,55.53,196,1
584.56,55.53,196,1
584.68,55.51,196,1
584.8,55.51,196,1
584.93,55.48,196,1
585.05,55.49,196,1
585.17,55.46,196,1
585.29,55.46,196,1
585.41,55.43,196,1
585.54,55.42,196,1
585.66,55.42,196,1
585.78,55.4,196,1
585.9,55.41,196,1
586.03,55.39,196,1
586.15,55.41,196,1
586.27,55.39,196,1
586.39,55.4,196,1
586.52,55.39,196,1
586.64,55.4,196,1
586.76,55.4,196,1
586.88,55.39,196,1
587.0,55.4,196,1
587.13,55.39,196,1
587.25,55.4,196,1
587.37,55.38,196,1
587.49,55.38,196,1
587.62,55.35,196,1
587.74,55.35,196,1
587.86,55.32,196,1
587.98,55.31,196,1
588.1,55.3,196,1
588.23,55.28,196,1
588.35,55.29,196,1
588.47,55.25,196,1
588.59,55.27,196,1
588.72,55.25,196,1
588.84,55.26,196,1
588.96,55.25,196,1
589.08,55.25,196,1
589.21,55.25,196,1
589.33,55.24,196,1
589.45,55.26,196,1
589.57,55.24,196,1
589.69,55.25,196,1
589.82,55.24,196,1
589.94,55.24,196,1
590.06,55.23,196,1
590.18,55.22,196,1
590.31,55.22,196,1
590.43,55.2,196,1
590.55,55.2,196,1
590.67,55.18,196,1
590.79,55.18,196,1
590.92,55.15,196,1
591.04,55.15,196,1
591.16,55.13,196,1
591.28,55.12,196,1
591.41,55.12,196,1
591.53,55.1,196,1
591.65,55.12,196,1
591.77,55.1,196,1
591.9,55.11,196,1
592.02,55.1,196,1
592.14,55.11,196,1
592.26,55.1,196,1
592.38,55.11,196,1
592.51,55.1,196,1
592.63,55.1,196,1
592.75,55.1,196,1
592.87,55.09,196,1
593.0,55.1,196,1
593.12,55.09,196,1
593.24,55.09,196,1
593.36,55.07,196,1
593.48,55.07,196,1
593.61,55.05,196,1
593.73,55.02,196,1
593.85,55.01,196,1
593.97,54.98,196,1
594.1,54.99,196,1
594.22,54.96,196,1
594.34,54.97,196,1
594.46,54.96,196,1
594.58,54.97,196,1
594.71,54.96,196,1
594.83,54.96,196,1
594.95,54.96,196,1
595.07,54.95,196,1
595.2,54.96,196,1
595.32,54.95,196,1
595.44,54.96,196,1
595.56,54.95,196,1
595.68,54.95,196,1
595.81,54.95,196,1
595.93,54.94,196,1
596.05,54.94,196,1
596.17,54.92,196,1
596.29,54.92,196,1
596.42,54.89,196,1
596.54,54.9,196,1
596.66,54.87,196,1
596.78,54.88,196,1
596.91,54.86,196,1
597.03,54.84,196,1
597.15,54.84,196,1
597.27,54.82,196,1
597.4,54.83,196,1
597.52,54.81,196,1
597.64,54.82,196,1
597.76,54.81,196,1
597.88,54.81,196,1
598.01,54.82,196,1
598.13,54.81,196,1
598.25,54.82,196,1
598.37,54.81,196,1
598.5,54.81,196,1
598.62,54.81,196,1
598.74,54.81,196,1
598.86,54.8,196,1
598.98,54.8,196,1
599.11,54.79,196,1
599.23,54.77,196,1
599.35,54.77,196,1
599.47,54.74,196,1
599.6,54.75,196,1
599.72,54.71,196,1
599.84,54.71,196,1
599.96,54.69,196,1
600.08,54.69,196,1
600.21,54.68,196,1
600.33,54.67,196,1
600.45,54.68,196,1
600.57,54.66,196,1
600.7,54.67,196,1
600.82,54.66,196,1
600.94,54.68,196,1
601.06,54.66,196,1
601.19,54.68,196,1
601.31,54.66,196,1
601.43,54.67,196,1
601.55,54.66,196,1
601.67,54.66,196,1
601.8,54.66,196,1
601.92,54.65,196,1
602.04,54.64,196,1
602.16,54.63,196,1
602.28,54.62,196,1
602.41,54.61,196,1
602.53,54.6,196,1
602.65,54.59,196,1
602.77,54.58,196,1
602.9,54.56,196,1
603.02,54.56,196,1
603.14,54.53,196,1
603.26,54.55,196,1
603.39,54.52,196,1
603.51,54.54,196,1
603.63,54.52,196,1
603.75,54.53,196,1
603.87,54.52,196,1
604.0,54.53,196,1
604.12,54.52,196,1
604.24,54.52,196,1
604.36,54.52,196,1
604.48,54.52,196,1
604.61,54.53,196,1
604.73,54.52,196,1
604.85,54.52,196,1
604.97,54.51,196,1
605.1,54.51,196,1
605.22,54.49,196,1
605.34,54.49,196,1
605.46,54.47,196,1
605.59,54.48,196,1
605.71,54.45,196,1
605.83,54.45,196,1
605.95,54.43,196,1
606.07,54.42,196,1
606.2,54.4,196,1
606.32,54.4,196,1
606.44,54.39,196,1
606.56,54.39,196,1
606.69,54.39,196,1
606.81,54.38,196,1
606.93,54.39,196,1
607.05,54.38,196,1
607.17,54.39,196,1
607.3,54.38,196,1
607.42,54.39,196,1
607.54,54.37,196,1
607.66,54.39,196,1
607.79,54.37,196,1
607.91,54.38,196,1
608.03,54.37,196,1
608.15,54.38,196,1
608.28,54.36,196,1
608.4,54.37,196,1
608.52,54.35,196,1
608.64,54.35,196,1
608.76,54.33,196,1
608.89,54.33,196,1
609.01,54.31,196,1
609.13,54.31,196,1
609.25,54.28,196,1
609.38,54.28,196,1
609.5,54.27,196,1
609.62,54.26,196,1
609.74,54.25,196,1
609.86,54.24,196,1
609.99,54.25,196,1
610.11,54.24,196,1
610.23,54.24,196,1
610.35,54.24,196,1
610.48,54.24,196,1
610.6,54.24,196,1
610.72,54.24,196,1
610.84,54.24,196,1
610.97,54.24,196,1
611.09,54.23,196,1
611.21,54.24,196,1
611.33,54.23,196,1
611.45,54.24,196,1
611.58,54.22,196,1
611.7,54.22,196,1
611.82,54.21,196,1
611.94,54.2,196,1
612.07,54.17,196,1
612.19,54.17,196,1
612.31,54.15,196,1
612.43,54.15,196,1
612.55,54.13,196,1
612.68,54.13,196,1
612.8,54.11,196,1
612.92,54.11,196,1
613.04,54.1,196,1
613.17,54.11,196,1
613.29,54.09,196,1
613.41,54.11,196,1
613.53,54.09,196,1
613.66,54.1,196,1
613.78,54.09,196,1
613.9,54.1,196,1
614.02,54.09,196,1
614.14,54.1,196,1
614.27,54.09,196,1
614.39,54.1,196,1
614.51,54.08,196,1
614.63,54.09,196,1
614.76,54.07,196,1
614.88,54.07,196,1
615.0,54.04,196,1
615.12,54.05,196,1
615.24,54.03,196,1
615.37,54.03,196,1
615.49,54.02,196,1
615.61,54.01,196,1
615.73,53.98,196,1
615.85,53.99,196,1
615.98,53.96,196,1
616.1,53.97,196,1
616.22,53.96,196,1
616.34,53.97,196,1
616.47,53.95,196,1
616.59,53.97,196,1
616.71,53.95,196,1
616.83,53.96,196,1
616.96,53.95,196,1
617.08,53.96,196,1
617.2,53.95,196,1
617.32,53.96,196,1
617.44,53.95,196,1
617.57,53.96,196,1
617.69,53.95,196,1
617.81,53.95,196,1
617.93,53.94,196,1
618.05,53.94,196,1
618.18,53.93,196,1
618.3,53.92,196,1
618.42,53.89,196,1
618.54,53.89,196,1
618.67,53.85,196,1
618.79,53.86,196,1
618.91,53.82,196,1
619.03,53.83,196,1
619.16,53.82,196,1
619.28,53.83,196,1
619.4,53.81,196,1
619.52,53.82,196,1
619.64,53.81,196,1
619.77,53.82,196,1
619.89,53.81,196,1
620.01,53.82,196,1
620.13,53.81,196,1
620.26,53.82,196,1
620.38,53.81,196,1
620.5,53.82,196,1
620.62,53.81,196,1
620.74,53.81,196,1
620.87,53.8,196,1
620.99,53.8,196,1
621.11,53.79,196,1
621.23,53.78,196,1
621.36,53.76,196,1
621.48,53.77,196,1
621.6,53.75,196,1
621.72,53.75,196,1
621.84,53.73,196,1
621.97,53.72,196,1
622.09,53.7,196,1
622.21,53.71,196,1
622.33,53.68,196,1
622.46,53.7,196,1
622.58,53.67,196,1
622.7,53.69,196,1
622.82,53.67,196,1
622.95,53.68,196,1
623.07,53.67,196,1
623.19,53.68,196,1
623.31,53.67,196,1
623.43,53.68,196,1
623.56,53.67,196,1
623.68,53.68,196,1
623.8,53.67,196,1
623.92,53.67,196,1
624.04,53.67,196,1
624.17,53.67,196,1
624.29,53.67,196,1
624.41,53.65,196,1
624.53,53.65,196,1
624.66,53.62,196,1
624.78,53.62,196,1
624.9,53.59,196,1
625.02,53.6,196,1
625.14,53.57,196,1
625.27,53.58,196,1
625.39,53.55,196,1
625.51,53.56,196,1
625.63,53.54,196,1
625.76,53.55,196,1
625.88,53.53,196,1
626.0,53.54,196,1
626.12,53.53,196,1
626.25,53.54,196,1
626.37,53.53,196,1
626.49,53.54,196,1
626.61,53.53,196,1
626.73,53.54,196,1
626.86,53.53,196,1
626.98,53.53,196,1
627.1,53.53,196,1
627.22,53.53,196,1
627.34,53.53,196,1
627.47,53.52,196,1
627.59,53.51,196,1
627.71,53.5,196,1
627.83,53.5,196,1
627.96,53.48,196,1
628.08,53.48,196,1
628.2,53.47,196,1
628.32,53.46,196,1
628.45,53.44,196,1
628.57,53.44,196,1
628.69,53.42,196,1
628.81,53.43,196,1
628.93,53.4,196,1
629.06,53.41,196,1
629.18,53.39,196,1
629.3,53.41,196,1
629.42,53.39,196,1
629.54,53.4,196,1
629.67,53.4,196,1
629.79,53.4,196,1
629.91,53.4,196,1
630.03,53.4,196,1
630.16,53.4,196,1
630.28,53.4,196,1
630.4,53.4,196,1
630.52,53.39,196,1
630.65,53.4,196,1
630.77,53.39,196,1
630.89,53.4,196,1
631.01,53.38,196,1
631.14,53.38,196,1
631.26,53.36,196,1
631.38,53.36,196,1
631.5,53.34,196,1
631.62,53.34,196,1
631.75,53.32,196,1
631.87,53.32,196,1
631.99,53.28,196,1
632.11,53.29,196,1
632.23,53.27,196,1
632.36,53.28,196,1
632.48,53.26,196,1
632.6,53.28,196,1
632.72,53.26,196,1
632.85,53.27,196,1
632.97,53.26,196,1
633.09,53.27,196,1
633.21,53.26,196,1
633.33,53.27,196,1
633.46,53.25,196,1
633.58,53.26,196,1
633.7,53.25,196,1
633.82,53.25,196,1
633.95,53.25,196,1
634.07,53.25,196,1
634.19,53.24,196,1
634.31,53.24,196,1
634.43,53.23,196,1
634.56,53.24,196,1
634.68,53.22,196,1
634.8,53.22,196,1
634.92,53.21,196,1
635.04,53.21,196,1
635.17,53.19,196,1
635.29,53.19,196,1
635.41,53.17,196,1
635.53,53.18,196,1
635.66,53.16,196,1
635.78,53.16,196,1
635.9,53.14,196,1
636.02,53.15,196,1
636.15,53.13,196,1
636.27,53.13,196,1
636.39,53.12,196,1
636.51,53.13,196,1
636.64,53.12,196,1
636.76,53.13,196,1
636.88,53.12,196,1
637.0,53.13,196,1
637.12,53.12,196,1
637.25,53.12,196,1
637.37,53.12,196,1
637.49,53.12,196,1
637.61,53.11,196,1
637.73,53.12,196,1
637.86,53.11,196,1
637.98,53.11,196,1
638.1,53.11,196,1
638.22,53.1,196,1
638.35,53.09,196,1
638.47,53.08,196,1
638.59,53.07,196,1
638.71,53.05,196,1
638.84,53.04,196,1
638.96,53.03,196,1
639.08,53.02,196,1
639.2,53.01,196,1
639.32,53.0,196,1
639.45,52.99,196,1
639.57,53.0,196,1
639.69,52.99,196,1
639.81,52.99,196,1
639.94,52.99,196,1
640.06,52.99,196,1
640.18,52.98,196,1
640.3,52.99,196,1
640.42,52.98,196,1
640.55,52.99,196,1
640.67,52.98,196,1
640.79,52.98,196,1
640.91,52.98,196,1
641.03,52.98,196,1
641.16,52.98,196,1
641.28,52.98,196,1
641.4,52.98,196,1
641.52,52.98,196,1
641.65,52.97,196,1
641.77,52.96,196,1
641.89,52.95,196,1
642.01,52.94,196,1
642.14,52.93,196,1
642.26,52.93,196,1
642.38,52.91,196,1
642.5,52.91,196,1
642.62,52.9,196,1
642.75,52.89,196,1
642.87,52.88,196,1
642.99,52.87,196,1
643.11,52.87,196,1
643.23,52.86,196,1
643.36,52.86,196,1
643.48,52.85,196,1
643.6,52.86,196,1
643.72,52.85,196,1
643.85,52.85,196,1
643.97,52.84,196,1
644.09,52.85,196,1
644.21,52.84,196,1
644.34,52.85,196,1
644.46,52.84,196,1
644.58,52.85,196,1
644.7,52.84,196,1
644.82,52.85,196,1
644.95,52.84,196,1
645.07,52.84,196,1
645.19,52.84,196,1
645.31,52.84,196,1
645.44,52.84,196,1
645.56,52.84,196,1
645.68,52.83,196,1
645.8,52.83,196,1
645.92,52.82,196,1
646.05,52.79,196,1
646.17,52.79,196,1
646.29,52.75,196,1
646.41,52.75,196,1
646.53,52.72,196,1
646.66,52.73,196,1
646.78,52.71,196,1
646.9,52.72,196,1
647.02,52.71,196,1
647.15,52.72,196,1
647.27,52.71,196,1
647.39,52.72,196,1
647.51,52.71,196,1
647.63,52.72,196,1
647.76,52.72,196,1
647.88,52.71,196,1
648.0,52.71,196,1
648.12,52.71,196,1
648.25,52.71,196,1
648.37,52.71,196,1
648.49,52.71,196,1
648.61,52.71,196,1
648.73,52.71,196,1
648.86,52.7,196,1
648.98,52.7,196,1
649.1,52.7,196,1
649.22,52.7,196,1
649.35,52.68,196,1
649.47,52.67,196,1
649.59,52.67,196,1
649.71,52.66,196,1
649.84,52.66,196,1
649.96,52.64,196,1
650.08,52.64,196,1
650.2,52.62,196,1
650.32,52.61,196,1
650.45,52.6,196,1
650.57,52.6,196,1
650.69,52.58,196,1
650.81,52.6,196,1
650.94,52.58,196,1
651.06,52.59,196,1
651.18,52.58,196,1
651.3,52.58,196,1
651.42,52.58,196,1
651.55,52.58,196,1
651.67,52.58,196,1
651.79,52.58,196,1
651.91,52.58,196,1
652.03,52.57,196,1
652.16,52.58,196,1
652.28,52.57,196,1
652.4,52.58,196,1
652.52,52.57,196,1
652.65,52.58,196,1
652.77,52.57,196,1
652.89,52.57,196,1
653.01,52.57,196,1
653.13,52.56,196,1
653.26,52.55,196,1
653.38,52.54,196,1
653.5,52.52,196,1
653.62,52.52,196,1
653.75,52.5,196,1
653.87,52.49,196,1
653.99,52.48,196,1
654.11,52.47,196,1
654.23,52.46,196,1
654.36,52.45,196,1
654.48,52.45,196,1
654.6,52.45,196,1
654.72,52.45,196,1
654.84,52.44,196,1
654.97,52.45,196,1
655.09,52.44,196,1
655.21,52.45,196,1
655.34,52.44,196,1
655.46,52.45,196,1
655.58,52.44,196,1
655.7,52.44,196,1
655.82,52.44,196,1
655.95,52.44,196,1
656.07,52.44,196,1
656.19,52.44,196,1
656.31,52.44,196,1
656.44,52.44,196,1
656.56,52.44,196,1
656.68,52.43,196,1
656.8,52.42,196,1
656.92,52.42,196,1
657.05,52.41,196,1
657.17,52.4,196,1
657.29,52.39,196,1
657.41,52.39,196,1
657.53,52.37,196,1
657.66,52.37,196,1
657.78,52.35,196,1
657.9,52.36,196,1
658.02,52.33,196,1
658.15,52.33,196,1
658.27,52.32,196,1
658.39,52.32,196,1
658.51,52.31,196,1
658.63,52.31,196,1
658.76,52.32,196,1
658.88,52.31,196,1
659.0,52.32,196,1
659.12,52.3,196,1
659.25,52.31,196,1
659.37,52.3,196,1
659.49,52.31,196,1
659.61,52.31,196,1
659.73,52.31,196,1
659.86,52.31,196,1
659.98,52.31,196,1
660.1,52.31,196,1
660.22,52.3,196,1
660.34,52.31,196,1
660.47,52.3,196,1
660.59,52.3,196,1
660.71,52.3,196,1
660.84,52.29,196,1
660.96,52.28,196,1
661.08,52.27,196,1
661.2,52.26,196,1
661.32,52.24,196,1
661.45,52.24,196,1
661.57,52.22,196,1
661.69,52.22,196,1
661.81,52.2,196,1
661.94,52.2,196,1
662.06,52.19,196,1
662.18,52.18,196,1
662.3,52.19,196,1
662.42,52.18,196,1
662.55,52.19,196,1
662.67,52.17,196,1
662.79,52.18,196,1
662.91,52.17,196,1
663.03,52.18,196,1
663.16,52.17,196,1
663.28,52.17,196,1
663.4,52.18,196,1
663.52,52.17,196,1
663.65,52.18,196,1
663.77,52.17,196,1
663.89,52.17,196,1
664.01,52.17,196,1
664.13,52.17,196,1
664.26,52.17,196,1
664.38,52.17,196,1
664.5,52.16,196,1
664.62,52.16,196,1
664.75,52.15,196,1
664.87,52.14,196,1
664.99,52.14,196,1
665.11,52.12,196,1
665.23,52.12,196,1
665.36,52.11,196,1
665.48,52.1,196,1
665.6,52.09,196,1
665.72,52.08,196,1
665.84,52.07,196,1
665.97,52.06,196,1
666.09,52.06,196,1
666.21,52.05,196,1
666.34,52.05,196,1
666.46,52.04,196,1
666.58,52.05,196,1
666.7,52.04,196,1
666.82,52.05,196,1
666.95,52.04,196,1
667.07,52.04,196,1
667.19,52.04,196,1
667.31,52.04,196,1
667.44,52.04,196,1
667.56,52.04,196,1
667.68,52.04,196,1
667.8,52.04,196,1
667.92,52.04,196,1
668.04,52.04,196,1
668.17,52.04,196,1
668.29,52.03,196,1
668.41,52.03,196,1
668.53,52.03,196,1
668.66,52.03,196,1
668.78,52.02,196,1
668.9,52.0,196,1
669.02,52.0,196,1
669.15,51.98,196,1
669.27,51.97,196,1
669.39,51.95,196,1
669.51,51.96,196,1
669.63,51.93,196,1
669.76,51.94,196,1
669.88,51.92,196,1
670.0,51.93,196,1
670.12,51.91,196,1
670.25,51.92,196,1
670.37,51.91,196,1
670.49,51.92,196,1
670.61,51.91,196,1
670.73,51.91,196,1
670.86,51.91,196,1
670.98,51.91,196,1
671.1,51.91,196,1
671.22,51.91,196,1
671.34,51.91,196,1
671.47,51.9,196,1
671.59,51.91,196,1
671.71,51.91,196,1
671.83,51.91,196,1
671.96,51.9,196,1
672.08,51.9,196,1
672.2,51.9,196,1
672.32,51.9,196,1
672.45,51.89,196,1
672.57,51.88,196,1
672.69,51.87,196,1
672.81,51.86,196,1
672.93,51.86,196,1
673.06,51.85,196,1
673.18,51.84,196,1
673.3,51.84,196,1
673.42,51.83,196,1
673.54,51.82,196,1
673.67,51.8,196,1
673.79,51.8,196,1
673.91,51.79,196,1
674.03,51.79,196,1
674.16,51.78,196,1
674.28,51.78,196,1
674.4,51.78,196,1
674.52,51.78,196,1
674.65,51.78,196,1
674.77,51.77,196,1
674.89,51.79,196,1
675.01,51.77,196,1
675.13,51.78,196,1
675.26,51.77,196,1
675.38,51.78,196,1
675.5,51.78,196,1
675.62,51.78,196,1
675.75,51.78,196,1
675.87,51.77,196,1
675.99,51.78,196,1
676.11,51.77,196,1
676.23,51.77,196,1
676.36,51.77,196,1
676.48,51.77,196,1
676.6,51.76,196,1
676.72,51.76,196,1
676.84,51.75,196,1
676.97,51.74,196,1
677.09,51.73,196,1
677.21,51.69,196,1
677.33,51.69,196,1
677.46,51.67,196,1
677.58,51.67,196,1
677.7,51.66,196,1
677.82,51.66,196,1
677.95,51.66,196,1
678.07,51.65,196,1
678.19,51.66,196,1
678.31,51.64,196,1
678.43,51.65,196,1
678.56,51.64,196,1
678.68,51.65,196,1
678.8,51.64,196,1
678.92,51.65,196,1
679.04,51.65,196,1
679.17,51.64,196,1
679.29,51.65,196,1
679.41,51.64,196,1
679.53,51.65,196,1
679.66,51.64,196,1
679.78,51.64,196,1
679.9,51.64,196,1
680.02,51.64,196,1
680.14,51.64,196,1
680.27,51.64,196,1
680.39,51.63,196,1
680.51,51.63,196,1
680.63,51.62,196,1
680.76,51.6,196,1
680.88,51.6,196,1
681.0,51.6,196,1
681.12,51.59,196,1
681.25,51.59,196,1
681.37,51.57,196,1
681.49,51.57,196,1
681.61,51.55,196,1
681.73,51.55,196,1
681.86,51.54,196,1
681.98,51.53,196,1
682.1,51.53,196,1
682.22,51.52,196,1
682.34,51.53,196,1
682.47,51.51,196,1
682.59,51.52,196,1
682.71,51.52,196,1
682.83,51.52,196,1
682.96,51.52,196,1
683.08,51.52,196,1
683.2,51.52,196,1
683.32,51.51,196,1
683.45,51.52,196,1
683.57,51.51,196,1
683.69,51.52,196,1
683.81,51.51,196,1
683.93,51.51,196,1
684.06,51.51,196,1
684.18,51.51,196,1
684.3,51.51,196,1
684.42,51.51,196,1
684.54,51.51,196,1
684.67,51.5,196,1
684.79,51.5,196,1
684.91,51.49,196,1
685.03,51.48,196,1
685.16,51.47,196,1
685.28,51.45,196,1
685.4,51.45,196,1
685.52,51.43,196,1
685.64,51.43,196,1
685.77,51.42,196,1
685.89,51.41,196,1
686.01,51.4,196,1
686.13,51.4,196,1
686.26,51.4,196,1
686.38,51.39,196,1
686.5,51.4,196,1
686.62,51.38,196,1
686.74,51.39,196,1
686.87,51.38,196,1
686.99,51.39,196,1
687.11,51.39,196,1
687.23,51.39,196,1
687.35,51.39,196,1
687.48,51.38,196,1
687.6,51.39,196,1
687.72,51.38,196,1
687.84,51.39,196,1
687.97,51.38,196,1
688.09,51.39,196,1
688.21,51.38,196,1
688.33,51.38,196,1
688.46,51.38,196,1
688.58,51.37,196,1
688.7,51.37,196,1
688.82,51.36,196,1
688.95,51.36,196,1
689.07,51.35,196,1
689.19,51.34,196,1
689.31,51.34,196,1
689.43,51.32,196,1
689.56,51.33,196,1
689.68,51.31,196,1
689.8,51.31,196,1
689.92,51.3,196,1
690.04,51.29,196,1
690.17,51.28,196,1
690.29,51.27,196,1
690.41,51.27,196,1
690.53,51.26,196,1
690.66,51.27,196,1
690.78,51.26,196,1
690.9,51.26,196,1
691.02,51.26,196,1
691.14,51.25,196,1
691.27,51.26,196,1
691.39,51.25,196,1
691.51,51.26,196,1
691.63,51.25,196,1
691.76,51.26,196,1
691.88,51.25,196,1
692.0,51.25,196,1
692.12,51.25,196,1
692.24,51.25,196,1
692.37,51.25,196,1
692.49,51.25,196,1
692.61,51.25,196,1
692.73,51.25,196,1
692.85,51.25,196,1
692.98,51.25,196,1
693.1,51.24,196,1
693.22,51.24,196,1
693.34,51.23,196,1
693.47,51.23,196,1
693.59,51.22,196,1
693.71,51.21,196,1
693.83,51.21,196,1
693.96,51.2,196,1
694.08,51.19,196,1
694.2,51.18,196,1
694.32,51.17,196,1
694.45,51.16,196,1
694.57,51.15,196,1
694.69,51.15,196,1
694.81,51.13,196,1
694.93,51.14,196,1
695.06,51.12,196,1
695.18,51.14,196,1
695.3,51.13,196,1
695.42,51.13,196,1
695.54,51.13,196,1
695.67,51.13,196,1
695.79,51.13,196,1
695.91,51.12,196,1
696.03,51.13,196,1
696.16,51.12,196,1
696.28,51.13,196,1
696.4,51.12,196,1
696.52,51.12,196,1
696.64,51.13,196,1
696.77,51.12,196,1
696.89,51.13,196,1
697.01,51.12,196,1
697.13,51.12,196,1
697.26,51.12,196,1
697.38,51.12,196,1
697.5,51.12,196,1
697.62,51.11,196,1
697.74,51.11,196,1
697.87,51.1,196,1
697.99,51.09,196,1
698.11,51.08,196,1
698.23,51.07,196,1
698.35,51.07,196,1
698.48,51.06,196,1
698.6,51.06,196,1
698.72,51.05,196,1
698.84,51.05,196,1
698.97,51.02,196,1
699.09,51.02,196,1
699.21,51.02,196,1
699.33,51.01,196,1
699.46,51.01,196,1
699.58,51.0,196,1
699.7,51.01,196,1
699.82,51.0,196,1
699.94,51.0,196,1
700.07,51.0,196,1
700.19,51.0,196,1
700.31,51.0,196,1
700.43,50.99,196,1
700.55,51.0,196,1
700.68,50.99,196,1
700.8,51.0,196,1
700.92,51.0,196,1
701.04,50.99,196,1
701.17,51.0,196,1
701.29,50.99,196,1
701.41,51.0,196,1
701.53,50.99,196,1
701.66,50.99,196,1
701.78,50.99,196,1
701.9,50.99,196,1
702.02,50.99,196,1
702.14,50.98,196,1
702.27,50.98,196,1
702.39,50.97,196,1
702.51,50.96,196,1
702.63,50.95,196,1
702.76,50.93,196,1
702.88,50.94,196,1
703.0,50.91,196,1
703.12,50.92,196,1
703.24,50.9,196,1
703.37,50.89,196,1
703.49,50.89,196,1
703.61,50.88,196,1
703.73,50.88,196,1
703.85,50.87,196,1
703.98,50.88,196,1
704.1,50.87,196,1
704.22,50.87,196,1
704.34,50.88,196,1
704.47,50.87,196,1
704.59,50.88,196,1
704.71,50.87,196,1
704.83,50.87,196,1
704.96,50.87,196,1
705.08,50.87,196,1
705.2,50.87,196,1
705.32,50.86,196,1
705.44,50.87,196,1
705.57,50.87,196,1
705.69,50.87,196,1
705.81,50.87,196,1
705.93,50.86,196,1
706.05,50.86,196,1
706.18,50.86,196,1
706.3,50.86,196,1
706.42,50.85,196,1
706.54,50.85,196,1
706.67,50.84,196,1
706.79,50.83,196,1
706.91,50.83,196,1
707.03,50.82,196,1
707.15,50.81,196,1
707.28,50.81,196,1
707.4,50.8,196,1
707.52,50.79,196,1
707.64,50.78,196,1
707.77,50.78,196,1
707.89,50.77,196,1
708.01,50.76,196,1
708.13,50.76,196,1
708.26,50.74,196,1
708.38,50.75,196,1
708.5,50.74,196,1
708.62,50.75,196,1
708.74,50.75,196,1
708.87,50.74,196,1
708.99,50.75,196,1
709.11,50.74,196,1
709.23,50.74,196,1
709.35,50.74,196,1
709.48,50.74,196,1
709.6,50.74,196,1
709.72,50.74,196,1
709.84,50.74,196,1
709.97,50.74,196,1
710.09,50.74,196,1
710.21,50.74,196,1
710.33,50.74,196,1
710.46,50.74,196,1
710.58,50.73,196,1
710.7,50.74,196,1
710.82,50.73,196,1
710.94,50.73,196,1
711.07,50.73,196,1
711.19,50.73,196,1
711.31,50.73,196,1
711.43,50.72,196,1
711.55,50.72,196,1
711.68,50.69,196,1
711.8,50.69,196,1
711.92,50.67,196,1
712.04,50.65,196,1
712.17,50.65,196,1
712.29,50.63,196,1
712.41,50.64,196,1
712.53,50.62,196,1
712.65,50.62,196,1
712.78,50.63,196,1
712.9,50.62,196,1
713.02,50.63,196,1
713.14,50.61,196,1
713.27,50.62,196,1
713.39,50.61,196,1
713.51,50.62,196,1
713.63,50.62,196,1
713.76,50.61,196,1
713.88,50.62,196,1
714.0,50.61,196,1
714.12,50.61,196,1
714.24,50.61,196,1
714.36,50.61,196,1
714.49,50.61,196,1
714.61,50.61,196,1
714.73,50.61,196,1
714.85,50.61,196,1
714.98,50.61,196,1
715.1,50.61,196,1
715.22,50.61,196,1
715.34,50.6,196,1
715.47,50.6,196,1
715.59,50.6,196,1
715.71,50.59,196,1
715.83,50.58,196,1
715.96,50.57,196,1
716.08,50.56,196,1
716.2,50.57,196,1
716.32,50.56,196,1
716.44,50.56,196,1
716.57,50.54,196,1
716.69,50.54,196,1
716.81,50.52,196,1
716.93,50.52,196,1
717.05,50.51,196,1
717.18,50.5,196,1
717.3,50.5,196,1
717.42,50.49,196,1
717.54,50.5,196,1
717.67,50.48,196,1
717.79,50.5,196,1
717.91,50.49,196,1
718.03,50.49,196,1
718.15,50.49,196,1
718.28,50.49,196,1
718.4,50.49,196,1
718.52,50.48,196,1
718.64,50.49,196,1
718.77,50.48,196,1
718.89,50.49,196,1
719.01,50.48,196,1
719.13,50.49,196,1
719.25,50.48,196,1
719.38,50.48,196,1
719.5,50.49,196,1
719.62,50.48,196,1
719.74,50.48,196,1
719.86,50.48,196,1
719.99,50.48,196,1
720.11,50.48,196,1
720.23,50.47,196,1
720.35,50.46,196,1
720.48,50.46,196,1
720.6,50.45,196,1
720.72,50.44,196,1
720.84,50.44,196,1
720.97,50.42,196,1
721.09,50.42,196,1
721.21,50.4,196,1
721.33,50.4,196,1
721.46,50.38,196,1
721.58,50.39,196,1
721.7,50.37,196,1
721.82,50.37,196,1
721.94,50.37,196,1
722.07,50.36,196,1
722.19,50.37,196,1
722.31,50.36,196,1
722.43,50.37,196,1
722.55,50.36,196,1
722.68,50.37,196,1
722.8,50.36,196,1
722.92,50.36,196,1
0.24,50.29,213,1
0.37,50.28,213,1
0.49,50.26,213,1
0.61,50.26,213,1
0.73,50.25,213,1
0.85,50.24,213,1
0.98,50.25,213,1
1.1,50.24,213,1
1.22,50.24,213,1
1.34,50.24,213,1
1.47,50.23,213,1
1.59,50.24,213,1
1.71,50.24,213,1
1.83,50.23,213,1
1.95,50.24,213,1
2.08,50.23,213,1
2.2,50.23,213,1
2.32,50.24,213,1
2.44,50.23,213,1
2.57,50.23,213,1
2.69,50.24,213,1
2.81,50.23,213,1
2.93,50.23,213,1
3.06,50.23,213,1
3.18,50.23,213,1
3.3,50.23,213,1
3.42,50.23,213,1
3.54,50.23,213,1
3.67,50.23,213,1
3.79,50.22,213,1
3.91,50.22,213,1
4.03,50.22,213,1
4.16,50.21,213,1
4.28,50.2,213,1
4.4,50.2,213,1
4.52,50.18,213,1
4.64,50.18,213,1
4.77,50.18,213,1
4.89,50.17,213,1
5.01,50.17,213,1
5.13,50.16,213,1
5.26,50.15,213,1
5.38,50.15,213,1
5.5,50.13,213,1
5.62,50.13,213,1
5.75,50.12,213,1
5.87,50.11,213,1
5.99,50.12,213,1
6.11,50.11,213,1
6.23,50.11,213,1
6.36,50.12,213,1
6.48,50.11,213,1
6.6,50.12,213,1
6.72,50.11,213,1
6.84,50.11,213,1
6.97,50.11,213,1
7.09,50.11,213,1
7.21,50.11,213,1
7.33,50.11,213,1
7.46,50.1,213,1
7.58,50.11,213,1
7.7,50.11,213,1
7.82,50.11,213,1
7.95,50.11,213,1
8.07,50.1,213,1
8.19,50.11,213,1
8.31,50.11,213,1
8.44,50.1,213,1
8.56,50.1,213,1
8.68,50.1,213,1
8.8,50.1,213,1
8.92,50.1,213,1
9.05,50.09,213,1
9.17,50.09,213,1
9.29,50.07,213,1
9.41,50.06,213,1
9.54,50.06,213,1
9.66,50.06,213,1
9.78,50.06,213,1
9.9,50.09,213,1
10.02,50.11,213,1
10.15,50.16,213,1
10.27,50.21,213,1
10.39,50.26,213,1
10.51,50.33,213,1
10.64,50.41,213,1
10.76,50.5,213,1
10.88,50.59,213,1
11.0,50.69,213,1
11.13,50.8,213,1
11.25,50.92,213,1
11.37,51.03,213,1
11.49,51.16,213,1
11.61,51.28,213,1
11.74,51.42,214,1
11.86,51.56,213,1
11.98,51.7,214,1
12.1,51.84,213,1
12.23,52.0,213,1
12.35,52.14,214,1
12.47,52.29,213,1
12.59,52.46,213,1
12.72,52.61,213,1
12.84,52.78,214,1
12.96,52.93,213,1
13.08,53.1,213,1
13.21,53.27,214,1
13.33,53.42,213,1
13.45,53.61,213,1
13.57,53.78,213,1
13.69,53.95,213,1
13.82,54.13,213,1
13.94,54.29,213,1
14.06,54.47,213,1
14.18,54.66,213,1
14.31,54.84,213,1
14.43,54.99,213,1
14.55,55.18,213,1
14.67,55.38,213,1
14.8,55.54,213,1
14.92,55.73,213,1
15.04,55.91,214,1
15.16,56.09,213,1
15.29,56.28,196,0
15.41,56.46,196,0
15.53,56.63,196,0
15.65,56.82,196,0
15.77,56.99,196,0
15.9,57.14,196,0
16.02,57.31,196,0
16.14,57.44,196,0
16.26,57.55,196,0
16.39,57.66,196,0
16.51,57.75,196,0
16.63,57.84,196,0
16.75,57.91,196,0
16.87,57.96,196,0
17.0,58.01,196,0
17.12,58.05,196,0
17.24,58.07,196,0
17.36,58.1,196,0
17.48,58.11,196,0
17.61,58.13,196,0
17.73,58.12,196,0
17.85,58.09,196,0
17.97,58.11,196,0
18.1,58.06,196,0
18.22,58.04,196,0
18.34,58.01,196,0
18.46,57.97,196,0
18.58,57.94,196,0
18.71,57.88,196,0
18.83,57.83,196,0
18.95,57.77,196,0
19.07,57.7,196,0
19.19,57.65,196,0
19.32,57.58,196,0
19.44,57.5,196,0
19.56,57.42,196,0
19.68,57.33,196,0
19.81,57.26,196,0
19.93,57.18,196,0
20.05,57.08,196,0
20.17,56.98,196,0
20.29,56.9,196,0
20.42,56.79,196,0
20.54,56.71,196,0
20.66,56.61,196,0
20.78,56.51,196,0
20.91,56.4,196,0
21.03,56.29,196,0
21.15,56.18,196,0
21.27,56.06,196,0
21.39,55.96,196,0
21.52,55.85,196,0
21.64,55.74,196,0
21.76,55.62,196,0
21.88,55.49,196,0
22.01,55.39,196,0
22.13,55.26,196,0
22.25,55.14,196,0
22.37,55.02,196,0
22.5,54.89,196,0
22.62,54.78,196,0
22.74,54.65,196,0
22.86,54.54,196,0
22.98,54.41,196,0
23.11,54.29,196,0
23.23,54.18,196,0
23.35,54.03,196,0
23.47,53.92,196,0
23.6,53.8,196,0
23.72,53.65,196,0
23.84,53.52,196,0
23.96,53.39,196,0
24.08,53.27,196,0
24.21,53.15,196,0
24.33,53.02,196,0
24.45,52.88,196,0
24.57,52.75,196,0
24.69,52.63,196,0
24.82,52.5,196,0
24.94,52.38,196,0
25.06,52.25,196,0
25.18,52.11,196,0
25.31,51.99,196,0
25.43,51.87,196,0
25.55,51.74,196,0
25.67,51.59,196,0
25.79,51.45,196,0
25.92,51.33,196,0
26.04,51.2,196,0
26.16,51.06,196,0
26.28,50.95,196,0
26.4,50.81,196,0
26.53,50.68,196,0
26.65,50.56,196,0
26.77,50.42,196,0
26.89,50.3,196,0
27.02,50.17,196,0
27.14,50.06,196,0
27.26,49.93,196,0
27.38,49.81,196,0
27.5,49.68,196,0
27.63,49.55,196,0
27.75,49.43,196,0
27.87,49.29,196,0
27.99,49.17,196,0
28.12,49.05,196,0
28.24,48.93,196,0
28.36,48.8,196,0
28.48,48.68,196,0
28.6,48.55,196,0
28.73,48.43,196,0
28.85,48.3,198,0
28.97,48.2,198,0
29.09,48.07,195,0
29.22,47.95,160,0
29.34,47.83,131,0
29.46,47.71,114,0
29.59,47.59,114,0
29.71,47.47,114,0
29.83,47.36,114,0
29.95,47.24,114,0
30.07,47.13,114,0
30.2,47.02,114,0
30.32,46.92,114,0
30.44,46.81,114,0
30.56,46.72,114,0
30.69,46.6,114,0
30.81,46.5,114,0
30.93,46.4,107,0
31.05,46.31,97,0
31.18,46.21,82,0
31.3,46.12,76,0
31.42,46.03,67,0
31.55,45.94,67,0
31.67,45.86,67,0
31.79,45.76,67,0
31.91,45.68,67,0
32.04,45.59,67,0
32.16,45.52,67,0
32.28,45.44,67,0
32.4,45.37,67,0
32.52,45.29,67,0
32.65,45.21,67,0
32.77,45.15,67,0
32.89,45.07,67,0
33.01,45.01,67,0
33.13,44.93,67,0
33.26,44.87,67,0
33.38,44.8,67,0
33.5,44.75,67,0
33.62,44.68,67,0
33.75,44.62,67,0
33.87,44.56,67,0
33.99,44.5,67,0
34.11,44.45,67,0
34.23,44.39,67,0
34.36,44.33,67,0
34.48,44.27,67,0
34.6,44.22,67,0
34.72,44.16,67,0
34.85,44.12,67,0
34.97,44.05,67,0
35.09,44.01,67,0
35.21,43.95,67,0
35.33,43.91,67,0
35.46,43.85,67,0
35.58,43.81,67,0
35.7,43.75,67,0
35.82,43.71,67,0
35.94,43.66,67,0
36.07,43.6,67,0
36.19,43.58,67,0
36.31,43.52,67,0
36.43,43.48,67,0
36.56,43.42,67,0
36.68,43.38,67,0
36.8,43.34,67,0
36.92,43.29,67,0
37.04,43.25,67,0
37.17,43.21,67,0
37.29,43.16,67,0
37.41,43.12,67,0
37.53,43.07,67,0
37.65,43.03,67,0
37.78,42.99,67,0
37.9,42.95,67,0
38.02,42.91,67,0
38.14,42.87,67,0
38.27,42.83,67,0
38.39,42.79,74,0
38.51,42.74,130,0
38.63,42.71,159,0
38.76,42.67,159,0
38.88,42.62,159,0
39.0,42.58,159,0
39.12,42.53,159,0
39.25,42.49,159,0
39.37,42.43,159,0
39.49,42.38,159,0
39.61,42.35,159,0
39.74,42.28,159,0
39.86,42.24,159,0
39.98,42.18,159,0
40.1,42.12,159,0
40.22,42.06,159,0
40.35,42.02,159,0
40.47,41.95,159,0
40.59,41.89,159,0
40.71,41.84,161,1
40.84,41.75,161,1
40.96,41.71,161,1
41.08,41.64,161,1
41.2,41.6,161,1
41.32,41.55,161,1
41.45,41.51,161,1
41.57,41.49,161,0
41.69,41.47,161,0
41.81,41.48,161,0
41.94,41.48,161,0
42.06,41.49,161,0
42.18,41.5,161,0
42.3,41.5,161,0
42.42,41.49,161,0
42.55,41.5,161,0
42.67,41.48,161,0
42.79,41.48,161,0
42.91,41.46,161,0
43.04,41.43,161,0
43.16,41.42,161,0
43.28,41.39,161,0
43.4,41.36,161,0
